episode,seed,steps,return,success,final_distance,min_distance
0,5042,50,-4.679045081138611,1,0.01901378487317546,0.018840829182940257
1,5043,50,-4.38739287853241,1,0.025838579484111363,0.016955026419516597
2,5044,50,-3.0,1,0.014673797217508082,0.014673797217508082
3,5045,50,-11.95587158203125,1,0.016921733399298453,0.015578014150257963
4,5046,50,0.0,1,0.011343117214765814,0.011343117214761842
5,5047,50,-12.955179691314697,1,0.022175723638038086,0.022175723638038086
6,5048,50,-9.57546091079712,1,0.009316849988127868,0.009316849988127868
7,5049,50,-12.633677959442139,1,0.014339103989004577,0.014339103989004577
8,5050,50,-8.124744176864624,1,0.008405811384835211,0.008405811384835211
9,5051,50,-3.0,1,0.024794799571015765,0.02002583398973129
10,5052,50,-4.0,1,0.014073556064659447,0.013851916414109202
11,5053,50,0.0,1,0.025907306664443176,0.025907306664437114
12,5054,50,-3.0,1,0.013748023267971607,0.013748023267971607
13,5055,50,-7.078258156776428,1,0.00716174433553089,0.00716174433553089
14,5056,50,-4.083029389381409,1,0.014441423324196428,0.013952989687769939
15,5057,50,-6.0,1,0.010582170845040375,0.010255077365455735
16,5058,50,-4.0,1,0.029624206704780248,0.023752637917269545
17,5059,50,-3.0,1,0.013383677786407961,0.013383677786407961
18,5060,50,-4.661272168159485,1,0.018895607951372257,0.018895607951372257
19,5061,50,-9.432970523834229,1,0.013243454716354342,0.013243454716354342
20,5062,50,-50.83906173706055,0,0.057420438142593476,0.057107159418590014
21,5063,50,-9.665070533752441,1,0.017505768259070464,0.017505768259070464
22,5064,50,-6.179907917976379,1,0.02207263253350494,0.02207263253350494
23,5065,50,-11.01363742351532,1,0.01659766378112197,0.016461065315411316
24,5066,50,-4.0111894607543945,1,0.015860765398022482,0.015860765398022482
25,5067,50,-4.447224497795105,1,0.022531306321962576,0.022531306321962576
26,5068,50,-8.537194967269897,1,0.009671700933495021,0.009507184973400385
27,5069,50,-4.0,1,0.013777260423406755,0.013777260423406755
28,5070,50,-14.706521391868591,1,0.022588018017532338,0.015767554789082587
29,5071,50,0.0,1,0.023722062360047976,0.02195378218063093
30,5072,50,-4.0,1,0.02002757891388307,0.019602543212015232
31,5073,50,-48.06838500499725,1,0.06395637210164497,0.016384059893012066
32,5074,50,-10.308223605155945,1,0.007154950145969272,0.007154950145969272
33,5075,50,-4.086561679840088,1,0.02016562851137224,0.01984155015432493
34,5076,50,-4.32814621925354,1,0.02925523212503998,0.02925523212503998
35,5077,50,-9.40370762348175,1,0.04459499374647229,0.04459499374647229
36,5078,50,-6.6089876890182495,1,0.023201298515223318,0.022940716821253662
37,5079,50,-4.490707278251648,1,0.01368889296373167,0.01368889296373167
38,5080,50,-10.738316059112549,1,0.020874832916956514,0.020785147698189493
39,5081,50,-4.0,1,0.0011950551402681224,0.000692426282063763
40,5082,50,-3.0,1,0.030167945856502176,0.030167945856502176
41,5083,50,-3.0,1,0.010319514150138896,0.00999290891762307
42,5084,50,-4.42043399810791,1,0.027202038511178306,0.02648403286473199
43,5085,50,-4.0,1,0.016765945187709432,0.016765945187709432
44,5086,50,-4.266915202140808,1,0.014510820298768263,0.014397716970188539
45,5087,50,0.0,1,0.014176983637427363,0.01363150832346886
46,5088,50,-8.045230627059937,1,0.04075848449262419,0.04075848449262419
47,5089,50,-6.04185688495636,1,0.025174415176814312,0.025174415176814312
48,5090,50,0.0,1,0.018537506077496668,0.01818719624948973
49,5091,50,-5.0,1,0.03146347400514764,0.03146347400514764
50,5092,50,-7.0,1,0.0263538518059548,0.026083521222654074
51,5093,50,-7.156474947929382,1,0.021558222557198713,0.021215679287664695
52,5094,50,-4.835368514060974,1,0.012058040576494147,0.012058040576494147
53,5095,50,-4.522761702537537,1,0.014437902207238479,0.01402605802487753
54,5096,50,-6.895560145378113,1,0.020632138722372326,0.02029475496330692
55,5097,50,-13.53076422214508,1,0.010391336144387489,0.01003683674859401
56,5098,50,-5.704948902130127,1,0.01820728568985878,0.01804185385173588
57,5099,50,-4.91374671459198,1,0.028027952633096723,0.02677010949304718
58,5100,50,-3.0,1,0.020931587283882107,0.019413074659274925
59,5101,50,-12.33891475200653,1,0.022902786641435875,0.02283064325583671
60,5102,50,-11.005289316177368,1,0.018327711410694014,0.018327711410694014
61,5103,50,-4.0,1,0.01502738211055146,0.006393616546979939
62,5104,50,-4.0,1,0.026890395040293783,0.026890395040293783
63,5105,50,-5.0,1,0.0031001848037086168,0.0031001848037086168
64,5106,50,-9.791553974151611,1,0.015408946172933551,0.015282303827438289
65,5107,50,-5.34829843044281,1,0.002688963701465353,0.002688963701465353
66,5108,50,-4.0,1,0.01841544879578335,0.01837897455183979
67,5109,50,-4.902882933616638,1,0.019662808597121748,0.019180868008939558
68,5110,50,-6.771602153778076,1,0.011906225326383617,0.011581303829943752
69,5111,50,-11.235017895698547,1,0.02541444482068745,0.02541444482068745
70,5112,50,-9.438791632652283,1,0.01312560526599303,0.01312560526599303
71,5113,50,-4.0,1,0.019166071665693285,0.019166071665693285
72,5114,50,-51.84148669242859,0,0.1038533908644867,0.1038533908644867
73,5115,50,-3.0,1,0.023753215670725573,0.023753215670725573
74,5116,50,-6.680100321769714,1,0.019797461370853815,0.019797461370853815
75,5117,50,-4.445677280426025,1,0.018857514587593705,0.018621543957878097
76,5118,50,-7.768868088722229,1,0.020210914373405317,0.015738858173778274
77,5119,50,-5.323746204376221,1,0.022058025783917516,0.021637260718644184
78,5120,50,-5.3775739669799805,1,0.022580370757513197,0.022413383981692847
79,5121,50,-3.0,1,0.01881826752620995,0.01823943961777426
80,5122,50,0.0,1,0.017941101647461977,0.017941101647461974
81,5123,50,-4.567439436912537,1,0.004765487118154924,0.004589982279703016
82,5124,50,-9.738752722740173,1,0.021750182546828884,0.021101108742190896
83,5125,50,-9.572127103805542,1,0.014922665045652471,0.014922665045652471
84,5126,50,0.0,1,0.021082711462872838,0.021082711462872838
85,5127,50,-3.0,1,0.016852711262783076,0.01659447247560947
86,5128,50,-7.1807801723480225,1,0.009365241519518598,0.009365241519518598
87,5129,50,-7.1413140296936035,1,0.025845616482216303,0.025845616482216303
88,5130,50,-7.320985555648804,1,0.021484857749345037,0.021484857749345037
89,5131,50,-4.0,1,0.015914878922768255,0.015914878922768255
90,5132,50,-4.0,1,0.013109844234686552,0.013109844234686552
91,5133,50,-5.678513526916504,1,0.01752977931225605,0.01752977931225605
92,5134,50,-6.9842071533203125,1,0.008245170152433229,0.008245170152433229
93,5135,50,-4.041385054588318,1,0.010428249025492765,0.010257958144826038
94,5136,50,-3.0,1,0.006764160875222673,0.006764160875222673
95,5137,50,-4.035489201545715,1,0.009412768566357121,0.009412768566357121
96,5138,50,-4.0,1,0.018235915260002986,0.018235915260002986
97,5139,50,-4.0,1,0.017711246163432448,0.011417384704806332
98,5140,50,-4.0,1,0.02101408372529382,0.020544703096434996
99,5141,50,-4.046381115913391,1,0.019752683125144985,0.019339860287037807
100,5142,50,-6.976288318634033,1,0.011100957688098967,0.010886113487247615
101,5143,50,-6.9228538274765015,1,0.02026884684005833,0.02026884684005833
102,5144,50,-6.360075116157532,1,0.0064138086289979345,0.005942942738988694
103,5145,50,-4.426168441772461,1,0.03851630794635768,0.03851630794635768
104,5146,50,-7.969719052314758,1,0.016772034205254274,0.016772034205254274
105,5147,50,-9.228511571884155,1,0.018197765093913035,0.018197765093913035
106,5148,50,-7.520116567611694,1,0.02956272611533948,0.029339080994506047
107,5149,50,-4.304498791694641,1,0.006416838014981929,0.005974123042307652
108,5150,50,-12.351579189300537,1,0.025521842098884282,0.025322453738256968
109,5151,50,-8.0,1,0.014767874993924198,0.014482499681203076
110,5152,50,-4.685264945030212,1,0.025145725822889757,0.01531414674444999
111,5153,50,-9.276387214660645,1,0.034058241393016365,0.034058241393016365
112,5154,50,0.0,1,0.01903767761685372,0.016209206350142415
113,5155,50,-6.293249845504761,1,0.028419826804588814,0.028419826804588814
114,5156,50,-10.095322489738464,1,0.01685432003630629,0.016548922745742906
115,5157,50,-10.493469595909119,1,0.01800038706195588,0.017895634893430455
116,5158,50,-4.994715332984924,1,0.014104688292422458,0.014104688292422458
117,5159,50,-8.388320088386536,1,0.00957189044220337,0.00957189044220337
118,5160,50,-3.0,1,0.020324023557960324,0.020005239673649363
119,5161,50,-4.0,1,0.02106307323727363,0.02106307323727363
120,5162,50,-13.920762062072754,1,0.0026657319673421306,0.002578188846032232
121,5163,50,-4.70289158821106,1,0.023078446660739837,0.023078446660739837
122,5164,50,-13.173517227172852,1,0.02052524304080231,0.020303525817125544
123,5165,50,-3.0,1,0.020543680365864275,0.020543680365864275
124,5166,50,-8.503228783607483,1,0.03599539788406629,0.03599539788406629
125,5167,50,-8.273858308792114,1,0.007058134475556309,0.007058134475556309
126,5168,50,-8.209304094314575,1,0.007063550894561281,0.006761806075221212
127,5169,50,-4.0,1,0.027640941976637908,0.02242832395978711
128,5170,50,-3.0,1,0.005110893591247191,0.005110893591247191
129,5171,50,-3.0,1,0.015892033478168664,0.015574104005509801
130,5172,50,-4.036179423332214,1,0.01924629266550022,0.01924629266550022
131,5173,50,-3.0,1,0.014552385446516698,0.0070996126840752
132,5174,50,-9.772003293037415,1,0.011248669350978869,0.011192663732000448
133,5175,50,-6.0,1,0.02208131123594398,0.017392605157181627
134,5176,50,-3.0,1,0.02730139476520784,0.023284235348131697
135,5177,50,-10.647286295890808,1,0.01374791211977594,0.013508916938243213
136,5178,50,-8.121140360832214,1,0.021862828571615218,0.021862828571615218
137,5179,50,-3.0,1,0.025795289475750934,0.022797779460419287
138,5180,50,-10.180731654167175,1,0.02407825480420497,0.023865229252719816
139,5181,50,-8.828380703926086,1,0.02509985104236657,0.02476153550118975
140,5182,50,-3.0,1,0.018665466507023533,0.018261605548863753
141,5183,50,-4.0,1,0.016608031456604912,0.016608031456604912
142,5184,50,-4.0,1,0.004211780906657885,0.0037929343765164755
143,5185,50,-8.0,1,0.01929687727990731,0.005854347451928675
144,5186,50,0.0,1,0.01668854520569252,0.016688545205692518
145,5187,50,-4.414438605308533,1,0.02222261576401801,0.021482635352883556
146,5188,50,-4.255321264266968,1,0.02011264068967639,0.02011264068967639
147,5189,50,-4.721171259880066,1,0.02403386319362115,0.02403386319362115
148,5190,50,-6.238547325134277,1,0.0233656919682204,0.023162179532288347
149,5191,50,-6.856297135353088,1,0.01622682046661786,0.01622682046661786
150,5192,50,-3.0,1,0.018885716696757777,0.018822377297623052
151,5193,50,-13.740668535232544,1,0.004663635679744403,0.004663635679744403
152,5194,50,0.0,1,0.016206601704500112,0.016206601704500112
153,5195,50,-3.0,1,0.01972385045330687,0.01972385045330687
154,5196,50,-14.37890899181366,1,0.012003790658210325,0.011968702314199171
155,5197,50,-7.67732834815979,1,0.029842327069052328,0.028898529074662647
156,5198,50,-19.32087552547455,1,0.015353678311120198,0.015311909475869205
157,5199,50,-4.686734199523926,1,0.008981401960433575,0.008502079592518941
158,5200,50,-18.84897470474243,1,0.02464604136844671,0.02464604136844671
159,5201,50,0.0,1,0.00494787344229949,0.004947873442299486
160,5202,50,-8.835603833198547,1,0.030512374504308902,0.030369037168735763
161,5203,50,-8.026105165481567,1,0.01660933523156922,0.01660933523156922
162,5204,50,-7.160895228385925,1,0.014814687623905818,0.014814687623905818
163,5205,50,-7.331242084503174,1,0.021956233960775225,0.02178398155728926
164,5206,50,0.0,1,0.02093002759078254,0.02093002759078235
165,5207,50,-4.860788822174072,1,0.0026592536175634863,0.0026592536175634863
166,5208,50,-53.15417289733887,0,0.08607321585963872,0.07376689964582196
167,5209,50,-3.0,1,0.006583681931952083,0.006583681931952083
168,5210,50,-5.0,1,0.019104628440248468,0.019104628440248468
169,5211,50,-4.049722790718079,1,0.018148517810098137,0.018148517810098137
170,5212,50,-4.3981581926345825,1,0.021623685732814067,0.021623685732814067
171,5213,50,-52.53522992134094,0,0.12201793531258716,0.12201793531258716
172,5214,50,-3.0,1,0.02523455077860019,0.02523455077860019
173,5215,50,-4.0,1,0.009192127476383632,0.009192127476383632
174,5216,50,-4.0,1,0.029363159709337852,0.029363159709337852
175,5217,50,-4.5947219133377075,1,0.001962953809978884,0.001962953809978884
176,5218,50,-10.074992775917053,1,0.019270064748716127,0.019193004225589862
177,5219,50,-6.68129563331604,1,0.019527392944848277,0.019056344745952566
178,5220,50,-11.20710039138794,1,0.040024241287586075,0.04001750990148788
179,5221,50,-8.343079090118408,1,0.020389933208696108,0.02010495229312565
180,5222,50,-4.0,1,0.013728419230737986,0.013728419230737986
181,5223,50,-4.274545192718506,1,0.020226985864233604,0.019796846950948785
182,5224,50,-4.9739110469818115,1,0.014716174562883112,0.014415096547707536
183,5225,50,-6.787130117416382,1,0.024156185703167805,0.023888369775037024
184,5226,50,-4.406165599822998,1,0.03152346766861444,0.031216644321199243
185,5227,50,-9.64193069934845,1,0.026785534384047856,0.021073756742699526
186,5228,50,-8.094338178634644,1,0.02431131389217796,0.02372249426399632
187,5229,50,-3.0,1,0.023438484302906334,0.023438484302906334
188,5230,50,-3.0,1,0.013220935052186104,0.013220935052186104
189,5231,50,-3.0,1,0.00903404624638747,0.00743789085238844
190,5232,50,0.0,1,0.009674731357133358,0.009674731357133355
191,5233,50,-4.282972574234009,1,0.02146715287184021,0.019052946835051744
192,5234,50,-4.139254570007324,1,0.006798875825660641,0.006798875825660641
193,5235,50,-3.0,1,0.023036748826097162,0.022827563917494548
194,5236,50,-3.0,1,0.023966855733726596,0.023966855733726596
195,5237,50,-6.176046013832092,1,0.020068075454534443,0.020068075454534443
196,5238,50,-6.866398334503174,1,0.01956262859368101,0.01956262859368101
197,5239,50,-6.0,1,0.010027565981255282,0.009741058349890967
198,5240,50,-5.488540053367615,1,0.02793100596975076,0.02768690233218494
199,5241,50,-5.000748991966248,1,0.017109216919973365,0.01673516131787522
200,5242,50,-7.315011501312256,1,0.016625363256083325,0.014635824681723829
201,5243,50,-6.130422234535217,1,0.023752142270824336,0.010435609289061669
202,5244,50,-13.95944893360138,1,0.012464758259889616,0.012464758259889616
203,5245,50,-4.089545726776123,1,0.006608595469038968,0.006538413930478328
204,5246,50,0.0,1,0.024088632570608188,0.02403691537815275
205,5247,50,-4.0,1,0.020611396991792114,0.02027433540103924
206,5248,50,-16.25886046886444,1,0.03347656889717681,0.03347656889717681
207,5249,50,-6.574252247810364,1,0.01014293217519969,0.01014293217519969
208,5250,50,-3.0,1,0.011205222901874977,0.0106305874630108
209,5251,50,-6.135879039764404,1,0.009225056507196811,0.00801271502511016
210,5252,50,-4.0,1,0.021194380608035083,0.021194380608035083
211,5253,50,-8.933191776275635,1,0.019910270185808158,0.019910270185808158
212,5254,50,-6.373483180999756,1,0.007650423959852433,0.007511919223985606
213,5255,50,-6.301583766937256,1,0.023288672693550748,0.023254896660036817
214,5256,50,-5.0,1,0.015354192952272984,0.015354192952272984
215,5257,50,-4.0,1,0.012907084744268906,0.012870372973035851
216,5258,50,-11.134800672531128,1,0.025267619826494486,0.0207769372334321
217,5259,50,-4.521003246307373,1,0.02905811988418807,0.015741321358655032
218,5260,50,-4.0,1,0.020366655924088067,0.01933243000561781
219,5261,50,-4.0,1,0.012002536713351313,0.012002536713351313
220,5262,50,-4.565550804138184,1,0.010128969551080802,0.009575486426097714
221,5263,50,-51.48991787433624,0,0.0767828598722174,0.0767828598722174
222,5264,50,-4.0,1,0.014853709984636974,0.014853709984636974
223,5265,50,-7.845040321350098,1,0.01587305089650494,0.01587305089650494
224,5266,50,0.0,1,0.014094324338211792,0.014094324338211789
225,5267,50,-4.457433104515076,1,0.018371950874442048,0.018371950874442048
226,5268,50,-4.750513672828674,1,0.013620247747365278,0.013620247747365278
227,5269,50,-12.0,1,0.026734078393835032,0.02666766729525502
228,5270,50,-4.123249292373657,1,0.026897360959198296,0.026742808756982296
229,5271,50,-11.572293519973755,1,0.009657418471682194,0.009657418471682194
230,5272,50,-7.672324895858765,1,0.018234160157814643,0.018234160157814643
231,5273,50,-9.791483879089355,1,0.017141933293353756,0.017141933293353756
232,5274,50,-4.0,1,0.02199458651440559,0.021949803595447154
233,5275,50,-4.832458972930908,1,0.028662849760127746,0.028662849760127746
234,5276,50,-4.736254453659058,1,0.014571351541099859,0.014519422631973748
235,5277,50,-9.493661761283875,1,0.009353639542367525,0.009353639542367525
236,5278,50,-5.0,1,0.015672737137893814,0.015672737137893814
237,5279,50,-6.564494729042053,1,0.017778834245607486,0.017773007236807997
238,5280,50,-4.509698152542114,1,0.0024324555967642427,0.002210394863143357
239,5281,50,-3.0,1,0.014495952036446352,0.012505999410903806
240,5282,50,0.0,1,0.008045270184192474,0.008045270184192474
241,5283,50,-8.31729257106781,1,0.01950345320505141,0.01950345320505141
242,5284,50,-4.173324346542358,1,0.02479326365045333,0.02479326365045333
243,5285,50,-3.0,1,0.028974775408563243,0.027708657891727773
244,5286,50,-3.0,1,0.014813376238933106,0.009358385953604635
245,5287,50,-4.4094626903533936,1,0.01949245312049151,0.019036236520668298
246,5288,50,-6.5707937479019165,1,0.01922625176889257,0.01922625176889257
247,5289,50,0.0,1,0.01299116908452416,0.01299116908452416
248,5290,50,-4.0,1,0.019928401348602114,0.019484670667234093
249,5291,50,-13.637348175048828,1,0.009837508275632291,0.009428269112279775
250,5292,50,-8.510452270507812,1,0.008696364331000619,0.008428680646556769
251,5293,50,-9.40439784526825,1,0.009876996921371124,0.009506012219260163
252,5294,50,-11.205463647842407,1,0.018620498324030337,0.018620498324030337
253,5295,50,0.0,1,0.005766628820936501,0.005766628820936501
254,5296,50,-3.0,1,0.009850485379165188,0.009287901257014746
255,5297,50,-4.423956036567688,1,0.019256171479159586,0.01899411391289606
256,5298,50,-4.0,1,0.010902452227185534,0.01052182437875457
257,5299,50,-4.858092308044434,1,0.013207816072389718,0.012896780152196509
258,5300,50,-8.909367084503174,1,0.0443940755314615,0.0443940755314615
259,5301,50,-4.488816738128662,1,0.020920444679671187,0.020844045387100326
260,5302,50,-8.184722661972046,1,0.00480385480782934,0.00480385480782934
261,5303,50,-4.533468008041382,1,0.008610493975571083,0.008067407076099882
262,5304,50,-7.256957292556763,1,0.03257645201970129,0.032379278715841744
263,5305,50,-11.107598900794983,1,0.011195778860990203,0.011195778860990203
264,5306,50,-3.0,1,0.006724523722629695,0.006724523722629695
265,5307,50,-3.0,1,0.017790476490954936,0.017790476490954936
266,5308,50,-4.60982882976532,1,0.011680663801400176,0.011680663801400176
267,5309,50,-9.733367562294006,1,0.03159092236763055,0.031174119779484106
268,5310,50,-16.284362196922302,1,0.012033389998611883,0.012032280852799363
269,5311,50,-4.0,1,0.017236045095995706,0.017236045095995706
270,5312,50,-5.458848714828491,1,0.026449115619864485,0.02615636377167489
271,5313,50,-10.32879090309143,1,0.006946449020866239,0.006946449020866239
272,5314,50,0.0,1,0.02208922041686653,0.016368985912013398
273,5315,50,-5.110762119293213,1,0.008985061619436407,0.008568431746824177
274,5316,50,-4.764684438705444,1,0.010654430027832892,0.010654430027832892
275,5317,50,-4.100092172622681,1,0.004470790779475657,0.004465734565410208
276,5318,50,-17.238416075706482,1,0.011463388699465673,0.011398219295815012
277,5319,50,-8.316118359565735,1,0.01827727072473619,0.01827727072473619
278,5320,50,-4.171535491943359,1,0.01832754662989292,0.013561856271627069
279,5321,50,-4.282598853111267,1,0.008553783132558203,0.007992033076095776
280,5322,50,-7.532387852668762,1,0.02416908610975479,0.023850091350057338
281,5323,50,-8.20945692062378,1,0.022653941509317693,0.022653941509317693
282,5324,50,-9.2667977809906,1,0.01408221367268794,0.014049653344236924
283,5325,50,-12.105765342712402,1,0.01716408168594456,0.01699165522854581
284,5326,50,-17.119662046432495,1,0.01150270756252092,0.01150270756252092
285,5327,50,-4.051846742630005,1,0.02905784592598687,0.02905784592598687
286,5328,50,-9.567715048789978,1,0.019813356707426927,0.019799497216322976
287,5329,50,-6.092460036277771,1,0.01832728522812197,0.01832728522812197
288,5330,50,-4.0,1,0.009193393452113978,0.008781292289316841
289,5331,50,-3.0,1,0.01788266312337074,0.01788266312337074
290,5332,50,-12.339614272117615,1,0.02908426914766037,0.027779099391663342
291,5333,50,0.0,1,0.019044615504468405,0.0190355898875753
292,5334,50,-4.760044574737549,1,0.013610283705429238,0.013610283705429238
293,5335,50,-3.0,1,0.022180801406302134,0.021947248174671405
294,5336,50,-4.029102325439453,1,0.014865264258459476,0.014308601124631268
295,5337,50,-8.846898317337036,1,0.01284265119472898,0.012611063462140496
296,5338,50,-3.0,1,0.03082958194092656,0.02746549345544422
297,5339,50,-8.351770877838135,1,0.016784238118980697,0.016285622760722956
298,5340,50,-7.602506399154663,1,0.022380202311482102,0.022380202311482102
299,5341,50,-16.299246788024902,1,0.03222900043573336,0.031930134318369156
300,5342,50,-6.100244045257568,1,0.022650694274670053,0.022334948982901254
301,5343,50,-4.385849714279175,1,0.024072197124190564,0.02384904192932089
302,5344,50,-9.788687109947205,1,0.025682727283213056,0.025682727283213056
303,5345,50,-3.0,1,0.02066160461577697,0.02066160461577697
304,5346,50,-3.0,1,0.02106559497877249,0.020938378865754493
305,5347,50,0.0,1,0.005664725301144416,0.005448900965642626
306,5348,50,-6.9393086433410645,1,0.00993574073398719,0.00992088370378024
307,5349,50,-5.642868518829346,1,0.010266270011942871,0.010266270011942871
308,5350,50,0.0,1,0.012337974038715425,0.012337974038715425
309,5351,50,-5.0,1,0.01786919729881524,0.015087188370117991
310,5352,50,-4.453997850418091,1,0.020688122998512293,0.020688122998512293
311,5353,50,-4.081834554672241,1,0.01799718499744127,0.01799718499744127
312,5354,50,-5.907322287559509,1,0.029397945317465653,0.02892816124709029
313,5355,50,-14.940366744995117,1,0.02007574429214671,0.019834036936435234
314,5356,50,-4.0,1,0.019736585780722668,0.01966133295674987
315,5357,50,-5.0,1,0.016502611916596507,0.01646201542609339
316,5358,50,-9.218834400177002,1,0.01876422655541781,0.018697846807731063
317,5359,50,-50.88265573978424,0,0.09700865800577556,0.06880843922564732
318,5360,50,-4.0,1,0.004856756404570294,0.004856756404570294
319,5361,50,-5.161516427993774,1,0.004586346390379846,0.004586346390379846
320,5362,50,-8.981582999229431,1,0.01415359082089773,0.013971349325412809
321,5363,50,-4.215075612068176,1,0.010209878899573003,0.009716197633702725
322,5364,50,-5.447818040847778,1,0.0190600349650412,0.0190600349650412
323,5365,50,-4.0,1,0.017331053557147744,0.015658480010166738
324,5366,50,-14.306514739990234,1,0.008574228557068301,0.008560210691300816
325,5367,50,-11.073018789291382,1,0.0181922295559194,0.0181922295559194
326,5368,50,-4.952646851539612,1,0.03084925958694321,0.030780697479430748
327,5369,50,-22.0,1,0.042937011547093944,0.042937011547093944
328,5370,50,-5.438095808029175,1,0.019494893821150737,0.012550278484194167
329,5371,50,-4.0,1,0.02657083687451296,0.010804662295419083
330,5372,50,-9.06794261932373,1,0.006103700235408664,0.00598219956112985
331,5373,50,-7.182480454444885,1,0.0193412558456722,0.0193412558456722
332,5374,50,-5.35855233669281,1,0.019570415396396687,0.019570415396396687
333,5375,50,-6.221787691116333,1,0.010623961727809312,0.010623961727809312
334,5376,50,-3.0,1,0.025783168972149596,0.015676037656776484
335,5377,50,0.0,1,0.018856020730311052,0.018856020730311052
336,5378,50,-4.035480618476868,1,0.018954629900201567,0.018954629900201567
337,5379,50,-6.894054889678955,1,0.018935787976119223,0.018935787976119223
338,5380,50,-12.048867225646973,1,0.017963285107316377,0.01562807731682854
339,5381,50,-4.496909499168396,1,0.04298359564251178,0.0411826759204467
340,5382,50,-3.0,1,0.02328762738077319,0.02328762738077319
341,5383,50,-11.660355567932129,1,0.01604632334868119,0.015611244085953801
342,5384,50,-3.0,1,0.018319544733761926,0.018251770917942892
343,5385,50,-5.346574425697327,1,0.013876324311418482,0.013876324311418482
344,5386,50,-18.426153421401978,1,0.004856286759270873,0.004856286759270873
345,5387,50,-4.0,1,0.008680357152132584,0.008609683217824807
346,5388,50,-50.373740434646606,0,0.07969404431068018,0.05140989979883769
347,5389,50,-3.0,1,0.03189379024879237,0.03189376780946678
348,5390,50,-7.939520239830017,1,0.022422057339937816,0.01803057863990657
349,5391,50,-7.847742438316345,1,0.014192339813464605,0.014192339813464605
350,5392,50,0.0,1,0.014766247083234079,0.014542378342999561
351,5393,50,-4.056666851043701,1,0.008165485917923395,0.008164870425454503
352,5394,50,-4.263917446136475,1,0.01783717434163011,0.017396246810193174
353,5395,50,-7.03400194644928,1,0.01700809074990688,0.01700809074990688
354,5396,50,0.0,1,0.01675289959970624,0.016354312427766825
355,5397,50,-4.171679615974426,1,0.01621390483924069,0.015734414520034583
356,5398,50,-8.45645785331726,1,0.00540709223317494,0.00540709223317494
357,5399,50,-4.0,1,0.0181762560620725,0.017683826174278158
358,5400,50,-4.5059654712677,1,0.023057852270636486,0.023057852270636486
359,5401,50,-13.48149824142456,1,0.01276836728187847,0.012469393392239807
360,5402,50,-7.930626749992371,1,0.015931381205416935,0.015931381205416935
361,5403,50,-4.392815589904785,1,0.0023642000689714925,0.0023642000689714925
362,5404,50,-3.0,1,0.020042391786520404,0.020042391786520404
363,5405,50,-4.661725997924805,1,0.03312168894339931,0.03312168894339931
364,5406,50,-6.574747204780579,1,0.010934555275039216,0.010463082816235168
365,5407,50,-4.734618782997131,1,0.021437306239944862,0.021437306239944862
366,5408,50,-8.154445767402649,1,0.029116784142410715,0.029116784142410715
367,5409,50,-11.882526278495789,1,0.022812777810746487,0.021647954625792006
368,5410,50,-9.409560322761536,1,0.03331823305494942,0.03306286458738908
369,5411,50,-5.0,1,0.015054943108482823,0.014946232980092788
370,5412,50,-4.0,1,0.013604358631564669,0.01358924978971221
371,5413,50,-3.0,1,0.03331206162718006,0.030228440455480638
372,5414,50,-4.0,1,0.02629400489722014,0.02629400489722014
373,5415,50,-3.0,1,0.004937972641347418,0.004486752847693963
374,5416,50,0.0,1,0.018407044524589227,0.01611866733136831
375,5417,50,-6.0,1,0.011701514606506279,0.011701514606506279
376,5418,50,-4.0,1,0.029195150011642298,0.029029713220318224
377,5419,50,-4.0,1,0.015301553728165784,0.010366190975759323
378,5420,50,-6.268133640289307,1,0.018287015390114965,0.018287015390114965
379,5421,50,-3.0,1,0.008496824198081343,0.008028019597403277
380,5422,50,-4.0,1,0.007666479842052943,0.007328121775945631
381,5423,50,-7.175124287605286,1,0.012852688395383017,0.012665816901992453
382,5424,50,-12.207996010780334,1,0.029964025565960766,0.029964025565960766
383,5425,50,-5.808458209037781,1,0.012085045696190724,0.012085045696190724
384,5426,50,-4.0,1,0.015261138667334768,0.015261138667334768
385,5427,50,-8.036762714385986,1,0.02773059862484778,0.027309203674086843
386,5428,50,-3.0,1,0.015617751381388843,0.015617751381388843
387,5429,50,-4.0,1,0.01978397452014494,0.019720392107543654
388,5430,50,-16.357032775878906,1,0.02155928137097299,0.01845355471303329
389,5431,50,-3.0,1,0.01665466973745541,0.01665466973745541
390,5432,50,-4.0,1,0.017948630227140158,0.0178564088871938
391,5433,50,-10.60052752494812,1,0.0023736684249437826,0.0019200363001972529
392,5434,50,0.0,1,0.017815969864564376,0.017815969864564372
393,5435,50,-9.779150366783142,1,0.00977028194524626,0.009740136211118171
394,5436,50,0.0,1,0.024179635508286813,0.02417963550828681
395,5437,50,0.0,1,0.022824250323911145,0.022824250323911145
396,5438,50,-14.463295698165894,1,0.006486511623084949,0.006344430976424538
397,5439,50,-7.0,1,0.013596301723480853,0.013250255339582451
398,5440,50,-8.906069278717041,1,0.024170155100240617,0.021143777418141708
399,5441,50,-4.64821994304657,1,0.028876964941341315,0.02875963285110894
400,5442,50,-6.034022688865662,1,0.03403151751891937,0.03359202483075485
401,5443,50,0.0,1,0.018746411094392273,0.01874641109439227
402,5444,50,-4.186811208724976,1,0.003293191143336439,0.003293191143336439
403,5445,50,0.0,1,0.01894768065298846,0.01894768065298846
404,5446,50,-4.0,1,0.030992103878474488,0.030665238743120885
405,5447,50,-6.361235737800598,1,0.021521883926397214,0.021521883926397214
406,5448,50,-4.1478941440582275,1,0.00675063724530374,0.00675063724530374
407,5449,50,-3.0,1,0.027853707488300822,0.027853707488300822
408,5450,50,-3.0,1,0.003972116008234257,0.003972116008234257
409,5451,50,-7.0,1,0.023162576705547243,0.022795959575135687
410,5452,50,-7.686826467514038,1,0.014972993936265222,0.014758808269972064
411,5453,50,-6.204605340957642,1,0.007684603342704544,0.006302757175887035
412,5454,50,-4.280734300613403,1,0.026488063452885985,0.0262426098940375
413,5455,50,-3.0,1,0.013823822706694086,0.013823822706694086
414,5456,50,0.0,1,0.012601836002798007,0.012601836002798007
415,5457,50,-11.976948022842407,1,0.011722546476312462,0.011722546476312462
416,5458,50,-18.994593501091003,1,0.03219686051026919,0.03219686051026919
417,5459,50,0.0,1,0.02269875103136264,0.022594791022218664
418,5460,50,-6.764561414718628,1,0.03413342955219964,0.0339117830310593
419,5461,50,-55.18215572834015,0,0.11162901846114857,0.11161140694705468
420,5462,50,-4.061081767082214,1,0.027369745307773728,0.027369745307773728
421,5463,50,-4.404385566711426,1,0.021628474429659022,0.021552180258330365
422,5464,50,-9.545061707496643,1,0.02486652399315937,0.02464881728009615
423,5465,50,-4.2184566259384155,1,0.03107703582281111,0.030960991357795203
424,5466,50,-17.234720587730408,1,0.007158708853948776,0.007158708853948776
425,5467,50,-4.406489968299866,1,0.008377790970821263,0.008092555736748441
426,5468,50,-13.061766743659973,1,0.007749259909217382,0.007749259909217382
427,5469,50,-6.612935781478882,1,0.01312370494554412,0.00896784224664184
428,5470,50,-5.068570494651794,1,0.006308646478811128,0.004889653908108081
429,5471,50,-4.0,1,0.015704240819484707,0.015317018456364193
430,5472,50,-5.853930115699768,1,0.03166099228361734,0.03166099228361734
431,5473,50,-3.0,1,0.014552607428850195,0.014416714498317799
432,5474,50,-10.605783104896545,1,0.01655902601475012,0.01647313913693774
433,5475,50,-5.905572056770325,1,0.008369411859609283,0.008369411859609283
434,5476,50,-4.0,1,0.022374234711190388,0.022090764005328535
435,5477,50,-6.8007283210754395,1,0.01799914133083671,0.01799914133083671
436,5478,50,-4.831191420555115,1,0.023300059001615397,0.023300059001615397
437,5479,50,-5.0,1,0.019022616080182887,0.018832918332159505
438,5480,50,-6.721590280532837,1,0.007238440495456526,0.007073930792837113
439,5481,50,-4.0,1,0.012798454858040586,0.012798454858040586
440,5482,50,-5.008943319320679,1,0.008961894272497545,0.008961894272497545
441,5483,50,-3.0,1,0.03226924669353385,0.03226924669353385
442,5484,50,-6.894772887229919,1,0.025528876831919265,0.025528876831919265
443,5485,50,-3.0,1,0.026957600872279743,0.014570673829121304
444,5486,50,-6.699644446372986,1,0.020863411732867203,0.020863411732867203
445,5487,50,-5.5984450578689575,1,0.02806553821930157,0.028035856379745885
446,5488,50,-4.104029417037964,1,0.020243241650377816,0.019756142403566053
447,5489,50,-5.0,1,0.007109439046811191,0.006864041528126294
448,5490,50,-11.003753304481506,1,0.024154458998947782,0.023717711783986375
449,5491,50,-6.713959574699402,1,0.02338900847806115,0.008392069380143547
450,5492,50,0.0,1,0.022015550490538525,0.02183810674059825
451,5493,50,-11.143308520317078,1,0.027808915247176602,0.027784475037368604
452,5494,50,-3.0,1,0.018570365724152937,0.018570365724152937
453,5495,50,-4.584491968154907,1,0.012110150819317714,0.012110150819317714
454,5496,50,-10.159022450447083,1,0.019425341518123265,0.019334387282585186
455,5497,50,-3.0,1,0.025638321921270465,0.025204564993644814
456,5498,50,-7.0,1,0.016967690034122653,0.016967690034122653
457,5499,50,-3.0,1,0.024992605555870292,0.024992605555870292
458,5500,50,0.0,1,0.020832801544660308,0.020832801544659798
459,5501,50,-4.7045851945877075,1,0.017905538129429847,0.01764670668174784
460,5502,50,-4.0,1,0.023721717926094683,0.023721717926094683
461,5503,50,-5.382756948471069,1,0.014664685399358576,0.010008009355590862
462,5504,50,-3.0,1,0.02562727902626876,0.02562727902626876
463,5505,50,-6.407815217971802,1,0.02551100698872245,0.025289600762263338
464,5506,50,-4.623334527015686,1,0.022776389292209168,0.022776389292209168
465,5507,50,-6.787286996841431,1,0.025164996829384764,0.018398349806067162
466,5508,50,-5.0,1,0.005973079996332477,0.005973079996332477
467,5509,50,-4.0,1,0.006103767342573266,0.005762512742163958
468,5510,50,-9.203129410743713,1,0.01894211330399181,0.01894211330399181
469,5511,50,-4.945950388908386,1,0.01275068424141877,0.01275068424141877
470,5512,50,-3.0,1,0.020830793062773877,0.020830793062773877
471,5513,50,-9.0,1,0.02188028802451803,0.021567043190412315
472,5514,50,0.0,1,0.013946610331170724,0.013946610331170724
473,5515,50,-7.986132860183716,1,0.03939914999146462,0.03939914999146462
474,5516,50,-18.97308611869812,1,0.024270495682593252,0.024270495682593252
475,5517,50,-5.701187252998352,1,0.015039774484785795,0.014417247529397199
476,5518,50,-12.822634935379028,1,0.024950305801230886,0.024863191822931566
477,5519,50,0.0,1,0.024507970022897903,0.024507970022897903
478,5520,50,-9.252002239227295,1,0.03441788581237845,0.034252450602076975
479,5521,50,-5.117654204368591,1,0.020932729814876695,0.020442442961889726
480,5522,50,-8.230658054351807,1,0.0191549505794693,0.0191549505794693
481,5523,50,-4.099543571472168,1,0.0171432491681301,0.012769560267780262
482,5524,50,-4.5072609186172485,1,0.00949680088821878,0.009134759810114
483,5525,50,-18.480751633644104,1,0.036021013578465114,0.035783467868099626
484,5526,50,-8.386773228645325,1,0.020692796794182605,0.020692796794182605
485,5527,50,-9.766129612922668,1,0.01347270381683911,0.01347270381683911
486,5528,50,-4.251735687255859,1,0.019902457205133273,0.019902457205133273
487,5529,50,-3.0,1,0.01939243188879624,0.01939243188879624
488,5530,50,-10.585716485977173,1,0.011541123509436412,0.011541123509436412
489,5531,50,-4.0,1,0.010281230890714933,0.009723443898508877
490,5532,50,-9.317586779594421,1,0.04344354852096684,0.04034184055173153
491,5533,50,-6.497156381607056,1,0.025520852450706944,0.025520852450706944
492,5534,50,-6.814410448074341,1,0.019260240381240443,0.019218246489598606
493,5535,50,-11.07684862613678,1,0.015110678977746626,0.014773755116993895
494,5536,50,-9.469260573387146,1,0.012068969400652005,0.011734598270825777
495,5537,50,-4.031118631362915,1,0.018713389061824078,0.018713389061824078
496,5538,50,-10.0,1,0.024041377863409673,0.02388349212166329
497,5539,50,-5.0,1,0.021675638394613412,0.012593444730272867
498,5540,50,-11.156827330589294,1,0.024471758660740837,0.009904043752347417
499,5541,50,-8.164162993431091,1,0.015032810774145346,0.014370360572171583
500,5542,50,-6.544288873672485,1,0.023841834830427077,0.023345308143664763
501,5543,50,0.0,1,0.012694833807521472,0.011722022252352318
502,5544,50,0.0,1,0.020099185433001633,0.020099185433001633
503,5545,50,-4.224614262580872,1,0.01296333509815244,0.01296333509815244
504,5546,50,-6.096555233001709,1,0.012967891227953988,0.010146418467047696
505,5547,50,-14.930895447731018,1,0.03058034892824415,0.030568457567478884
506,5548,50,-4.4246604442596436,1,0.0028235548712134224,0.002419986605797228
507,5549,50,-4.049119472503662,1,0.01075832238488188,0.010494230814084545
508,5550,50,0.0,1,0.005895986277837361,0.005153876214208852
509,5551,50,0.0,1,0.010698978697305482,0.010698978697305482
510,5552,50,-3.0,1,0.008631423111903066,0.006036287529642722
511,5553,50,-4.006910800933838,1,0.0036586598888645122,0.003147658492889823
512,5554,50,-4.09399676322937,1,0.021896449408691378,0.021726996167508093
513,5555,50,-13.53243613243103,1,0.0060069876990798896,0.005721377527332854
514,5556,50,-4.0,1,0.011397112062532935,0.011274932217563016
515,5557,50,-3.0,1,0.023944248794842356,0.023573054704410665
516,5558,50,-4.226981043815613,1,0.0269062327067518,0.0269062327067518
517,5559,50,0.0,1,0.01733436218250222,0.017334362182500684
518,5560,50,-6.2935551404953,1,0.013046129323175235,0.01256365042873984
519,5561,50,-10.691092610359192,1,0.03736211960688461,0.03736211960688461
520,5562,50,-4.258411288261414,1,0.027409857214221435,0.027382374466161045
521,5563,50,-11.083712220191956,1,0.016213620986649233,0.01589386154949801
522,5564,50,-6.577463626861572,1,0.01318046071118209,0.01318046071118209
523,5565,50,-5.411479115486145,1,0.026723412275405485,0.02655207809446472
524,5566,50,-3.0,1,0.01992501763922633,0.01992501763922633
525,5567,50,-8.077356696128845,1,0.022320417269379188,0.019984116594608862
526,5568,50,0.0,1,0.019739629346716046,0.019739629346716046
527,5569,50,-4.937061190605164,1,0.01658696582068557,0.01658696582068557
528,5570,50,0.0,1,0.02444713498550859,0.02022611605025041
529,5571,50,-4.0,1,0.02736388476851611,0.027141420720795714
530,5572,50,-4.269735217094421,1,0.011034682629236233,0.011034682629236233
531,5573,50,-6.378192663192749,1,0.022307597173818177,0.02178744510052833
532,5574,50,-4.880172967910767,1,0.00850061034429423,0.00850061034429423
533,5575,50,0.0,1,0.014297469684365556,0.014297469684365556
534,5576,50,-3.0,1,0.022663025425039035,0.022663025425039035
535,5577,50,-4.290723562240601,1,0.015668248900953655,0.015449866693609345
536,5578,50,-8.118440747261047,1,0.018016039076334322,0.018016039076334322
537,5579,50,-3.0,1,0.00515298992952896,0.004665610015973662
538,5580,50,-4.464328050613403,1,0.012037729393562426,0.01190176983017244
539,5581,50,-3.0,1,0.01635992750235843,0.01635992750235843
540,5582,50,-13.536195755004883,1,0.010494390945695226,0.01022016845673955
541,5583,50,-4.0,1,0.01952392401044744,0.01952392401044744
542,5584,50,-12.591577172279358,1,0.005343641654551243,0.005343641654551243
543,5585,50,-4.418009877204895,1,0.00856316997154638,0.00809216721394735
544,5586,50,-3.0,1,0.014262978709496154,0.014090688355448482
545,5587,50,-6.97629714012146,1,0.01668780655024479,0.014587540438754291
546,5588,50,-9.0,1,0.011491517608386355,0.011491517608386355
547,5589,50,-4.3761574029922485,1,0.019915463403936334,0.019915463403936334
548,5590,50,-8.98646879196167,1,0.01712412532346819,0.016713269749959105
549,5591,50,-4.718877553939819,1,0.034196703992477,0.034196703992477
550,5592,50,-4.889369368553162,1,0.02605993326730726,0.02605993326730726
551,5593,50,-4.0,1,0.012854916090142181,0.012736114556395254
552,5594,50,-4.988889694213867,1,0.00270598982282412,0.00270598982282412
553,5595,50,-7.499338865280151,1,0.014038832215543789,0.01386893064625118
554,5596,50,-3.0,1,0.00504765798315397,0.00504765798315397
555,5597,50,-3.0,1,0.017381361574336392,0.016832826548878743
556,5598,50,-4.621396541595459,1,0.02120268089637618,0.020831173859850574
557,5599,50,-4.0,1,0.04385585581187911,0.04374336874766286
558,5600,50,-4.295979857444763,1,0.0050780942241887075,0.005035817555913682
559,5601,50,-4.0,1,0.01928249310362724,0.018974837787241603
560,5602,50,-4.8054691553115845,1,0.021399235141119077,0.021399235141119077
561,5603,50,-4.396744608879089,1,0.014334317399408639,0.014143674773077994
562,5604,50,-4.0,1,0.04837076432707883,0.04837076432707883
563,5605,50,-4.127981424331665,1,0.014979980991991805,0.014807770328864586
564,5606,50,-7.0,1,0.0357231298093113,0.0357231298093113
565,5607,50,-4.0,1,0.021911436944170998,0.017606662853961313
566,5608,50,-51.97875440120697,0,0.07689707313158392,0.07653863293754114
567,5609,50,-4.525681972503662,1,0.023174998826214814,0.023174998826214814
568,5610,50,-6.173688173294067,1,0.020661753883377362,0.020661753883377362
569,5611,50,-8.16184139251709,1,0.015521572069526203,0.015521572069526203
570,5612,50,0.0,1,0.022899123980497246,0.022899123980497246
571,5613,50,-8.13579773902893,1,0.011165572093947624,0.010779133173726554
572,5614,50,-6.0,1,0.014766715896830842,0.014766715896830842
573,5615,50,-7.037040591239929,1,0.021217684544457605,0.02110956561919552
574,5616,50,-3.0,1,0.018714389829488545,0.018714389829488545
575,5617,50,-4.3741230964660645,1,0.018811627805053042,0.018621925005090214
576,5618,50,-9.449029326438904,1,0.01836239952898185,0.01836239952898185
577,5619,50,-7.119771599769592,1,0.021637264143742372,0.021426444454540085
578,5620,50,-6.807334780693054,1,0.02572988068821691,0.02572988068821691
579,5621,50,-3.0,1,0.009146148530183628,0.008824393207321304
580,5622,50,-4.0,1,0.0180836385117845,0.0180836385117845
581,5623,50,-4.0,1,0.025532490401639407,0.025532490401639407
582,5624,50,-4.8333024978637695,1,0.013886513733235597,0.013886513733235597
583,5625,50,-4.0,1,0.01469343108761868,0.01469343108761868
584,5626,50,-4.302941203117371,1,0.01785366120837358,0.01754225348327056
585,5627,50,-8.5601167678833,1,0.008956189509675173,0.008756149665782075
586,5628,50,-17.412922978401184,1,0.02403157228681716,0.023723761024694832
587,5629,50,-4.0,1,0.007403914560241575,0.006961574587233074
588,5630,50,-9.703330993652344,1,0.025035922966450647,0.024945663182156474
589,5631,50,-4.0,1,0.014759640458616441,0.012983809275432733
590,5632,50,-4.466948866844177,1,0.004654169897513176,0.004654169897513176
591,5633,50,-3.0,1,0.005524945518603559,0.005524945518603559
592,5634,50,-4.011867880821228,1,0.025990637656677175,0.025990637656677175
593,5635,50,-14.91440749168396,1,0.021063094986395983,0.019349874915567233
594,5636,50,-8.0,1,0.011615362141493136,0.011615305054800587
595,5637,50,-3.0,1,0.026228269075188458,0.026001342502928414
596,5638,50,0.0,1,0.016577457438812133,0.01657745743881213
597,5639,50,-4.03191864490509,1,0.025567692998985782,0.025567692998985782
598,5640,50,-28.407466888427734,1,0.004644460035409375,0.004644460035409375
599,5641,50,-12.31313145160675,1,0.006213065445048534,0.006213065445048534
600,5642,50,-6.0,1,0.008198292756180066,0.008198292756180066
601,5643,50,-8.102346062660217,1,0.010317273899394321,0.010317273899394321
602,5644,50,-8.64013946056366,1,0.009391948685285157,0.009002368131013884
603,5645,50,-5.490174055099487,1,0.027522059296678638,0.006164513199891736
604,5646,50,0.0,1,0.021478282401408217,0.021156039454146493
605,5647,50,-7.208210229873657,1,0.022325770248532585,0.01977108069395394
606,5648,50,-8.89090621471405,1,0.013192237630982427,0.013192237630982427
607,5649,50,-10.757088541984558,1,0.047377329991405114,0.047171429666105595
608,5650,50,-3.0,1,0.02033165332913129,0.02033165332913129
609,5651,50,-11.955690026283264,1,0.011083692132734902,0.011083692132734902
610,5652,50,-4.298178315162659,1,0.028217753904367024,0.02793822431393018
611,5653,50,-4.0,1,0.026617091393381656,0.013972426409138438
612,5654,50,-5.134704232215881,1,0.024781248376764226,0.024781248376764226
613,5655,50,-3.0,1,0.020318888715926933,0.020067479775182865
614,5656,50,-3.0,1,0.022497585810602263,0.017818362682074974
615,5657,50,-6.610966324806213,1,0.01629211006699924,0.01469920691839475
616,5658,50,-3.0,1,0.023230529848892463,0.023230529848892463
617,5659,50,0.0,1,0.01775748804930911,0.01725937602245213
618,5660,50,-8.0,1,0.010508148545642217,0.010286071965687652
619,5661,50,-5.0,1,0.016454744742514085,0.016454744742514085
620,5662,50,-6.888699650764465,1,0.02024293630389662,0.02024293630389662
621,5663,50,-3.0,1,0.022117390098653482,0.02186540216598324
622,5664,50,0.0,1,0.014634095181421846,0.014634095181421846
623,5665,50,-9.654298543930054,1,0.032361438075933946,0.032361438075933946
624,5666,50,-3.0,1,0.008131344825278115,0.008131344825278115
625,5667,50,-5.0,1,0.01953967253860489,0.01953967253860489
626,5668,50,-11.294680118560791,1,0.02214559295203596,0.009803280561983692
627,5669,50,-4.290769100189209,1,0.02185788568797843,0.02178492851103216
628,5670,50,-3.0,1,0.026415458637454755,0.026415458637454755
629,5671,50,-5.206183910369873,1,0.013323583759113652,0.013323583759113652
630,5672,50,-7.075489282608032,1,0.008837848265072468,0.008837848265072468
631,5673,50,-5.048545837402344,1,0.01499244980220521,0.014487128950468964
632,5674,50,-9.400957107543945,1,0.01924471044761402,0.01572593893068352
633,5675,50,-8.868429183959961,1,0.011115297339978679,0.01102222338652624
634,5676,50,-4.039310097694397,1,0.015670398576625343,0.015670398576625343
635,5677,50,-7.0,1,0.014632152413558664,0.014632152413558664
636,5678,50,-4.040419816970825,1,0.008481187805606343,0.008481187805606343
637,5679,50,-10.262434601783752,1,0.004626642224157989,0.004626642224157989
638,5680,50,-3.0,1,0.0025009527467148573,0.0025009527467148573
639,5681,50,-5.699134707450867,1,0.003815888669507807,0.0033928926349990904
640,5682,50,-3.0,1,0.014855710817185055,0.014540648457999909
641,5683,50,-4.0,1,0.016818134980023863,0.016818134980023863
642,5684,50,-4.773903846740723,1,0.016641383384252778,0.013528002459695059
643,5685,50,-10.794447779655457,1,0.005375673715953258,0.005375673715953258
644,5686,50,-4.213507771492004,1,0.013285273775078207,0.013243695234341272
645,5687,50,-4.485575199127197,1,0.014570408268725998,0.014350735305440458
646,5688,50,-4.0,1,0.01855935710961303,0.017987893189702425
647,5689,50,-7.0,1,0.022641500445569646,0.022641500445569646
648,5690,50,-9.576966762542725,1,0.008966845781440117,0.008966845781440117
649,5691,50,-4.591395139694214,1,0.002023140158566037,0.0017191967304519735
650,5692,50,-5.0,1,0.02449551437156539,0.02449551437156539
651,5693,50,-4.5027172565460205,1,0.022895565674043935,0.022782965185714276
652,5694,50,-4.0,1,0.007434039287128354,0.007434039287128354
653,5695,50,-10.974587678909302,1,0.02152295977954756,0.02079562476730209
654,5696,50,-6.717035412788391,1,0.013578867703420924,0.013054231540389203
655,5697,50,-51.62116026878357,0,0.05251109418428135,0.05224974540101353
656,5698,50,-6.03945779800415,1,0.018394252973292533,0.018199264684385364
657,5699,50,0.0,1,0.021549932188594537,0.021549932188594533
658,5700,50,0.0,1,0.014538224857829313,0.008831347036843283
659,5701,50,-6.764066696166992,1,0.02336479399290406,0.02336479399290406
660,5702,50,-4.667278409004211,1,0.011351845236592767,0.011225209353878102
661,5703,50,0.0,1,0.020639451609592213,0.020639451609592213
662,5704,50,0.0,1,0.011739108676415892,0.011739108676415892
663,5705,50,-4.0,1,0.020012835430943513,0.020012835430943513
664,5706,50,0.0,1,0.01721417857221573,0.017193015822214483
665,5707,50,-3.0,1,0.01626424908229394,0.01626424908229394
666,5708,50,-4.0,1,0.00857370437723135,0.00857370437723135
667,5709,50,-9.882832765579224,1,0.019365200722423346,0.01307583867878789
668,5710,50,-4.0202717781066895,1,0.015255598785385304,0.01474692626167415
669,5711,50,-7.565209746360779,1,0.008415713345997748,0.008406526566848708
670,5712,50,-50.383655309677124,0,0.06920171507545418,0.05235146560496282
671,5713,50,-6.996171355247498,1,0.012667940121913418,0.012506527921529011
672,5714,50,-4.846820592880249,1,0.012189046311413718,0.012031208681222596
673,5715,50,0.0,1,0.036274718925345645,0.03615825572037189
674,5716,50,-11.441913962364197,1,0.02066093451885866,0.02066093451885866
675,5717,50,-4.0,1,0.022094936309085416,0.021609927119904854
676,5718,50,-5.0,1,0.0029132649330698705,0.002316522747974262
677,5719,50,-5.0,1,0.013149063140005263,0.01273498164201425
678,5720,50,-5.999523758888245,1,0.036106885080912934,0.036106885080912934
679,5721,50,-4.1177815198898315,1,0.012069992085329622,0.012069992085329622
680,5722,50,-4.0,1,0.018319053615070132,0.017502923331293063
681,5723,50,-50.0,0,0.056428350270667,0.056428350270667
682,5724,50,-4.352290987968445,1,0.013938199829397022,0.013844294154477367
683,5725,50,-4.216923117637634,1,0.022786647822935737,0.022786647822935737
684,5726,50,-7.122718572616577,1,0.02116873763591006,0.02116873763591006
685,5727,50,-3.0,1,0.029232543773123294,0.02536213469212715
686,5728,50,-24.58801567554474,1,0.027110448056852737,0.0270271078850856
687,5729,50,0.0,1,0.028348369797163826,0.028348369797163823
688,5730,50,-6.735783338546753,1,0.007430341244640517,0.007267932822103001
689,5731,50,-4.073113441467285,1,0.008482390135480768,0.0083387924165685
690,5732,50,-7.790416359901428,1,0.020824877148534253,0.020764517733318968
691,5733,50,-4.0,1,0.011805044164833746,0.011805044164833746
692,5734,50,-4.379129648208618,1,0.017931868307014452,0.017931868307014452
693,5735,50,-4.903055429458618,1,0.012279085169153183,0.012279085169153183
694,5736,50,-6.0,1,0.013334358970384846,0.013334358970384846
695,5737,50,-4.0,1,0.020438051663570732,0.019884458738582342
696,5738,50,-7.478276371955872,1,0.016588472484093734,0.01634267562848898
697,5739,50,-13.331550478935242,1,0.018598667255965026,0.018598667255965026
698,5740,50,-3.0,1,0.005394462010614825,0.005394462010614825
699,5741,50,-4.132733583450317,1,0.020423829747896825,0.020251396793880775
700,5742,50,-5.971097826957703,1,0.005911293009169319,0.0056648669182671335
701,5743,50,0.0,1,0.019979397350886306,0.019979397350886302
702,5744,50,-3.0,1,0.018383103389923227,0.013745391726287118
703,5745,50,-3.0,1,0.02926035194380959,0.02926035194380959
704,5746,50,-6.430197715759277,1,0.013684896043280615,0.013633463290177181
705,5747,50,-10.004120469093323,1,0.011898402684292117,0.011806884194697973
706,5748,50,-8.150860667228699,1,0.020527235235151677,0.02035834606123589
707,5749,50,-3.0,1,0.008908241715326061,0.00866752423944694
708,5750,50,0.0,1,0.01736468498351296,0.017364684983508516
709,5751,50,-8.275550961494446,1,0.012381702001113376,0.012381702001113376
710,5752,50,-4.044860482215881,1,0.013636544862902264,0.013636544862902264
711,5753,50,-6.569747686386108,1,0.02085197285048461,0.02085197285048461
712,5754,50,-4.053912401199341,1,0.008886711943521924,0.008405159005713049
713,5755,50,-7.0,1,0.021703554962700836,0.021703554962700836
714,5756,50,-3.0,1,0.018504934402679127,0.018201083544154346
715,5757,50,-4.122791528701782,1,0.02378211803235161,0.020815482979145997
716,5758,50,-4.564093470573425,1,0.01826984020235973,0.018182213576019884
717,5759,50,-9.625213742256165,1,0.022867996582851022,0.022525671794723656
718,5760,50,-4.196006178855896,1,0.005151548174900932,0.005011153726713622
719,5761,50,-8.230201959609985,1,0.019964915658662454,0.019456268313364253
720,5762,50,-3.0,1,0.021254659184665278,0.020153019440481486
721,5763,50,-3.0,1,0.009120789080811431,0.008882335000948125
722,5764,50,-4.67397677898407,1,0.011759936206700732,0.011759936206700732
723,5765,50,-3.0,1,0.020122881983365634,0.019974929921190945
724,5766,50,0.0,1,0.016047313582794664,0.01604731358279466
725,5767,50,-4.048232913017273,1,0.008093377575550422,0.007884649013195341
726,5768,50,-3.0,1,0.018572206505949367,0.01727637552333762
727,5769,50,-5.0,1,0.023534528301565435,0.023534528301565435
728,5770,50,-4.0,1,0.026505756322258014,0.026505756322258014
729,5771,50,-6.110199570655823,1,0.021877471259094925,0.021877471259094925
730,5772,50,-7.984482526779175,1,0.01998112750750294,0.01998112750750294
731,5773,50,-4.0,1,0.01891307519261128,0.014747220218931373
732,5774,50,-52.5831481218338,0,0.059705737128505416,0.05482307097279737
733,5775,50,-6.308848142623901,1,0.007968548459032733,0.007968548459032733
734,5776,50,-4.430075645446777,1,0.016840176664103857,0.016840176664103857
735,5777,50,-5.644351840019226,1,0.02504905269644938,0.02504905269644938
736,5778,50,-4.0,1,0.013818294613634933,0.013818294613634933
737,5779,50,-7.2155187129974365,1,0.020998798310600413,0.019331330736314403
738,5780,50,-9.66879117488861,1,0.02461011630096617,0.02461011630096617
739,5781,50,-3.0,1,0.022737070938093046,0.022737070938093046
740,5782,50,-4.540621519088745,1,0.014128957896032147,0.014128957896032147
741,5783,50,-8.329180479049683,1,0.008772469943269268,0.008545045178912782
742,5784,50,-5.061650037765503,1,0.00937036611011914,0.00937036611011914
743,5785,50,-4.565630555152893,1,0.020811593841839837,0.020811593841839837
744,5786,50,-4.0,1,0.018244653536012356,0.018244653536012356
745,5787,50,0.0,1,0.00974537452198014,0.00974537452198014
746,5788,50,-6.0,1,0.024784205750089792,0.024784205750089792
747,5789,50,-7.180913090705872,1,0.02904950458787002,0.028769762144647548
748,5790,50,-6.936408758163452,1,0.020114348656194356,0.020113752255715153
749,5791,50,-6.0,1,0.021807846743481137,0.02163213287491669
750,5792,50,-4.0,1,0.011928144681456589,0.01182607295796695
751,5793,50,-12.695415019989014,1,0.021940015667475714,0.02160743805154743
752,5794,50,-8.129846692085266,1,0.013350204536499528,0.013350204536499528
753,5795,50,-13.755483627319336,1,0.02434144885014063,0.02434144885014063
754,5796,50,-4.722896575927734,1,0.013678015077697689,0.013117539980974199
755,5797,50,-10.967696189880371,1,0.03028076058520998,0.029833553251910182
756,5798,50,0.0,1,0.012664434857601546,0.012664434857601546
757,5799,50,-4.359697937965393,1,0.034902609727169256,0.034902609727169256
758,5800,50,-3.0,1,0.022568077506739764,0.022568077506739764
759,5801,50,-6.405948638916016,1,0.010160625071468985,0.010050864267057721
760,5802,50,-9.579331755638123,1,0.010791730821700015,0.010791730821700015
761,5803,50,-23.56498646736145,1,0.007888389536180629,0.007888389536180629
762,5804,50,-6.00293493270874,1,0.01919047065789162,0.01919047065789162
763,5805,50,-4.713412165641785,1,0.0100365961913037,0.009477083557562426
764,5806,50,-4.194440484046936,1,0.02470980172240109,0.02446462456577746
765,5807,50,-4.243759512901306,1,0.010203827002609972,0.010203827002609972
766,5808,50,-3.0,1,0.017808880364772493,0.017808880364772493
767,5809,50,-4.543450593948364,1,0.009393489272339515,0.00889411672828924
768,5810,50,-12.20046353340149,1,0.023190873232305398,0.023190873232305398
769,5811,50,-4.9138007164001465,1,0.026712972772601092,0.026294170226442214
770,5812,50,-6.367748022079468,1,0.006595692345950687,0.006595692345950687
771,5813,50,0.0,1,0.02184372341854082,0.021781495683527653
772,5814,50,-6.632321000099182,1,0.02571659076590588,0.02571659076590588
773,5815,50,0.0,1,0.00779370731702936,0.00758341767576129
774,5816,50,-5.04032289981842,1,0.007979327880234264,0.007587986935007256
775,5817,50,-4.31538450717926,1,0.02116167458893164,0.02116167458893164
776,5818,50,-7.839011311531067,1,0.004340205412511923,0.004340205412511923
777,5819,50,-7.0,1,0.016009557731432523,0.010947457935750747
778,5820,50,-4.0,1,0.035120815599935046,0.035120815599935046
779,5821,50,-4.719614863395691,1,0.02979402265025004,0.028234620081191857
780,5822,50,-4.0,1,0.020533235237973145,0.020233072806054915
781,5823,50,-8.879703402519226,1,0.02174795938915124,0.016881159898522156
782,5824,50,-29.245904207229614,1,0.030971638390519394,0.027452593624342107
783,5825,50,0.0,1,0.008009137059926185,0.008009137059926185
784,5826,50,-6.055493712425232,1,0.014044949358957488,0.014044949358957488
785,5827,50,-10.647745370864868,1,0.01648157434546197,0.01648157434546197
786,5828,50,-13.382321834564209,1,0.024597285337301867,0.024537580441928476
787,5829,50,-6.0108561515808105,1,0.011428679471449127,0.011141367119813485
788,5830,50,-4.3767616748809814,1,0.010329733224257266,0.010329733224257266
789,5831,50,-4.311086535453796,1,0.011682334713078705,0.011682334713078705
790,5832,50,-4.0,1,0.016089141042325155,0.015844257674142173
791,5833,50,-5.2186561822891235,1,0.021011631502695288,0.021011631502695288
792,5834,50,-7.197108745574951,1,0.045631439789413204,0.032095822426591605
793,5835,50,-4.297342896461487,1,0.023710212417273384,0.023710212417273384
794,5836,50,-7.600122570991516,1,0.027397018919211296,0.027397018919211296
795,5837,50,-4.947981595993042,1,0.014562217458159485,0.014562217458159485
796,5838,50,-4.205155372619629,1,0.032193060904471035,0.03166174515762851
797,5839,50,-4.0,1,0.005797182405496952,0.005370100003620126
798,5840,50,-9.66953456401825,1,0.039129535736783606,0.039129535736783606
799,5841,50,-24.43223738670349,1,0.015263210676216745,0.013659930439601866
800,5842,50,-4.37923526763916,1,0.021245580486659872,0.016565355196662888
801,5843,50,-5.450789213180542,1,0.019919521846045687,0.019919521846045687
802,5844,50,-7.727134466171265,1,0.008925320670335675,0.008925320670335675
803,5845,50,-4.624572277069092,1,0.011696255263273225,0.011696255263273225
804,5846,50,-4.0,1,0.007045869923874168,0.006858031292270164
805,5847,50,-4.80004358291626,1,0.013172381644886209,0.013172381644886209
806,5848,50,-14.620614528656006,1,0.03061724818186285,0.03040423776553036
807,5849,50,-8.10299301147461,1,0.022887840959799573,0.022523767372500413
808,5850,50,-4.656545281410217,1,0.019362533972473988,0.019362533972473988
809,5851,50,0.0,1,0.015520328368755245,0.015520328368755245
810,5852,50,-9.045506954193115,1,0.013231751196470454,0.013231751196470454
811,5853,50,-13.818657636642456,1,0.011020750118962504,0.011020750118962504
812,5854,50,-7.0735989809036255,1,0.026125681381376265,0.026125681381376265
813,5855,50,-12.972202181816101,1,0.007175024078419998,0.007175024078419998
814,5856,50,-4.540111184120178,1,0.022656016381021108,0.022656016381021108
815,5857,50,-7.700124263763428,1,0.022680950534141896,0.022680950534141896
816,5858,50,-6.5893014669418335,1,0.01970146805228434,0.01228666327760766
817,5859,50,-4.410313963890076,1,0.019898791395047875,0.019596041521113144
818,5860,50,-3.0,1,0.020961849071267726,0.020961849071267726
819,5861,50,-5.135535836219788,1,0.01663384002570259,0.01615702366544162
820,5862,50,0.0,1,0.01786732001584348,0.017391890536250777
821,5863,50,0.0,1,0.008771257590414444,0.008771257590414444
822,5864,50,-6.4170823097229,1,0.02418252339265854,0.016135025909372464
823,5865,50,-5.252559304237366,1,0.019104095070708812,0.014316412968554909
824,5866,50,-4.462980389595032,1,0.0060292303464192735,0.005488772546291651
825,5867,50,-10.482924461364746,1,0.009372583278944522,0.00901751811237339
826,5868,50,-8.551472663879395,1,0.022759043589573907,0.022759043589573907
827,5869,50,-4.0,1,0.01699882776478025,0.01699882776478025
828,5870,50,-4.459465384483337,1,0.023517024303907865,0.018809702294386697
829,5871,50,-8.211414575576782,1,0.006626258794237732,0.006626258794237732
830,5872,50,-6.469024181365967,1,0.02023287947046316,0.01974417732580533
831,5873,50,-10.169850468635559,1,0.011961641264469115,0.011746497085757372
832,5874,50,-4.142061233520508,1,0.022089055863190935,0.021715915392356896
833,5875,50,-9.354024410247803,1,0.02317756148449708,0.023041805236861525
834,5876,50,-4.045912981033325,1,0.012084667316762243,0.011862205039773883
835,5877,50,0.0,1,0.024703887926066474,0.02470388792606647
836,5878,50,-6.11994993686676,1,0.012951659518666144,0.012649167194659814
837,5879,50,-3.0,1,0.016836582561375834,0.016309255790707782
838,5880,50,-10.189381003379822,1,0.022142284573094424,0.022142284573094424
839,5881,50,-8.707823157310486,1,0.017144628192088417,0.016918045573400067
840,5882,50,-4.369192004203796,1,0.01919189055697463,0.01884605795563358
841,5883,50,-4.784418821334839,1,0.033284731370803275,0.03315881788522042
842,5884,50,-4.0,1,0.020671555838611754,0.020671555838611754
843,5885,50,-4.0,1,0.016973044285413606,0.016790637844163923
844,5886,50,-3.0,1,0.020277930941802764,0.020252069024327284
845,5887,50,0.0,1,0.012986184907421072,0.011433116113634198
846,5888,50,-3.0,1,0.02353014749922598,0.023446809377265704
847,5889,50,-6.070991396903992,1,0.030189445543214916,0.030189445543214916
848,5890,50,-4.0,1,0.016320475429976385,0.016320475429976385
849,5891,50,-3.0,1,0.022868220104360116,0.02035772986786375
850,5892,50,-4.115598559379578,1,0.02116258343258443,0.02116258343258443
851,5893,50,-8.36548113822937,1,0.01899821546936488,0.018766371621730095
852,5894,50,-8.150747299194336,1,0.018444678902701732,0.01585530241648768
853,5895,50,-4.189438343048096,1,0.020282244542753264,0.020282244542753264
854,5896,50,0.0,1,0.023496580623988995,0.02169946578774424
855,5897,50,-14.219337821006775,1,0.023125684049417665,0.02256572439127633
856,5898,50,-8.102598428726196,1,0.010582775102879825,0.010492240233709479
857,5899,50,-4.49748957157135,1,0.014107934853460298,0.014107934853460298
858,5900,50,-4.1857218742370605,1,0.012962570268022092,0.012962570268022092
859,5901,50,-4.0,1,0.02230035897379416,0.016335410581289515
860,5902,50,-16.07842183113098,1,0.014512431029100017,0.013805185827534615
861,5903,50,-6.604998230934143,1,0.022556044197757433,0.019387728124173553
862,5904,50,-32.77880656719208,1,0.11828476224334913,0.028713659561852352
863,5905,50,-6.800914287567139,1,0.00448389041595889,0.00448389041595889
864,5906,50,-3.0,1,0.02158050986976177,0.021406206100824075
865,5907,50,-11.0,1,0.016939049374871992,0.016939049374871992
866,5908,50,-8.08055329322815,1,0.032651128117052224,0.032651128117052224
867,5909,50,0.0,1,0.01269534254053966,0.012695342540539657
868,5910,50,-4.224100351333618,1,0.022178302265444774,0.021604347275973303
869,5911,50,-13.396301984786987,1,0.027127898145741906,0.027127898145741906
870,5912,50,-5.144950747489929,1,0.00770091761868042,0.006072327370887543
871,5913,50,-5.0,1,0.018893302364177928,0.01781937884807626
872,5914,50,-5.233748078346252,1,0.017156979680368056,0.017039601778703922
873,5915,50,-12.852524399757385,1,0.019223970574287597,0.017745358168537066
874,5916,50,-11.240188598632812,1,0.02487632676905473,0.02487632676905473
875,5917,50,-10.031698942184448,1,0.011837869567469758,0.011837869567469758
876,5918,50,-4.432780742645264,1,0.019935992526309135,0.01798050467164544
877,5919,50,-5.264281272888184,1,0.02229736296419956,0.02229736296419956
878,5920,50,-3.0,1,0.006611168786962653,0.006611168786962653
879,5921,50,-4.0,1,0.012559529713355073,0.012559529713355073
880,5922,50,-3.0,1,0.006520803602122432,0.006312456780233802
881,5923,50,-4.0,1,0.010583008758398559,0.010583008758398559
882,5924,50,-4.0,1,0.026687056668292297,0.026687056668292297
883,5925,50,-9.137170910835266,1,0.020281596236489816,0.014927856496760707
884,5926,50,-6.0,1,0.01938579811340226,0.015088391398711378
885,5927,50,-4.705783843994141,1,0.00886273834845307,0.008629295937975573
886,5928,50,-11.232341408729553,1,0.032968353106037254,0.032968353106037254
887,5929,50,-8.80040717124939,1,0.023044658384205732,0.021431462653161367
888,5930,50,-7.694092392921448,1,0.011595093492790899,0.011595093492790899
889,5931,50,-4.3474345207214355,1,0.027677859162889517,0.02755533693128674
890,5932,50,0.0,1,0.0339785163624273,0.01818883118025043
891,5933,50,-3.0,1,0.020060867060676207,0.020060867060676207
892,5934,50,-10.865585803985596,1,0.018011491328923032,0.017993529394254665
893,5935,50,-5.0,1,0.014153464839863381,0.014006129784416758
894,5936,50,-10.304275512695312,1,0.01129626926386607,0.011098501939412652
895,5937,50,-6.824041128158569,1,0.01170318978311481,0.01170318978311481
896,5938,50,-5.449022173881531,1,0.021775143704067586,0.021775143704067586
897,5939,50,-4.024072647094727,1,0.022426312457296736,0.022426312457296736
898,5940,50,-6.949138402938843,1,0.006441516256895298,0.005994132819535672
899,5941,50,-4.586075663566589,1,0.006215965507503539,0.005645183225088378
900,5942,50,-16.021979928016663,1,0.025399692728081912,0.025399692728081912
901,5943,50,-6.554793834686279,1,0.023297520125872734,0.022757560734716662
902,5944,50,-8.996793389320374,1,0.015572960766001688,0.01506576034208319
903,5945,50,-14.895468711853027,1,0.03190765322619415,0.03190765322619415
904,5946,50,-4.58326780796051,1,0.01960502926847299,0.01960502926847299
905,5947,50,-6.0,1,0.014557933042377215,0.014557933042377215
906,5948,50,-4.0,1,0.00827873388572237,0.008164442382979467
907,5949,50,0.0,1,0.0175764213286872,0.0175764213286872
908,5950,50,-3.0,1,0.02212479606862966,0.02212479606862966
909,5951,50,-3.0,1,0.023113799186489578,0.023113799186489578
910,5952,50,-4.706621885299683,1,0.008442781199081175,0.008442781199081175
911,5953,50,-12.006283402442932,1,0.017992699923474305,0.017680271625609232
912,5954,50,-3.0,1,0.005176915404794239,0.005037098058431094
913,5955,50,-4.718233227729797,1,0.012946482823537553,0.008698644601064584
914,5956,50,-3.0,1,0.023268469902344713,0.023046951362310678
915,5957,50,-9.88461697101593,1,0.018597124482848507,0.01799148939129322
916,5958,50,-4.0,1,0.02511928552211124,0.02511928552211124
917,5959,50,-7.940818667411804,1,0.021300927373550122,0.021300927373550122
918,5960,50,-6.833264589309692,1,0.019911346122570273,0.019911346122570273
919,5961,50,-4.626045227050781,1,0.015844631021936645,0.01562306729836578
920,5962,50,-3.0,1,0.01727773985213195,0.017216174714831476
921,5963,50,-11.090109467506409,1,0.025200235462395987,0.02493251764947477
922,5964,50,-4.120739459991455,1,0.01125450465606274,0.010695011741423533
923,5965,50,0.0,1,0.01695081964868294,0.016950819648682936
924,5966,50,-4.158668041229248,1,0.005994743204460353,0.005778281953348247
925,5967,50,-4.98810076713562,1,0.024580783879548707,0.022545548872109942
926,5968,50,-10.042211055755615,1,0.005394736021598553,0.0052944145911312775
927,5969,50,-4.046309947967529,1,0.01071266244323882,0.01041348273467234
928,5970,50,-13.695851445198059,1,0.011138521535091437,0.011138521535091437
929,5971,50,-9.66795539855957,1,0.02345475334159449,0.02345475334159449
930,5972,50,-3.0,1,0.02518743089277042,0.02518743089277042
931,5973,50,-10.877255916595459,1,0.014505310393146224,0.014471046656192851
932,5974,50,-5.0,1,0.02015914802764788,0.02015914802764788
933,5975,50,0.0,1,0.017154641340369196,0.017154641340369193
934,5976,50,-3.0,1,0.011667123360502457,0.011667123360502457
935,5977,50,-3.0,1,0.02388842548284516,0.02388842548284516
936,5978,50,-4.0,1,0.025363685628312062,0.0251822311566115
937,5979,50,-8.373836398124695,1,0.022824898033374803,0.022824898033374803
938,5980,50,0.0,1,0.0241338411356522,0.0241338411356522
939,5981,50,-10.973270535469055,1,0.02977853941946591,0.023023130352295473
940,5982,50,0.0,1,0.009321391598753883,0.009277241014228953
941,5983,50,-4.824537634849548,1,0.0019577762738734426,0.00167623377909187
942,5984,50,-3.0,1,0.013208789007814043,0.013208789007814043
943,5985,50,-5.580056071281433,1,0.015106825572107335,0.015106825572107335
944,5986,50,-6.100168585777283,1,0.023221050656113674,0.023221050656113674
945,5987,50,-8.226840734481812,1,0.015682301877595117,0.015528085755756609
946,5988,50,-52.0252468585968,0,0.05569609853621781,0.05527074016043204
947,5989,50,-6.358204126358032,1,0.0079974768525221,0.007885136903421327
948,5990,50,-6.878308534622192,1,0.012118992105422626,0.012118992105422626
949,5991,50,-4.101557731628418,1,0.010705294086453923,0.010705294086453923
950,5992,50,-4.0,1,0.020511363287801093,0.02045680888009064
951,5993,50,-5.482260465621948,1,0.01943624920477547,0.019175901217948453
952,5994,50,-7.999616622924805,1,0.0038282625400382414,0.0038282625400382414
953,5995,50,-8.117090821266174,1,0.018800817850438616,0.018800817850438616
954,5996,50,-6.830275535583496,1,0.007656230175649106,0.007656230175649106
955,5997,50,-7.954738616943359,1,0.013504654428364049,0.013504654428364049
956,5998,50,-12.066686272621155,1,0.01070143194911388,0.01070143194911388
957,5999,50,-4.059321880340576,1,0.006848333461709929,0.006578112652068706
958,6000,50,-10.518584489822388,1,0.016639386839808156,0.016639386839808156
959,6001,50,-4.330505728721619,1,0.024702716739941826,0.024702716739941826
960,6002,50,-4.025517821311951,1,0.015529413099598297,0.014988751330758542
961,6003,50,-50.041882395744324,1,0.05926970680443078,0.046042152384017224
962,6004,50,-3.0,1,0.020839589193679595,0.020839589193679595
963,6005,50,-6.39733612537384,1,0.01740063341604791,0.01740063341604791
964,6006,50,-50.58279025554657,1,0.08095416560053594,0.04695936461949673
965,6007,50,-4.415876984596252,1,0.029043453708247097,0.029043453708247097
966,6008,50,-4.0,1,0.022503887811711407,0.022503887811711407
967,6009,50,-6.911794662475586,1,0.009967998064459112,0.00993405430795194
968,6010,50,-4.275753974914551,1,0.007645212949184658,0.007627552648219253
969,6011,50,-8.288956880569458,1,0.009508400193853527,0.009508400193853527
970,6012,50,-4.100318551063538,1,0.021350419478169052,0.020908083881124185
971,6013,50,-8.08949899673462,1,0.023244707483144007,0.023244707483144007
972,6014,50,-8.526257634162903,1,0.008511325344521592,0.008511325344521592
973,6015,50,-4.6449891328811646,1,0.028057121243232605,0.028057121243232605
974,6016,50,-4.989889979362488,1,0.006496832057616089,0.006252108783911236
975,6017,50,-6.869364976882935,1,0.015275087923546607,0.013348767494476946
976,6018,50,-7.567337393760681,1,0.016571183997951097,0.016360655435422547
977,6019,50,-5.571985602378845,1,0.024439162712992034,0.024329875587148622
978,6020,50,-4.0,1,0.015139832071378138,0.014594090432771798
979,6021,50,-5.028978586196899,1,0.016713055989086952,0.016713055989086952
980,6022,50,-6.064835071563721,1,0.0038952523017015497,0.0038952523017015497
981,6023,50,-3.0,1,0.023308868004435865,0.023083821680421807
982,6024,50,-4.0,1,0.020324297848445257,0.020324297848445257
983,6025,50,-6.35895562171936,1,0.0241689577723746,0.0241689577723746
984,6026,50,-4.0,1,0.01733721517257803,0.016985605836053987
985,6027,50,-12.317006468772888,1,0.007087264531146059,0.007087264531146059
986,6028,50,-4.0,1,0.014971792522427719,0.01484956815554
987,6029,50,-6.968890309333801,1,0.023864462016581836,0.023713118651345608
988,6030,50,-3.0,1,0.01518173608070866,0.01518173608070866
989,6031,50,-4.634684324264526,1,0.02069978218727743,0.02069978218727743
990,6032,50,-3.0,1,0.020082714271642776,0.019906740127834444
991,6033,50,-6.7405688762664795,1,0.009058442792940572,0.009058442792940572
992,6034,50,-4.0,1,0.024351314482978576,0.024351314482978576
993,6035,50,-6.762710452079773,1,0.020186962802583124,0.019269124680160492
994,6036,50,-9.496893644332886,1,0.009481083103064274,0.009481083103064274
995,6037,50,-4.772228956222534,1,0.0194359890858058,0.0194359890858058
996,6038,50,-4.0,1,0.012755204119624037,0.012104803760686338
997,6039,50,0.0,1,0.01679085189457749,0.016541204360678095
998,6040,50,-6.299437999725342,1,0.021220557157369098,0.015649974599801515
999,6041,50,-4.613457918167114,1,0.022867906946810977,0.02140284255106418
1000,6042,50,-7.980270266532898,1,0.023247879108471026,0.023247879108471026
1001,6043,50,-4.0,1,0.02204922449901491,0.020050228011730148
1002,6044,50,-9.028923153877258,1,0.013315255582676254,0.013247126278825135
1003,6045,50,-6.206043481826782,1,0.013002961638294315,0.012976325608523138
1004,6046,50,-4.077884197235107,1,0.02571556504215681,0.02466578610793263
1005,6047,50,-4.05634605884552,1,0.0057416114929402075,0.005557793940461488
1006,6048,50,0.0,1,0.021619148974603666,0.021619148974603666
1007,6049,50,-9.461987495422363,1,0.021793281839055524,0.021793281839055524
1008,6050,50,-7.633242607116699,1,0.03164487158468772,0.03164487158468772
1009,6051,50,-5.0,1,0.02858057728897905,0.028539442716803608
1010,6052,50,-4.026913642883301,1,0.007022867050705751,0.006630940826836594
1011,6053,50,-5.964804410934448,1,0.023490128758812814,0.023490128758812814
1012,6054,50,-4.0,1,0.015562307695291419,0.015205191739365782
1013,6055,50,-4.107486128807068,1,0.01755743530333133,0.01755743530333133
1014,6056,50,-38.31941378116608,1,0.028354525272902137,0.028353562078198898
1015,6057,50,0.0,1,0.018965210063041468,0.018965210063041464
1016,6058,50,-6.763872146606445,1,0.018531063050856455,0.018531063050856455
1017,6059,50,-4.937709927558899,1,0.0321415088444647,0.029323334197079463
1018,6060,50,-5.443443655967712,1,0.046034937775304256,0.046034937775304256
1019,6061,50,-20.74243474006653,1,0.013687001306893142,0.01349449650984726
1020,6062,50,-4.600011467933655,1,0.018687201978873472,0.018687201978873472
1021,6063,50,-5.99479615688324,1,0.013846715837198898,0.013846715837198898
1022,6064,50,-49.89025270938873,1,0.07138072130859648,0.04513284746521251
1023,6065,50,-7.853201508522034,1,0.020583071725563253,0.020295637068406678
1024,6066,50,-4.712154030799866,1,0.02331511229710337,0.02331511229710337
1025,6067,50,-4.0,1,0.012757293329909127,0.012487532446013161
1026,6068,50,-4.039556503295898,1,0.02772076744254605,0.02759195323262001
1027,6069,50,-4.586886763572693,1,0.01917361849855648,0.01917361849855648
1028,6070,50,-4.0,1,0.006598445779218009,0.006047607643482724
1029,6071,50,-4.64001739025116,1,0.016489336677905357,0.01411888493896358
1030,6072,50,-8.1527761220932,1,0.007908567802107731,0.007908567802107731
1031,6073,50,-4.0,1,0.024683480860394225,0.022276370793530315
1032,6074,50,-4.0,1,0.03091867477125101,0.03082059343285534
1033,6075,50,-12.913869976997375,1,0.01210048755383126,0.011971231689402157
1034,6076,50,-9.966692805290222,1,0.011525665623358756,0.011174943099052814
1035,6077,50,-3.0,1,0.0248140944324246,0.0248140944324246
1036,6078,50,-5.477624535560608,1,0.019949432451511796,0.014130701543477762
1037,6079,50,-3.0,1,0.013815400042715725,0.013815400042715725
1038,6080,50,-6.619444012641907,1,0.009346250210866387,0.009153528402686429
1039,6081,50,-4.0,1,0.0071651808052670745,0.006648852134293519
1040,6082,50,-12.90808880329132,1,0.01953933910012978,0.019367702799966836
1041,6083,50,-21.894518733024597,1,0.007371774808248572,0.007371774808248572
1042,6084,50,-8.29588532447815,1,0.021123660165048127,0.02092501209199341
1043,6085,50,-4.911084413528442,1,0.022744915906310777,0.022570243015194842
1044,6086,50,-7.431426286697388,1,0.026296666335937975,0.02610073929793776
1045,6087,50,-9.15123200416565,1,0.010676474972821095,0.010676474972821095
1046,6088,50,-4.778348326683044,1,0.021543035058028893,0.021543035058028893
1047,6089,50,-4.0,1,0.017226546736136168,0.017105043509180348
1048,6090,50,-4.0,1,0.014718157377030867,0.014718157377030867
1049,6091,50,-6.152955174446106,1,0.015098056982055246,0.015098056982055246
1050,6092,50,-3.0,1,0.02761879467554975,0.02761879467554975
1051,6093,50,-3.0,1,0.014593380186364479,0.014593380186364479
1052,6094,50,0.0,1,0.014670136211464015,0.014337525778437887
1053,6095,50,-6.107064247131348,1,0.0029560146506137207,0.0027617083859329365
1054,6096,50,-6.582064151763916,1,0.012941233699748715,0.012798026411454817
1055,6097,50,-4.354346752166748,1,0.013239103758409252,0.012805951101676405
1056,6098,50,-4.0,1,0.021645750535372217,0.021645750535372217
1057,6099,50,-5.752564191818237,1,0.04450491444590972,0.018921025647321184
1058,6100,50,-10.802501559257507,1,0.015209836142977079,0.014838042298866315
1059,6101,50,-4.0,1,0.005268019924267199,0.00505457359147489
1060,6102,50,-4.632639288902283,1,0.007821317474337624,0.007551861294278344
1061,6103,50,-5.358474373817444,1,0.015295863988317759,0.01509204107683626
1062,6104,50,-6.919513583183289,1,0.016470946328343204,0.016138453458448606
1063,6105,50,-10.30161190032959,1,0.02635160368713447,0.02635160368713447
1064,6106,50,-6.371137499809265,1,0.02812979476611951,0.02812979476611951
1065,6107,50,-54.83081758022308,0,0.13691769999538445,0.13479936272237925
1066,6108,50,-4.0,1,0.00547195212466482,0.00547195212466482
1067,6109,50,-4.332158327102661,1,0.013625610271670403,0.013625610271670403
1068,6110,50,-4.717996597290039,1,0.0062171491959831715,0.005839033563523445
1069,6111,50,-4.904876947402954,1,0.014498262957420224,0.01449686642232365
1070,6112,50,-3.0,1,0.027521782340538755,0.027521782340538755
1071,6113,50,-4.152236104011536,1,0.015564619475552863,0.011324461073542715
1072,6114,50,-8.086438059806824,1,0.021557372876168133,0.021557372876168133
1073,6115,50,-4.689681887626648,1,0.012092509863651173,0.011670307688225093
1074,6116,50,-4.440732479095459,1,0.011878702488125123,0.011345910484801634
1075,6117,50,-6.0,1,0.01403870280108467,0.01403870280108467
1076,6118,50,-4.977457284927368,1,0.00625181283725151,0.00625181283725151
1077,6119,50,-6.846480965614319,1,0.017247701959979815,0.01693070991441511
1078,6120,50,-7.049694895744324,1,0.013070523848248503,0.013070523848248503
1079,6121,50,-3.0,1,0.024913791101773736,0.024913791101773736
1080,6122,50,-7.210665464401245,1,0.015347096574073193,0.009562909326232095
1081,6123,50,-4.0,1,0.006535328093840268,0.006535328093840268
1082,6124,50,-8.89053726196289,1,0.014682740784029251,0.014579313381410998
1083,6125,50,-4.0,1,0.006345124409700597,0.005901295591326634
1084,6126,50,-9.374336838722229,1,0.00932889258610348,0.008937188887117887
1085,6127,50,0.0,1,0.020273637996363843,0.01972236643592189
1086,6128,50,-6.0,1,0.026428633204188562,0.02627632136185669
1087,6129,50,-5.981568098068237,1,0.028606297591140046,0.028606297591140046
1088,6130,50,-9.548428535461426,1,0.02102388684969809,0.020637269667491406
1089,6131,50,-4.832207798957825,1,0.018215631536135736,0.014051078462154693
1090,6132,50,-9.0,1,0.019053313541253006,0.01892024736686827
1091,6133,50,-16.630358695983887,1,0.025107160491957936,0.025048753968939342
1092,6134,50,-7.0,1,0.018366538264669833,0.018366538264669833
1093,6135,50,-4.793883681297302,1,0.016119130678417377,0.013981926807242773
1094,6136,50,-5.887489557266235,1,0.018406546015360313,0.018406546015360313
1095,6137,50,-3.1618634462356567,1,0.018309572030559083,0.018309572030559083
1096,6138,50,-8.055896162986755,1,0.012640145172364958,0.012417216166754187
1097,6139,50,-7.771643042564392,1,0.019229297901477746,0.019229297901477746
1098,6140,50,-3.0,1,0.010753839590798803,0.010753839590798803
1099,6141,50,-7.0,1,0.022625535857823842,0.022625535857823842
1100,6142,50,-5.471599221229553,1,0.016153470596123813,0.016153470596123813
1101,6143,50,-4.0,1,0.005606934112852979,0.005606934112852979
1102,6144,50,-4.560807943344116,1,0.025140920442754733,0.02507578009498447
1103,6145,50,-4.253295063972473,1,0.015631158669230063,0.015631158669230063
1104,6146,50,-3.0,1,0.022339242716835805,0.021129495515821866
1105,6147,50,-4.0,1,0.01226881737085989,0.01226881737085989
1106,6148,50,0.0,1,0.02800843812788414,0.02165240010590226
1107,6149,50,-4.069246768951416,1,0.014845977574647961,0.014845977574647961
1108,6150,50,-3.0,1,0.022876463105456487,0.02108503469519303
1109,6151,50,0.0,1,0.02102528960815821,0.02045661038872266
1110,6152,50,-13.4304701089859,1,0.0327994945696295,0.0327994945696295
1111,6153,50,-4.028303027153015,1,0.01609938197690989,0.015656623362209635
1112,6154,50,-6.047609448432922,1,0.005807814995123934,0.005807814995123934
1113,6155,50,-9.393516898155212,1,0.01725192809211725,0.017078989644088355
1114,6156,50,-10.2807537317276,1,0.004420360372724695,0.004303620465619856
1115,6157,50,-4.091729044914246,1,0.021779820664412912,0.021779820664412912
1116,6158,50,-3.0,1,0.02864928623282742,0.028070417679181215
1117,6159,50,0.0,1,0.015410566387611296,0.015410566387611296
1118,6160,50,-8.426226139068604,1,0.015067366095988967,0.01497432888881436
1119,6161,50,-3.0,1,0.021884609281929927,0.021670512953712407
1120,6162,50,-3.0,1,0.013446557977353907,0.013395109313551177
1121,6163,50,-5.0,1,0.005376148890830841,0.005376148890830841
1122,6164,50,-6.0,1,0.0026623400486627258,0.0026623400486627258
1123,6165,50,-4.0,1,0.020416085020444955,0.020416085020444955
1124,6166,50,-4.367682576179504,1,0.03728806032558026,0.036731625418408714
1125,6167,50,-10.346169829368591,1,0.007482081871356936,0.006240929933036955
1126,6168,50,-6.971636533737183,1,0.014815601152963966,0.014197546661493105
1127,6169,50,-6.912826299667358,1,0.0040966208857326995,0.003921726450423118
1128,6170,50,-11.910703778266907,1,0.010167027839633865,0.010053122742825393
1129,6171,50,-4.0,1,0.019066411989657615,0.018952140730203453
1130,6172,50,-4.0,1,0.01671798778881507,0.01671798778881507
1131,6173,50,-6.487638592720032,1,0.01025259139850877,0.009853851949305483
1132,6174,50,-4.0,1,0.022400098184156027,0.022400098184156027
1133,6175,50,-5.19793701171875,1,0.010572229579519076,0.010190099422694625
1134,6176,50,-4.124796748161316,1,0.007223066722885577,0.007223066722885577
1135,6177,50,0.0,1,0.018861740945526596,0.018861740945526596
1136,6178,50,-6.2892584800720215,1,0.009469306435166257,0.009466055839820187
1137,6179,50,0.0,1,0.01594322386487358,0.015943223864873575
1138,6180,50,-8.015334248542786,1,0.020629233857393244,0.020328428567846626
1139,6181,50,-3.0,1,0.01624181806338007,0.015317354532563762
1140,6182,50,-4.483822345733643,1,0.0289636521118447,0.028733923546327866
1141,6183,50,-8.673915028572083,1,0.016050458199044593,0.01591842947497566
1142,6184,50,-3.0,1,0.009485578329878218,0.009134651405986604
1143,6185,50,-20.47623574733734,1,0.01574027025017556,0.015627664583140573
1144,6186,50,-7.0,1,0.008587771589278639,0.008057198084786063
1145,6187,50,-5.0,1,0.02064684249525554,0.02064684249525554
1146,6188,50,-6.251045823097229,1,0.005584780177912818,0.0050570081307688315
1147,6189,50,0.0,1,0.013766960547037277,0.013766960547037275
1148,6190,50,-9.939265966415405,1,0.025594296410523715,0.022632242768242092
1149,6191,50,0.0,1,0.009516785876418528,0.009516785876418528
1150,6192,50,-4.266359090805054,1,0.006306310389570953,0.006306310389570953
1151,6193,50,-4.0,1,0.018707282517878322,0.018707282517878322
1152,6194,50,-4.890894889831543,1,0.01784906479451709,0.01784906479451709
1153,6195,50,-8.327797055244446,1,0.025432703249804785,0.024974400739241294
1154,6196,50,0.0,1,0.012178512867018206,0.012178512867018206
1155,6197,50,-3.0,1,0.019465387869940905,0.019465387869940905
1156,6198,50,-5.2567466497421265,1,0.010171797127093573,0.010171797127093573
1157,6199,50,-4.328385949134827,1,0.029398854895783727,0.02262777957529232
1158,6200,50,-51.54246962070465,0,0.06277321414002912,0.06244499921200532
1159,6201,50,-9.675835013389587,1,0.018014237540459048,0.018014237540459048
1160,6202,50,-14.645041346549988,1,0.006116022887526249,0.0061071287673960155
1161,6203,50,-7.972640633583069,1,0.01868858142793426,0.01868858142793426
1162,6204,50,-6.784100651741028,1,0.0071517269776936515,0.006464173200824268
1163,6205,50,-8.0,1,0.01853511780443213,0.01853511780443213
1164,6206,50,-4.0,1,0.020844628446598443,0.010622634205055933
1165,6207,50,-7.86605429649353,1,0.026904952528306544,0.026904952528306544
1166,6208,50,-4.0,1,0.019739956367915135,0.019739956367915135
1167,6209,50,-3.0,1,0.042167740223066415,0.02501258452810754
1168,6210,50,-4.609347462654114,1,0.003524812979470016,0.003524812979470016
1169,6211,50,-4.858613848686218,1,0.014949388893230352,0.014777883385288914
1170,6212,50,-6.716387987136841,1,0.0073507047317289635,0.0073507047317289635
1171,6213,50,-5.0,1,0.018125049242386733,0.018125049242386733
1172,6214,50,-3.0,1,0.020748256251368766,0.020748256251368766
1173,6215,50,-6.88789975643158,1,0.005622469180836997,0.005591370442285617
1174,6216,50,0.0,1,0.015041400210813849,0.015041400210813849
1175,6217,50,-4.0,1,0.02541623914334412,0.024194291289400247
1176,6218,50,-3.0,1,0.028034900705696003,0.02632563536345013
1177,6219,50,-4.0,1,0.025279893623337154,0.025276803225818958
1178,6220,50,-10.804665684700012,1,0.02105259137949886,0.019965688183131176
1179,6221,50,-10.669154047966003,1,0.016006885146769446,0.015568649757885158
1180,6222,50,-3.0,1,0.015815776578404207,0.010664619426544869
1181,6223,50,-4.0,1,0.024055360956340862,0.02394241739522145
1182,6224,50,-4.0,1,0.021323117667735262,0.021323117667735262
1183,6225,50,-4.820185422897339,1,0.0225418723022383,0.022241184821142394
1184,6226,50,-14.078495144844055,1,0.012872560957097453,0.012872560957097453
1185,6227,50,-4.0,1,0.005860208938656005,0.005860208938656005
1186,6228,50,-9.29475462436676,1,0.022571261294627866,0.022571261294627866
1187,6229,50,0.0,1,0.016812922838189286,0.016812922838189286
1188,6230,50,-3.0,1,0.02027448221893148,0.015816436748910454
1189,6231,50,-6.799446702003479,1,0.015356198014168074,0.01525378771856236
1190,6232,50,-9.015388131141663,1,0.012274394868641746,0.012038624815946204
1191,6233,50,-9.716079115867615,1,0.03570541611460607,0.03570541611460607
1192,6234,50,-6.919527053833008,1,0.0034606560759266286,0.003314597016302847
1193,6235,50,0.0,1,0.015593795130682358,0.015593795130682358
1194,6236,50,-3.0,1,0.022420295027619074,0.022420295027619074
1195,6237,50,-6.810705304145813,1,0.029633038530811888,0.029633038530811888
1196,6238,50,-3.0,1,0.012196070735878783,0.012196070735878783
1197,6239,50,-5.161326169967651,1,0.014585268127422776,0.014585268127422776
1198,6240,50,-11.125990867614746,1,0.01578492629090358,0.01578492629090358
1199,6241,50,-4.752941131591797,1,0.019352928109906724,0.018925876592045875
1200,6242,50,-9.606513142585754,1,0.020580388812116327,0.020580388812116327
1201,6243,50,-4.0,1,0.008382698764248592,0.006297802548184499
1202,6244,50,-22.321436047554016,1,0.015200433689788795,0.015200433689788795
1203,6245,50,-5.0,1,0.002206472466888977,0.002045971881653148
1204,6246,50,-4.252790331840515,1,0.017712911841231135,0.01763577385839047
1205,6247,50,-5.615618944168091,1,0.018687490068943595,0.017143487174648767
1206,6248,50,-3.0,1,0.00944312209360382,0.00944312209360382
1207,6249,50,-4.7670828104019165,1,0.007558732328525313,0.0075406628381116565
1208,6250,50,-7.965691447257996,1,0.022155917456518914,0.022155917456518914
1209,6251,50,-7.0,1,0.01822884533643206,0.01822884533643206
1210,6252,50,-27.854413151741028,1,0.013603036084723073,0.013603036084723073
1211,6253,50,-5.982711315155029,1,0.010467826794673299,0.010467826794673299
1212,6254,50,-4.044768214225769,1,0.020480905311926253,0.020480905311926253
1213,6255,50,-5.0,1,0.005463896768156714,0.005463896768156714
1214,6256,50,-4.0,1,0.014716491595189542,0.014675443519663097
1215,6257,50,-4.609171032905579,1,0.01986482604441761,0.01986482604441761
1216,6258,50,-4.0,1,0.010587482927275111,0.010450772303458178
1217,6259,50,-4.2334144115448,1,0.01820079110997204,0.01820079110997204
1218,6260,50,-6.372644543647766,1,0.019488475727276543,0.019051378784712986
1219,6261,50,-4.0,1,0.020733089313348406,0.020383082039043737
1220,6262,50,-5.009705901145935,1,0.02891253718765901,0.02891253718765901
1221,6263,50,-5.196251749992371,1,0.012688055266294039,0.012688055266294039
1222,6264,50,-10.924495339393616,1,0.003963514317867374,0.003963514317867374
1223,6265,50,-4.066916465759277,1,0.010618124516035747,0.010323836967592901
1224,6266,50,-9.466123104095459,1,0.035924924014002574,0.035924924014002574
1225,6267,50,-4.0,1,0.007692651872920938,0.007692651872920938
1226,6268,50,-5.063525199890137,1,0.02795705460025304,0.02795705460025304
1227,6269,50,-3.0,1,0.027550643791677903,0.027550643791677903
1228,6270,50,-5.0,1,0.006090364244568877,0.006090364244568877
1229,6271,50,-10.146651864051819,1,0.018648686240299906,0.018648686240299906
1230,6272,50,-9.50104022026062,1,0.013612321902664443,0.013497223800794022
1231,6273,50,0.0,1,0.016731074641391067,0.016731074641391067
1232,6274,50,-4.553784370422363,1,0.007409101265807838,0.007409101265807838
1233,6275,50,-7.715871453285217,1,0.026508669999808162,0.02629039642029763
1234,6276,50,-14.808529376983643,1,0.028981246950621608,0.028933959211009174
1235,6277,50,-4.216852307319641,1,0.036198663408960184,0.035994418613875236
1236,6278,50,-4.937523126602173,1,0.014848683294483498,0.014390949369282665
1237,6279,50,0.0,1,0.014034217895012194,0.013530917203492466
1238,6280,50,-6.432949423789978,1,0.019512614518133197,0.019512614518133197
1239,6281,50,-7.493776440620422,1,0.0037675382413894756,0.0037675382413894756
1240,6282,50,-4.0,1,0.023072875703959498,0.023072875703959498
1241,6283,50,-7.2733412981033325,1,0.024925319816016082,0.024925319816016082
1242,6284,50,-10.883139610290527,1,0.019703643733615352,0.019703643733615352
1243,6285,50,-16.78721272945404,1,0.020401514504007786,0.020238109290349908
1244,6286,50,-4.538356900215149,1,0.014864457530175774,0.014858042720540025
1245,6287,50,-30.951687574386597,1,0.03850549032559122,0.03841858115563887
1246,6288,50,-3.0,1,0.011749143866561784,0.011613636864006167
1247,6289,50,-4.56060516834259,1,0.010905065032169495,0.010905065032169495
1248,6290,50,-4.0,1,0.013991853444259773,0.013991853444259773
1249,6291,50,-51.17717492580414,0,0.06741877597216397,0.06584206223423834
1250,6292,50,-4.5959004163742065,1,0.00798381440432283,0.007574964358183896
1251,6293,50,-9.0,1,0.014420572486247422,0.014420572486247422
1252,6294,50,-8.657045722007751,1,0.022614424499398288,0.022335066963350615
1253,6295,50,-8.089293241500854,1,0.030380166901510422,0.030380166901510422
1254,6296,50,0.0,1,0.024504563696901203,0.024417203212919517
1255,6297,50,-4.374183893203735,1,0.013453569261017272,0.013290579594866766
1256,6298,50,-10.187694787979126,1,0.03340804771432966,0.03133455728337136
1257,6299,50,-4.0,1,0.004123725287906528,0.0038561501410172457
1258,6300,50,-9.662803292274475,1,0.01680574472747372,0.01656789322132023
1259,6301,50,-51.68042576313019,0,0.05299587979118447,0.05299587979118447
1260,6302,50,-4.0,1,0.02803157255742007,0.02743772941785532
1261,6303,50,-4.026819944381714,1,0.011467390664967334,0.011263582394413158
1262,6304,50,-7.346883773803711,1,0.026088194640872663,0.02591024728525973
1263,6305,50,-6.6485902070999146,1,0.04400543931309829,0.04137096333581761
1264,6306,50,-8.727067828178406,1,0.008002860534555501,0.00707904148080174
1265,6307,50,-4.0,1,0.023138331310806275,0.023138331310806275
1266,6308,50,-6.783008813858032,1,0.029594567542011223,0.02910086801068935
1267,6309,50,-5.004069685935974,1,0.022979152314615184,0.017068628516883608
1268,6310,50,-12.203041791915894,1,0.034358583514004185,0.034358583514004185
1269,6311,50,-3.0,1,0.02417710630308822,0.02417710630308822
1270,6312,50,-4.0,1,0.026040243791865075,0.026040243791865075
1271,6313,50,-4.0,1,0.020511844871328754,0.020511844871328754
1272,6314,50,-4.0,1,0.02015067404222553,0.02010814345954338
1273,6315,50,-8.420103192329407,1,0.01342194094570763,0.01342194094570763
1274,6316,50,-9.569206833839417,1,0.01993365395217575,0.019525592993938738
1275,6317,50,-4.638593912124634,1,0.0027557706037219685,0.002325264969466292
1276,6318,50,-4.438220858573914,1,0.017904260360699108,0.017904260360699108
1277,6319,50,-5.052791595458984,1,0.016047795505948252,0.015574377856064225
1278,6320,50,-4.560492038726807,1,0.017907390677102713,0.017907390677102713
1279,6321,50,-6.451691150665283,1,0.009370985155655846,0.009370985155655846
1280,6322,50,-6.378909111022949,1,0.01621079010284015,0.01621079010284015
1281,6323,50,-4.0,1,0.021326419376528738,0.021148573550735954
1282,6324,50,-3.0,1,0.020762255589077527,0.02043008552446994
1283,6325,50,-27.174363613128662,1,0.017454450885100347,0.017454450885100347
1284,6326,50,-6.927058815956116,1,0.029083384014653164,0.029083384014653164
1285,6327,50,-4.193992018699646,1,0.011178634669263793,0.0108297100164988
1286,6328,50,-4.918487548828125,1,0.003813839107401117,0.0036116991784682162
1287,6329,50,-4.0,1,0.016378983459415117,0.01598820189516766
1288,6330,50,-50.93269968032837,1,0.05263336292392233,0.040890824491291826
1289,6331,50,-4.635902762413025,1,0.021599262164915537,0.021599262164915537
1290,6332,50,-12.151699304580688,1,0.019658168644856592,0.019658168644856592
1291,6333,50,-3.0,1,0.02711323371546951,0.02666945125799989
1292,6334,50,-47.636701464653015,1,0.0679577248049829,0.049263078126382503
1293,6335,50,-3.0,1,0.01663368145379959,0.01663368145379959
1294,6336,50,-4.276517271995544,1,0.01921073036975089,0.018784926899892137
1295,6337,50,-11.572356700897217,1,0.010695593751505288,0.009060216613351262
1296,6338,50,-6.0838096141815186,1,0.016705112367361365,0.016392065208635145
1297,6339,50,-4.249698638916016,1,0.022660110228553867,0.022638738394349132
1298,6340,50,-4.0,1,0.02255678610807491,0.0225071286657149
1299,6341,50,-6.838237166404724,1,0.009067730206784592,0.008869270494029887
1300,6342,50,-4.935556769371033,1,0.0272484820626356,0.026865430177162312
1301,6343,50,-5.048960208892822,1,0.004071570510254863,0.003645473852821881
1302,6344,50,-3.0,1,0.019050720039695563,0.014503443236683249
1303,6345,50,0.0,1,0.022868194364926958,0.021518942152715135
1304,6346,50,0.0,1,0.03187248344877762,0.03156028073069884
1305,6347,50,-65.26465010643005,0,0.24139422391930695,0.2344723306387339
1306,6348,50,-20.339921474456787,1,0.013393899794731906,0.01072076169007876
1307,6349,50,-6.528162002563477,1,0.01767736854751316,0.01767736854751316
1308,6350,50,-4.4171059131622314,1,0.019836187625407148,0.019836187625407148
1309,6351,50,-4.714641451835632,1,0.006562349473207417,0.0062832194340957815
1310,6352,50,-7.8143779039382935,1,0.016401381919735055,0.015856634429833177
1311,6353,50,-9.15592348575592,1,0.021986819852398833,0.021986819852398833
1312,6354,50,-11.224948763847351,1,0.016639064555766293,0.016639064555766293
1313,6355,50,-4.357191562652588,1,0.022510934904673267,0.022510934904673267
1314,6356,50,-5.027308464050293,1,0.02776800451454145,0.02776800451454145
1315,6357,50,-4.128461003303528,1,0.008921105558764485,0.00837582587278094
1316,6358,50,-10.172354698181152,1,0.017014466790329443,0.017014466790329443
1317,6359,50,-4.0,1,0.021586121579359383,0.021586121579359383
1318,6360,50,-6.514374256134033,1,0.020488203564273527,0.018685717034394197
1319,6361,50,-10.920134663581848,1,0.012773162628585194,0.012773162628585194
1320,6362,50,-5.030373930931091,1,0.017208800777292043,0.016978546204050253
1321,6363,50,-8.528631925582886,1,0.01911797084421223,0.01911797084421223
1322,6364,50,-9.637650489807129,1,0.046393463314720704,0.022554435914950852
1323,6365,50,-4.605549097061157,1,0.004239879458494025,0.004239879458494025
1324,6366,50,-4.0,1,0.0023373000063148784,0.0020816867359894258
1325,6367,50,-3.0,1,0.020283078827721145,0.020062671770068995
1326,6368,50,-6.09897768497467,1,0.020846020295021386,0.01935899171489137
1327,6369,50,-5.455101490020752,1,0.014647910421502068,0.012518157330505684
1328,6370,50,-6.113765716552734,1,0.015951830420340152,0.015951830420340152
1329,6371,50,-4.397110342979431,1,0.006056419277611476,0.005963598646569944
1330,6372,50,-4.0,1,0.021674505640786473,0.021219959166244542
1331,6373,50,-13.67402696609497,1,0.021057437657388916,0.021057437657388916
1332,6374,50,0.0,1,0.019330344458936513,0.01909745570354298
1333,6375,50,-4.0,1,0.010658842484798443,0.010209744206682709
1334,6376,50,-6.0,1,0.015198449792567568,0.015198449792567568
1335,6377,50,-5.592881560325623,1,0.006070456948735518,0.005968915081857065
1336,6378,50,-6.906945586204529,1,0.02527353974237817,0.02527353974237817
1337,6379,50,-7.373729348182678,1,0.011778593348536799,0.01174446734634758
1338,6380,50,-8.521724104881287,1,0.02257734384789327,0.022557707150700233
1339,6381,50,-4.0,1,0.021851857314752487,0.019172156239250074
1340,6382,50,-5.0247989892959595,1,0.01862635707885051,0.018258154517949345
1341,6383,50,-4.6211196184158325,1,0.0038412337115121525,0.0033462775110732344
1342,6384,50,-4.710026264190674,1,0.020956970097169642,0.020956970097169642
1343,6385,50,-6.668041467666626,1,0.02018030020915624,0.02017777624189063
1344,6386,50,-13.390937447547913,1,0.017625000167606444,0.017625000167606444
1345,6387,50,-3.0,1,0.015296092245307128,0.015296092245307128
1346,6388,50,-4.536441683769226,1,0.013427987608586761,0.012993572518915667
1347,6389,50,-6.870893239974976,1,0.024429078329022115,0.023993550917464194
1348,6390,50,-4.0,1,0.026901221286399976,0.026450405148214517
1349,6391,50,-4.684025049209595,1,0.012404231032399177,0.012045059961103347
1350,6392,50,-13.779279947280884,1,0.025896178740640426,0.02490934584945897
1351,6393,50,-6.0,1,0.009764561152599367,0.00948561986680618
1352,6394,50,-4.199995517730713,1,0.022910345153978686,0.022386110453885544
1353,6395,50,-4.0,1,0.02106892522446781,0.0206064433360133
1354,6396,50,-3.0,1,0.014547961784135643,0.014547961784135643
1355,6397,50,-7.0,1,0.009836330934991321,0.009646354956245207
1356,6398,50,-7.294986128807068,1,0.025583604907326717,0.025468103405756802
1357,6399,50,-8.082325100898743,1,0.020653634533712748,0.015990861568317354
1358,6400,50,-6.844401121139526,1,0.03444071367116422,0.03444071367116422
1359,6401,50,-11.11603319644928,1,0.009730385612708321,0.009335351136294091
1360,6402,50,0.0,1,0.024230974746918325,0.024230974746918325
1361,6403,50,-4.133846879005432,1,0.012986803698162753,0.01241827839624456
1362,6404,50,-4.628793120384216,1,0.01659993180962139,0.01654249852405566
1363,6405,50,-3.0,1,0.0022054903969906544,0.002189089532357645
1364,6406,50,-8.241446614265442,1,0.015424857339615246,0.015407155487963434
1365,6407,50,-13.0,1,0.033662661905460925,0.033662661905460925
1366,6408,50,-11.546296954154968,1,0.018127362820450722,0.018127362820450722
1367,6409,50,-6.897988557815552,1,0.028341893604381094,0.02829846945190339
1368,6410,50,-4.0,1,0.015987636828728745,0.015742068757803287
1369,6411,50,-4.0,1,0.01712277057659906,0.01712277057659906
1370,6412,50,-6.047902345657349,1,0.0313020011903255,0.0313020011903255
1371,6413,50,-4.403786540031433,1,0.018033666200822786,0.01763035925329003
1372,6414,50,-5.188811779022217,1,0.027358168066985274,0.027205366793349853
1373,6415,50,-4.564920663833618,1,0.02828304006104572,0.02783406263338634
1374,6416,50,-17.188159346580505,1,0.012134662056673911,0.011946717181682316
1375,6417,50,-3.0,1,0.004021803804265852,0.004021803804265852
1376,6418,50,0.0,1,0.02179543414101212,0.02133549581343192
1377,6419,50,-7.490733027458191,1,0.016050344243240693,0.016050344243240693
1378,6420,50,-6.2556562423706055,1,0.010374102358437793,0.009961601411553889
1379,6421,50,-4.301289796829224,1,0.01897967599310072,0.018969476506643046
1380,6422,50,-4.0,1,0.031874368862855114,0.031874368862855114
1381,6423,50,-4.8596906661987305,1,0.02465130158439426,0.024634173948120515
1382,6424,50,-4.0,1,0.016641346177299707,0.01598083363807064
1383,6425,50,-4.654909610748291,1,0.010449405236524743,0.009957083805455649
1384,6426,50,-3.0,1,0.019216312432626788,0.019216312432626788
1385,6427,50,-3.0,1,0.029011647150980265,0.029011647150980265
1386,6428,50,-11.327407956123352,1,0.018118501251172113,0.006826931704010102
1387,6429,50,-4.599379897117615,1,0.019282643900196635,0.01904577066871433
1388,6430,50,-4.473199009895325,1,0.014711648747195964,0.014711648747195964
1389,6431,50,-4.055559992790222,1,0.0012089025942089067,0.0012042682976420055
1390,6432,50,-4.121183276176453,1,0.013974368605033233,0.013974368605033233
1391,6433,50,-4.0,1,0.0054483773749889565,0.0054483773749889565
1392,6434,50,-4.354238986968994,1,0.013738478582401499,0.013381762743424886
1393,6435,50,-7.0,1,0.019692450544693006,0.019692450544693006
1394,6436,50,-3.0,1,0.016457354681076744,0.016457354681076744
1395,6437,50,-5.741989016532898,1,0.003350080738559319,0.003207759727011282
1396,6438,50,-4.5272626876831055,1,0.02111063794117302,0.02066249075666115
1397,6439,50,-3.0,1,0.012325381628424325,0.012325381628424325
1398,6440,50,-9.34217083454132,1,0.01735942883840572,0.01735942883840572
1399,6441,50,-5.488606691360474,1,0.01985592266560959,0.01946572521521211
1400,6442,50,-5.288352131843567,1,0.020080139690191744,0.01998970211474639
1401,6443,50,0.0,1,0.012687121194102135,0.012687121194102135
1402,6444,50,-9.758084535598755,1,0.023509136130270204,0.023149476551727163
1403,6445,50,-4.0,1,0.021959267417414177,0.02156087654450105
1404,6446,50,-3.0,1,0.014660677411756506,0.014494441024700313
1405,6447,50,-4.130506992340088,1,0.025432060563229497,0.025432060563229497
1406,6448,50,-6.643559813499451,1,0.0059844726980556335,0.0059844726980556335
1407,6449,50,0.0,1,0.013641960158267852,0.013641960158267486
1408,6450,50,-4.624746561050415,1,0.017760558142391376,0.017760558142391376
1409,6451,50,-50.68249201774597,0,0.07685480459884932,0.07170814482921625
1410,6452,50,-7.8247902393341064,1,0.013597350171872557,0.013597350171872557
1411,6453,50,-4.99859881401062,1,0.026866022334780203,0.02678452853603792
1412,6454,50,-6.097948908805847,1,0.023780789822163532,0.023589785584699843
1413,6455,50,-10.742196679115295,1,0.025499231018135633,0.025141683117473716
1414,6456,50,0.0,1,0.013153726400791604,0.013153726400791604
1415,6457,50,-7.336419343948364,1,0.019580525945616906,0.019580525945616906
1416,6458,50,-6.993951439857483,1,0.030676511684450812,0.030676511684450812
1417,6459,50,-4.1536619663238525,1,0.027169745968357913,0.027169745968357913
1418,6460,50,-3.0,1,0.0386796706523136,0.03866450246087911
1419,6461,50,-4.027226209640503,1,0.010217481146554476,0.009201795970714587
1420,6462,50,-5.028716802597046,1,0.0038398038575011414,0.0037522299467539107
1421,6463,50,-6.640407681465149,1,0.008052906670033094,0.008052906670033094
1422,6464,50,-9.0,1,0.022039347989308965,0.021404521058005742
1423,6465,50,-5.0,1,0.020133221159847,0.014147407842728346
1424,6466,50,-6.301414728164673,1,0.007675874494079249,0.007675874494079249
1425,6467,50,-3.0,1,0.014148107647395306,0.012330823356552844
1426,6468,50,-5.107057332992554,1,0.012863198021925475,0.012641999940875307
1427,6469,50,-23.061475038528442,1,0.017455366853865707,0.017455366853865707
1428,6470,50,-5.85077965259552,1,0.006635539807152058,0.006635539807152058
1429,6471,50,-4.122073769569397,1,0.024421321938900807,0.024421321938900807
1430,6472,50,-12.140440344810486,1,0.015509750686504413,0.015322091849093483
1431,6473,50,-7.776455283164978,1,0.013717279350614951,0.013717279350614951
1432,6474,50,-7.530488133430481,1,0.018139461313400707,0.017912222558816252
1433,6475,50,-5.720223069190979,1,0.008805127073039626,0.008805127073039626
1434,6476,50,0.0,1,0.011809240071129866,0.008971136545163622
1435,6477,50,0.0,1,0.01198951161065554,0.01198951161065554
1436,6478,50,-4.0,1,0.020143408796961262,0.01974024899326326
1437,6479,50,-20.7520432472229,1,0.03563626061227496,0.03438134694102987
1438,6480,50,-3.0,1,0.027419636696010323,0.027419636696010323
1439,6481,50,-5.183727741241455,1,0.01762372023773664,0.017536137954084482
1440,6482,50,-3.051700472831726,1,0.013791408385992212,0.013791408385992212
1441,6483,50,-8.0,1,0.020461341718053336,0.014639586924685479
1442,6484,50,-4.511874318122864,1,0.029650820345982484,0.029533282833587002
1443,6485,50,0.0,1,0.024031638091792297,0.023967837770040263
1444,6486,50,-6.362670183181763,1,0.03577754287751773,0.0354746731852813
1445,6487,50,-8.320022225379944,1,0.009631614776497134,0.009631614776497134
1446,6488,50,-7.037399053573608,1,0.010075880751297601,0.007324375845031308
1447,6489,50,-7.166975021362305,1,0.018721307858314617,0.018721307858314617
1448,6490,50,-50.69958746433258,0,0.07460810947946706,0.0658980559263122
1449,6491,50,-7.270577669143677,1,0.015431795754103509,0.010025095781825448
1450,6492,50,0.0,1,0.006796478932002531,0.006591870397235335
1451,6493,50,-4.0,1,0.020068189178247313,0.020068189178247313
1452,6494,50,-8.050002813339233,1,0.01584791813588181,0.01573916075330628
1453,6495,50,-6.0,1,0.020340363102375573,0.020340363102375573
1454,6496,50,-4.0,1,0.010178797122764274,0.010060187296119717
1455,6497,50,-8.38128912448883,1,0.016842632205495645,0.01302650617235045
1456,6498,50,-4.0,1,0.018698697379955734,0.018698697379955734
1457,6499,50,-7.843164563179016,1,0.030916989771853174,0.030556860135290066
1458,6500,50,-4.367258667945862,1,0.01102425932324496,0.010837712000509937
1459,6501,50,-4.985767841339111,1,0.010825581581257028,0.010257304328235371
1460,6502,50,-7.0,1,0.014248896848554047,0.013896678097107259
1461,6503,50,0.0,1,0.016685777212137452,0.016685777212137452
1462,6504,50,-6.1568603515625,1,0.018194989125428707,0.018132552461368575
1463,6505,50,-4.439187288284302,1,0.005884742292433975,0.005884742292433975
1464,6506,50,-4.27608585357666,1,0.011612740110688063,0.011170083673907325
1465,6507,50,-5.0,1,0.02081568098094583,0.014474052060772681
1466,6508,50,-3.0,1,0.019467019521469477,0.019449719060698388
1467,6509,50,-3.0,1,0.02202351666274379,0.02202351666274379
1468,6510,50,-4.09124481678009,1,0.03376645145733931,0.03376645145733931
1469,6511,50,-51.45248305797577,0,0.07970270271917666,0.07823736954708656
1470,6512,50,0.0,1,0.02454628377371438,0.024546283773714376
1471,6513,50,-6.4056572914123535,1,0.02106737883617201,0.02096589835129904
1472,6514,50,-8.065582633018494,1,0.027737189302077175,0.027737189302077175
1473,6515,50,0.0,1,0.021538609605578397,0.021538609605578397
1474,6516,50,-6.797245979309082,1,0.019869474648173353,0.0197568663808855
1475,6517,50,-4.0,1,0.013538252578803448,0.013116192201969766
1476,6518,50,-6.884612083435059,1,0.019566296401738754,0.019566296401738754
1477,6519,50,-4.123561501502991,1,0.00969817704468978,0.009589712711834852
1478,6520,50,0.0,1,0.01743962275169016,0.01743962275169016
1479,6521,50,-3.0,1,0.027012853083877866,0.026954039228150577
1480,6522,50,-9.253667116165161,1,0.03829233324112642,0.037455211325803685
1481,6523,50,-4.011944770812988,1,0.022257497200832525,0.01870899470538969
1482,6524,50,-3.0,1,0.018763008925438134,0.018219567446796633
1483,6525,50,-12.330501317977905,1,0.02294730081307696,0.02294730081307696
1484,6526,50,-6.371799945831299,1,0.014322961249545602,0.013806375097134468
1485,6527,50,-3.0,1,0.027624078418326748,0.027405233205389293
1486,6528,50,-5.288046956062317,1,0.017961091880661924,0.015895822888457485
1487,6529,50,-9.53463327884674,1,0.02312904487659106,0.021000478234078385
1488,6530,50,-6.618701219558716,1,0.017268110154649352,0.017268110154649352
1489,6531,50,-8.837951898574829,1,0.0157183937794706,0.0157183937794706
1490,6532,50,-3.0,1,0.026123748243337828,0.02609682044586366
1491,6533,50,-4.086700797080994,1,0.022613085131180287,0.02226564912783268
1492,6534,50,-4.923516035079956,1,0.022361325873929024,0.022361325873929024
1493,6535,50,-4.0,1,0.008749263132314732,0.008749263132314732
1494,6536,50,-10.763550996780396,1,0.011568625886372572,0.008859776269834639
1495,6537,50,-3.0,1,0.020600372186516096,0.02040426899999649
1496,6538,50,0.0,1,0.006133065353229803,0.006133065353229796
1497,6539,50,-4.33552348613739,1,0.0078082365967106614,0.0078082365967106614
1498,6540,50,0.0,1,0.025063363080779603,0.007522157659657137
1499,6541,50,-4.871808171272278,1,0.015171710533476164,0.015171710533476164
1500,6542,50,-4.437379240989685,1,0.018997548439390888,0.018815903412742977
1501,6543,50,-11.424392700195312,1,0.006393397959836344,0.006393397959836344
1502,6544,50,-9.307010054588318,1,0.009716819035509531,0.009541047823977846
1503,6545,50,-10.42985725402832,1,0.007956962663078828,0.007956962663078828
1504,6546,50,-4.0,1,0.025873785073367583,0.025519788982446518
1505,6547,50,-4.984907388687134,1,0.023877509738514473,0.02283849083445518
1506,6548,50,-4.870149374008179,1,0.018967173468667352,0.018967173468667352
1507,6549,50,-4.244307041168213,1,0.009094143095658605,0.009094143095658605
1508,6550,50,-4.250064134597778,1,0.002513016103645566,0.002513016103645566
1509,6551,50,-4.0,1,0.021174279506482322,0.021174279506482322
1510,6552,50,-4.0,1,0.00875174351560108,0.008514437384843228
1511,6553,50,-3.0,1,0.02063922597246155,0.020190820202257057
1512,6554,50,-3.0,1,0.023470519355330285,0.023158702819675952
1513,6555,50,-9.2937730550766,1,0.008159612388727448,0.008159612388727448
1514,6556,50,-7.4659212827682495,1,0.012964584612085323,0.012964584612085323
1515,6557,50,-3.0,1,0.01602334257675891,0.015994357762912238
1516,6558,50,-51.2137393951416,0,0.05772012434580845,0.05772012434580845
1517,6559,50,-4.103959798812866,1,0.005777888060210585,0.005085277719558008
1518,6560,50,-5.368863344192505,1,0.01705337041303125,0.01705337041303125
1519,6561,50,-13.99743926525116,1,0.028205774884222736,0.026443552687174226
1520,6562,50,-4.0,1,0.0182975895985415,0.01813911465371734
1521,6563,50,-7.433242559432983,1,0.017856423881653274,0.017856423881653274
1522,6564,50,-3.0,1,0.029013027421552342,0.028516325178555894
1523,6565,50,-4.220328450202942,1,0.017874332602756816,0.017855354365721554
1524,6566,50,-10.625081419944763,1,0.013153806561891506,0.012840396073755206
1525,6567,50,-4.181094169616699,1,0.013103839243839994,0.012751851885392077
1526,6568,50,-6.599962830543518,1,0.029644151462038314,0.02960741721202707
1527,6569,50,-5.9827635288238525,1,0.01785202780077071,0.01785202780077071
1528,6570,50,-4.831650614738464,1,0.018962117433949974,0.018497889627972015
1529,6571,50,-3.0,1,0.02378723096654929,0.02334676240442474
1530,6572,50,-4.284665822982788,1,0.014808469792270792,0.00981130584608271
1531,6573,50,-4.679198265075684,1,0.01924578018749682,0.01924578018749682
1532,6574,50,-3.0,1,0.01905521190243876,0.01905521190243876
1533,6575,50,-6.868964433670044,1,0.026208191059863686,0.026208191059863686
1534,6576,50,-8.334139108657837,1,0.010709738594828813,0.010709738594828813
1535,6577,50,0.0,1,0.029709738247016962,0.029709738247016962
1536,6578,50,-6.573551535606384,1,0.0273161313750751,0.02714830997712122
1537,6579,50,-6.229126811027527,1,0.015220688277880017,0.015220688277880017
1538,6580,50,-4.146272659301758,1,0.010676029262258982,0.010124386961086257
1539,6581,50,-7.581329822540283,1,0.020046219372239688,0.020046219372239688
1540,6582,50,0.0,1,0.023204651430973555,0.023204651430973555
1541,6583,50,-3.0,1,0.014491746919853794,0.014159881535970135
1542,6584,50,-8.737658381462097,1,0.02165107579581701,0.02165107579581701
1543,6585,50,-7.65032958984375,1,0.025883037305183775,0.025883037305183775
1544,6586,50,-5.233746290206909,1,0.015731271006015905,0.010826104699893627
1545,6587,50,-4.189540386199951,1,0.02145178948024301,0.02145178948024301
1546,6588,50,-6.682896375656128,1,0.012443222752709785,0.012071292379282228
1547,6589,50,-6.5726988315582275,1,0.027700583014438618,0.027700583014438618
1548,6590,50,-3.0,1,0.015301724317393933,0.014877278942294753
1549,6591,50,-4.738959789276123,1,0.017644763754623777,0.017351955651375973
1550,6592,50,-4.0,1,0.007119244788037129,0.006897277001575942
1551,6593,50,-4.0,1,0.020225642347245117,0.020225642347245117
1552,6594,50,-3.0,1,0.022963161130038053,0.017144856772922046
1553,6595,50,-3.0,1,0.024360098237788234,0.024360098237788234
1554,6596,50,-6.150227904319763,1,0.011815748581756666,0.011815748581756666
1555,6597,50,-31.845059275627136,1,0.013970351799598258,0.013970351799598258
1556,6598,50,-8.215281248092651,1,0.01784492578275664,0.017581826564562402
1557,6599,50,-9.0,1,0.02713585904303333,0.020366730297081203
1558,6600,50,-51.07370567321777,0,0.06866108002884463,0.06866108002884463
1559,6601,50,-6.59517765045166,1,0.018769457241487684,0.018260959148369803
1560,6602,50,-7.040099382400513,1,0.01055295977824691,0.01055295977824691
1561,6603,50,-4.882485628128052,1,0.019434174011804733,0.019434174011804733
1562,6604,50,0.0,1,0.014163553395711638,0.014163553395711636
1563,6605,50,-4.0,1,0.011235369833648595,0.011235369833648595
1564,6606,50,-49.30217695236206,1,0.06869039064329052,0.042423972112767966
1565,6607,50,-4.751433968544006,1,0.018862515466314227,0.018435233536420518
1566,6608,50,-7.284348487854004,1,0.02919043366877667,0.02142537354258708
1567,6609,50,-3.0,1,0.009742841073115566,0.009742841073115566
1568,6610,50,-4.5985647439956665,1,0.007910885643334394,0.00790086101834913
1569,6611,50,-5.032317042350769,1,0.007303012229690952,0.006485486645474141
1570,6612,50,-4.0,1,0.01971888847741804,0.01965692120678346
1571,6613,50,-4.040248513221741,1,0.02136641287793463,0.02136641287793463
1572,6614,50,-4.689539074897766,1,0.014821649146960408,0.014392819141139424
1573,6615,50,0.0,1,0.016648913844416587,0.016648913844416583
1574,6616,50,-4.127498984336853,1,0.018140882781998824,0.018140882781998824
1575,6617,50,-5.103961110115051,1,0.017652888123652156,0.017595668781027352
1576,6618,50,-7.4215407371521,1,0.0167074198266912,0.016621241560493452
1577,6619,50,-4.0,1,0.008054315080496048,0.008054315080496048
1578,6620,50,-8.270500183105469,1,0.022071305515492044,0.022071305515492044
1579,6621,50,-4.270973563194275,1,0.016471529715135314,0.0163010312407855
1580,6622,50,-4.1998220682144165,1,0.023512089587614898,0.023043698174567105
1581,6623,50,-12.352958679199219,1,0.024044933493417082,0.024001791362792433
1582,6624,50,-11.374854326248169,1,0.0172908747507647,0.016491765286937625
1583,6625,50,-7.453320145606995,1,0.029115465366645832,0.028537900621771643
1584,6626,50,-51.8181277513504,0,0.11711463753002906,0.11687869937127925
1585,6627,50,-14.394460201263428,1,0.025712246618865318,0.025712246618865318
1586,6628,50,-3.0,1,0.02184142227429688,0.021621199125650834
1587,6629,50,-4.143757104873657,1,0.011478566518124693,0.011046226968043754
1588,6630,50,-4.0,1,0.025584304653456083,0.014402811802609515
1589,6631,50,-6.32650363445282,1,0.02684624872336197,0.02650121150774023
1590,6632,50,-6.8740739822387695,1,0.019024464909356754,0.015067318680370667
1591,6633,50,-5.157514572143555,1,0.02382101357307352,0.018953892749194585
1592,6634,50,-3.0,1,0.009037058921980305,0.008841224273634917
1593,6635,50,-6.786705851554871,1,0.018052360373719885,0.01768370520211938
1594,6636,50,-8.378823280334473,1,0.015768349868255645,0.015588831135451309
1595,6637,50,-4.0,1,0.017896894615077208,0.014927720772193776
1596,6638,50,-10.766475796699524,1,0.01929120962499276,0.01929120962499276
1597,6639,50,-4.0,1,0.01057149315844968,0.01057149315844968
1598,6640,50,-7.745629906654358,1,0.027179676421849947,0.02665391861050285
1599,6641,50,0.0,1,0.02407515048097708,0.024075150480977078
1600,6642,50,-3.0,1,0.02458150585062211,0.02458150585062211
1601,6643,50,-11.116003394126892,1,0.021035384546636046,0.020940848125872682
1602,6644,50,-3.0,1,0.019291526977798196,0.01743326792244419
1603,6645,50,-6.038236021995544,1,0.022332218028057533,0.01816007164557099
1604,6646,50,-6.938804626464844,1,0.0074595671109987625,0.0074595671109987625
1605,6647,50,0.0,1,0.006760276471427234,0.006382704498786077
1606,6648,50,-4.0,1,0.022511148853091204,0.022511148853091204
1607,6649,50,-5.0,1,0.010346782916688339,0.010346782916688339
1608,6650,50,-3.0,1,0.023311466828782827,0.023028959634106606
1609,6651,50,-5.183539271354675,1,0.0057686598371191064,0.0057686598371191064
1610,6652,50,-4.552644729614258,1,0.016403854008183266,0.016403854008183266
1611,6653,50,-10.371335506439209,1,0.0053585523710705995,0.0053585523710705995
1612,6654,50,-10.088239431381226,1,0.011836293756288465,0.011597313269595646
1613,6655,50,-7.279605031013489,1,0.02448584676948429,0.02448584676948429
1614,6656,50,-8.079733610153198,1,0.02112455872421288,0.020625888045960234
1615,6657,50,-3.0,1,0.028716855657755846,0.02828914936181679
1616,6658,50,-52.01430857181549,0,0.06164763603906539,0.061052756808655746
1617,6659,50,-3.0,1,0.019322733060467542,0.016076931013392016
1618,6660,50,-8.169208526611328,1,0.005019363355047753,0.005019363355047753
1619,6661,50,-4.0392067432403564,1,0.020955897150630867,0.020955897150630867
1620,6662,50,-6.876881003379822,1,0.01813644945345093,0.01813644945345093
1621,6663,50,-4.348061919212341,1,0.0068646433035999726,0.0068646433035999726
1622,6664,50,-3.0,1,0.020281071231935732,0.020281071231935732
1623,6665,50,-10.808080911636353,1,0.025158994545081272,0.025131717763033697
1624,6666,50,-5.774661421775818,1,0.015883298371854666,0.015883298371854666
1625,6667,50,-3.0,1,0.017682825602155235,0.017682825602155235
1626,6668,50,-6.4426189661026,1,0.023265984388650587,0.022721740705257842
1627,6669,50,-4.429537534713745,1,0.004615415165709381,0.004615415165709381
1628,6670,50,-4.215534687042236,1,0.013094802021724508,0.012825080770616832
1629,6671,50,-4.493036866188049,1,0.015259426464857895,0.011456681642155936
1630,6672,50,-4.0,1,0.016921455348904307,0.016921455348904307
1631,6673,50,-14.03185784816742,1,0.018845647456790633,0.018845647456790633
1632,6674,50,-4.733160018920898,1,0.02874707733452621,0.02874707733452621
1633,6675,50,-4.052687883377075,1,0.01856809009876588,0.018414016804084294
1634,6676,50,-3.0,1,0.01755161481731056,0.01697001566394653
1635,6677,50,-7.941290736198425,1,0.04668999327259314,0.04610807788750678
1636,6678,50,-8.127039790153503,1,0.033392865540248555,0.03132262708219553
1637,6679,50,-7.613498210906982,1,0.020866950858696023,0.020866950858696023
1638,6680,50,-7.166281819343567,1,0.019806405070150305,0.019806405070150305
1639,6681,50,-4.413479685783386,1,0.020107123779647004,0.020107123779647004
1640,6682,50,-5.26692008972168,1,0.006244275814462527,0.005951759429167498
1641,6683,50,-52.81849563121796,0,0.07785837581177055,0.07785837581177055
1642,6684,50,-4.0,1,0.028708405251361344,0.027548478809702587
1643,6685,50,-4.0,1,0.011411705722770511,0.011352336544274607
1644,6686,50,-6.764074683189392,1,0.014221746093748946,0.013967644859363726
1645,6687,50,-7.34475314617157,1,0.01581388566033534,0.015779295772607036
1646,6688,50,-4.6180033683776855,1,0.03128804120823255,0.03128804120823255
1647,6689,50,-32.329347372055054,1,0.03076886220892007,0.030358354692259882
1648,6690,50,-8.746180176734924,1,0.01928949161997051,0.01928949161997051
1649,6691,50,-7.0,1,0.027241405823517535,0.026606523639940968
1650,6692,50,-7.0,1,0.025574915950332285,0.02458834525690861
1651,6693,50,-4.179149746894836,1,0.01726377334150578,0.017019345049587485
1652,6694,50,0.0,1,0.010733242325257873,0.010494532096613867
1653,6695,50,-8.593095183372498,1,0.02637787369043578,0.02615326664517459
1654,6696,50,-5.195600271224976,1,0.011058363660600397,0.011058363660600397
1655,6697,50,-4.874978423118591,1,0.017910747144772914,0.017910747144772914
1656,6698,50,-9.665142178535461,1,0.012907873890983197,0.01228424078425945
1657,6699,50,-4.729703783988953,1,0.017175807215482904,0.017175807215482904
1658,6700,50,-4.0,1,0.015463606277707879,0.01513736124007769
1659,6701,50,-9.333394765853882,1,0.01823963770113755,0.01823963770113755
1660,6702,50,-8.020696759223938,1,0.024435482696060638,0.024386007233371643
1661,6703,50,-6.0,1,0.014362139150781337,0.014222318871647776
1662,6704,50,0.0,1,0.01281442880100708,0.012347291280613995
1663,6705,50,-5.54982590675354,1,0.019639128177982284,0.019301914045546122
1664,6706,50,-6.807088851928711,1,0.01827423891403176,0.01827423891403176
1665,6707,50,-7.0,1,0.0153590537563108,0.0153590537563108
1666,6708,50,-4.278738379478455,1,0.0198430725029316,0.0198430725029316
1667,6709,50,-3.0,1,0.019402254421514213,0.019168785004942998
1668,6710,50,-4.0,1,0.0168281276974874,0.0168281276974874
1669,6711,50,-9.657949209213257,1,0.038574483043525794,0.03772918731527093
1670,6712,50,-10.808677792549133,1,0.013001630421422427,0.013001630421422427
1671,6713,50,-5.0,1,0.025485353210855096,0.025029251106614938
1672,6714,50,-7.190422177314758,1,0.027080783578322994,0.027080783578322994
1673,6715,50,-6.014724135398865,1,0.020526535353472267,0.020526535353472267
1674,6716,50,-4.0,1,0.0016001598605534576,0.0013644492194178415
1675,6717,50,-5.870434403419495,1,0.012202914610049525,0.011976042175395576
1676,6718,50,-3.0,1,0.021690240124019274,0.021690240124019274
1677,6719,50,-8.43475067615509,1,0.014858417402192136,0.013034779013003931
1678,6720,50,-3.0,1,0.023195671168438965,0.018214739106788846
1679,6721,50,-6.356799125671387,1,0.024340726359738735,0.024340726359738735
1680,6722,50,-4.0,1,0.011015339084621599,0.00823688162281927
1681,6723,50,-4.0,1,0.017951393971044907,0.017951393971044907
1682,6724,50,-4.7959524393081665,1,0.020044317276558764,0.020044317276558764
1683,6725,50,-11.621582508087158,1,0.008330139296400283,0.008330139296400283
1684,6726,50,-4.106692552566528,1,0.03132818357374862,0.03132818357374862
1685,6727,50,-4.813429236412048,1,0.005137322139395949,0.005136518606785745
1686,6728,50,0.0,1,0.01680466880746678,0.014647976644763819
1687,6729,50,-7.0,1,0.018626154227882434,0.018626154227882434
1688,6730,50,-12.404791593551636,1,0.0354507133064672,0.035212823473865916
1689,6731,50,-7.0161343812942505,1,0.015344340974128788,0.015304298935866042
1690,6732,50,-5.913894772529602,1,0.007620650691128599,0.007620650691128599
1691,6733,50,-8.31205129623413,1,0.01945958212163419,0.0194587915217985
1692,6734,50,-7.844205856323242,1,0.02617201703094635,0.022477606217893353
1693,6735,50,-4.0,1,0.008258249614147697,0.008258249614147697
1694,6736,50,-5.511454343795776,1,0.021171662432955082,0.01744082341447914
1695,6737,50,-3.0,1,0.01424498843465422,0.01424498843465422
1696,6738,50,0.0,1,0.020012273016090314,0.019590317827019494
1697,6739,50,-4.351130843162537,1,0.011331294619615474,0.011331294619615474
1698,6740,50,-10.653900265693665,1,0.021132396049773867,0.021132396049773867
1699,6741,50,-4.869246244430542,1,0.015056027016045375,0.015056027016045375
1700,6742,50,-4.0,1,0.003311648109399568,0.003311648109399568
1701,6743,50,-15.481274008750916,1,0.017919339251225967,0.017897783632962204
1702,6744,50,-4.681270480155945,1,0.028852855838250813,0.015379758341605486
1703,6745,50,-4.350522756576538,1,0.0063959684333395,0.006089966988053358
1704,6746,50,-5.0,1,0.020241341569958382,0.020019138802859576
1705,6747,50,-7.495569705963135,1,0.009459949843992557,0.009459949843992557
1706,6748,50,0.0,1,0.008059426704626716,0.007499485510592081
1707,6749,50,-7.2584733963012695,1,0.043256545297816175,0.03073347728032923
1708,6750,50,-4.0,1,0.007344308145058441,0.007344308145058441
1709,6751,50,-5.0,1,0.010472502172243062,0.010472502172243062
1710,6752,50,-7.455902457237244,1,0.011929670800312117,0.011929670800312117
1711,6753,50,-4.0,1,0.008490336473301545,0.008426421323431556
1712,6754,50,-9.801244974136353,1,0.010339784180185578,0.010339784180185578
1713,6755,50,-43.27860987186432,1,0.05058118301692088,0.036752944738004584
1714,6756,50,-4.774080872535706,1,0.015288600610240576,0.01346843217750079
1715,6757,50,-4.0,1,0.02307555499229743,0.02307555499229743
1716,6758,50,-5.0,1,0.01369786354730762,0.01225473287181583
1717,6759,50,-3.0,1,0.01687277441070716,0.01687277441070716
1718,6760,50,-6.655635237693787,1,0.030379224745788292,0.024639189199915056
1719,6761,50,0.0,1,0.007663314350225356,0.007426901072610152
1720,6762,50,-7.0,1,0.01929819207756266,0.01929819207756266
1721,6763,50,0.0,1,0.028281965151036845,0.028281965151036842
1722,6764,50,-5.0,1,0.01120847970371893,0.01120847970371893
1723,6765,50,-8.836533427238464,1,0.017302873013017726,0.017302873013017726
1724,6766,50,-3.0,1,0.02498699352879525,0.02498699352879525
1725,6767,50,0.0,1,0.0065626479895018715,0.0065626479895018715
1726,6768,50,-13.982807040214539,1,0.018049725972425063,0.018049725972425063
1727,6769,50,-13.220094561576843,1,0.02101416755898917,0.02101416755898917
1728,6770,50,-52.031087160110474,0,0.0629341898118475,0.061812243812174796
1729,6771,50,0.0,1,0.025906799383691108,0.01978396061919535
1730,6772,50,-12.114927291870117,1,0.019123621221251313,0.019123621221251313
1731,6773,50,-8.544390201568604,1,0.012438659559545758,0.012438659559545758
1732,6774,50,-4.0,1,0.017046582968779915,0.017046582968779915
1733,6775,50,-4.449389934539795,1,0.020339480937786116,0.0199533377872864
1734,6776,50,-4.871345043182373,1,0.03035855549295205,0.029985353023512185
1735,6777,50,-4.530345559120178,1,0.02650886509491361,0.025969622555800844
1736,6778,50,-9.76098644733429,1,0.023644332116603127,0.023644332116603127
1737,6779,50,-4.523584485054016,1,0.010331608477572689,0.006310862914259817
1738,6780,50,-12.110361099243164,1,0.013227945987375643,0.013227945987375643
1739,6781,50,-3.0,1,0.014733941928432904,0.014733941928432904
1740,6782,50,-4.334073066711426,1,0.017066568028634505,0.017066568028634505
1741,6783,50,-11.158360481262207,1,0.020197622503321647,0.02002263577868495
1742,6784,50,-49.59323859214783,1,0.05518485273910359,0.047517210591372774
1743,6785,50,-8.920957803726196,1,0.013905634983190557,0.013587012931715787
1744,6786,50,-15.310069799423218,1,0.019122623869647862,0.018787134705428095
1745,6787,50,-52.80136501789093,0,0.05125692389857459,0.05116388943492629
1746,6788,50,-4.426822781562805,1,0.015052671088856934,0.015052671088856934
1747,6789,50,-8.049599409103394,1,0.02539506046776913,0.02539506046776913
1748,6790,50,-6.918106317520142,1,0.03355343530558773,0.03355343530558773
1749,6791,50,-4.095814943313599,1,0.007791326656252703,0.007791326656252703
1750,6792,50,0.0,1,0.011149360495187362,0.011149360495187362
1751,6793,50,-22.882460474967957,1,0.004043780055682283,0.004030480920595754
1752,6794,50,-6.911055684089661,1,0.009529407304740993,0.009529407304740993
1753,6795,50,-9.013811230659485,1,0.0078241019338042,0.00782389186676779
1754,6796,50,-7.357986569404602,1,0.01538345538584272,0.01538345538584272
1755,6797,50,-4.0,1,0.017056990857155428,0.017056990857155428
1756,6798,50,0.0,1,0.026042619355341586,0.02587938415131532
1757,6799,50,-4.0,1,0.011783818464816173,0.011447273760609106
1758,6800,50,-4.326817035675049,1,0.008746296679981698,0.008586006041459822
1759,6801,50,0.0,1,0.02968156960062514,0.02966278721397191
1760,6802,50,-3.0,1,0.015462651212978615,0.015462651212978615
1761,6803,50,-4.0,1,0.02219548355377811,0.02219548355377811
1762,6804,50,-8.208931684494019,1,0.026258762173953735,0.02617437147737076
1763,6805,50,-4.841177821159363,1,0.014820936616695871,0.014820936616695871
1764,6806,50,-10.786177277565002,1,0.010147632800850787,0.010147632800850787
1765,6807,50,-9.502211570739746,1,0.017399596868068655,0.01720998596848926
1766,6808,50,-7.7177488803863525,1,0.0015015282040024235,0.0010965053327972212
1767,6809,50,-4.0,1,0.018308445608263103,0.01812783702053135
1768,6810,50,-10.0,1,0.02145969921555062,0.02145969921555062
1769,6811,50,-4.233905911445618,1,0.021600614638303966,0.021600614638303966
1770,6812,50,-4.0,1,0.038382322264723,0.03631477412695368
1771,6813,50,0.0,1,0.018589780874047744,0.018544936193944796
1772,6814,50,-4.0,1,0.021313156625246524,0.021313156625246524
1773,6815,50,-9.988473534584045,1,0.007777745932030235,0.007741420893531991
1774,6816,50,-5.301865220069885,1,0.007060790159820622,0.006890868517789725
1775,6817,50,-5.346560120582581,1,0.017112868342348677,0.017112868342348677
1776,6818,50,-4.046895384788513,1,0.0030560705196713144,0.0027500357725991982
1777,6819,50,-4.0,1,0.014507413648134791,0.009980505058895184
1778,6820,50,-4.0,1,0.03214951804310702,0.03205783195099494
1779,6821,50,-21.178776741027832,1,0.029481089123996572,0.02942302811295357
1780,6822,50,-7.798646688461304,1,0.03619706165639713,0.03619706165639713
1781,6823,50,-6.823032855987549,1,0.009277868525919022,0.004634975234492914
1782,6824,50,-6.974429130554199,1,0.017366686218563958,0.016934915834488466
1783,6825,50,-15.62149727344513,1,0.015410771706668016,0.01197729350521655
1784,6826,50,-4.052274823188782,1,0.007664720810298993,0.007664720810298993
1785,6827,50,-8.0,1,0.014891656540557645,0.012005503949182395
1786,6828,50,-4.0,1,0.02310354915432302,0.022699844404605332
1787,6829,50,0.0,1,0.033610085766996256,0.033262875194751525
1788,6830,50,-4.447656512260437,1,0.011196119738782238,0.01081539471151491
1789,6831,50,-4.039153456687927,1,0.020422534700786456,0.020422534700786456
1790,6832,50,-4.0,1,0.014105821045738612,0.012491034769433751
1791,6833,50,-5.346965909004211,1,0.011957193354212364,0.011957193354212364
1792,6834,50,-4.0,1,0.019165676145944863,0.019165676145944863
1793,6835,50,-7.420838356018066,1,0.011436599735626217,0.011127869899985758
1794,6836,50,0.0,1,0.012672509141210432,0.012599276037336576
1795,6837,50,-4.127668499946594,1,0.020449630661303505,0.018707510818121918
1796,6838,50,-4.434017777442932,1,0.012620528026770944,0.012066954407785914
1797,6839,50,-5.197329044342041,1,0.0051599935154234946,0.0051599935154234946
1798,6840,50,-4.350501894950867,1,0.022669377261798004,0.022579225395093123
1799,6841,50,-8.583801865577698,1,0.016736153288381232,0.016678299755488277
1800,6842,50,-10.830068230628967,1,0.02387294844263517,0.023692555897411677
1801,6843,50,-3.0,1,0.01268352974548501,0.012584474975626985
1802,6844,50,-4.862252354621887,1,0.018524884168463707,0.018524884168463707
1803,6845,50,-4.0,1,0.002504812651613328,0.002504812651613328
1804,6846,50,-9.0,1,0.005532995925104779,0.00550568961241838
1805,6847,50,-3.0,1,0.023753724402338777,0.018497176810496722
1806,6848,50,-3.0,1,0.009939627358991864,0.009939627358991864
1807,6849,50,0.0,1,0.006956428501293596,0.006956428501293589
1808,6850,50,-17.0,1,0.04959700875528291,0.0493153036930739
1809,6851,50,-8.02236270904541,1,0.01991570330834418,0.01991570330834418
1810,6852,50,0.0,1,0.02385495517785043,0.023698358852446665
1811,6853,50,-4.0,1,0.02892839182663567,0.0287224981259116
1812,6854,50,-7.841184735298157,1,0.014152222559990199,0.013707236394721304
1813,6855,50,-7.517866253852844,1,0.005080118247680414,0.005080118247680414
1814,6856,50,-7.630519509315491,1,0.013474491127940559,0.013474491127940559
1815,6857,50,-9.533019542694092,1,0.017527857294050885,0.01702677529274107
1816,6858,50,-7.0,1,0.022775616630734578,0.022775616630734578
1817,6859,50,-4.08971381187439,1,0.020831535965937554,0.020831535965937554
1818,6860,50,-7.0,1,0.022745478386039776,0.022745478386039776
1819,6861,50,-6.929116606712341,1,0.025453374036555544,0.025164673345209637
1820,6862,50,-4.018692851066589,1,0.008064462929452818,0.008022852501671486
1821,6863,50,-4.532961368560791,1,0.010397971053984255,0.010397971053984255
1822,6864,50,-9.575379252433777,1,0.013047015155908568,0.013047015155908568
1823,6865,50,-6.836654305458069,1,0.005358528197959325,0.005021572136555141
1824,6866,50,-5.307779550552368,1,0.019983308966353478,0.019385615052870328
1825,6867,50,-3.0,1,0.019388740188582863,0.019262801626405323
1826,6868,50,-7.0,1,0.019759666839811865,0.019759666839811865
1827,6869,50,-4.189890742301941,1,0.019642415656304268,0.019285181616737247
1828,6870,50,-8.098216891288757,1,0.010896495295579912,0.010896495295579912
1829,6871,50,-5.845391869544983,1,0.008422347132763837,0.00789415499800845
1830,6872,50,-6.664673686027527,1,0.009451556773835414,0.009297223332173634
1831,6873,50,-4.0,1,0.01868526776687867,0.01868526776687867
1832,6874,50,-52.04080152511597,0,0.06442790772081718,0.06391590874004467
1833,6875,50,-8.015008091926575,1,0.009433722818027892,0.009419447977885825
1834,6876,50,-6.776678919792175,1,0.0030530443509116426,0.002996129726854083
1835,6877,50,-5.490689992904663,1,0.007733600397841474,0.007283430130467103
1836,6878,50,-12.5220388174057,1,0.021942538353117606,0.021942538353117606
1837,6879,50,-3.0,1,0.026563959439382275,0.026366142041462905
1838,6880,50,-12.072393298149109,1,0.015185999814221066,0.015185999814221066
1839,6881,50,-6.515380620956421,1,0.029970598905673846,0.029803012642264932
1840,6882,50,-8.172762274742126,1,0.017458990734756697,0.016955142483159897
1841,6883,50,-55.199045300483704,0,0.11781483492631734,0.11754966842958801
1842,6884,50,-51.156270146369934,0,0.053110947184888284,0.052973757177208286
1843,6885,50,-3.0,1,0.026376470547568122,0.026178568825421633
1844,6886,50,-4.058553338050842,1,0.022845899232780076,0.02263763151992577
1845,6887,50,-12.527677297592163,1,0.01860744448364388,0.018519494552789523
1846,6888,50,-3.0,1,0.025906496327652434,0.025906496327652434
1847,6889,50,-4.0,1,0.015485353948360717,0.008255698619294411
1848,6890,50,-14.16416597366333,1,0.025853082074230645,0.025853082074230645
1849,6891,50,-9.117920875549316,1,0.019777894093192493,0.019777894093192493
1850,6892,50,-3.0,1,0.02343718450508419,0.02343718450508419
1851,6893,50,0.0,1,0.026428912322429707,0.026428912322429707
1852,6894,50,0.0,1,0.006661384070943612,0.006661384070943612
1853,6895,50,-8.330642580986023,1,0.008678572812894253,0.008678572812894253
1854,6896,50,-8.307547092437744,1,0.021611117056575056,0.021611117056575056
1855,6897,50,0.0,1,0.01921891219773032,0.013332764074074858
1856,6898,50,-7.99949038028717,1,0.029546515456541862,0.027802120828994796
1857,6899,50,0.0,1,0.013487819603158955,0.007941813861099394
1858,6900,50,-15.7858145236969,1,0.02298673012575406,0.022755022919198217
1859,6901,50,-5.0,1,0.015219187708656547,0.015171095826457355
1860,6902,50,-4.0,1,0.016099360896538656,0.016099360896538656
1861,6903,50,-6.793598055839539,1,0.03240614948782598,0.02938524195239993
1862,6904,50,-8.82955276966095,1,0.024356391940080466,0.024274196753243583
1863,6905,50,-4.665316104888916,1,0.010432372691041695,0.010432372691041695
1864,6906,50,0.0,1,0.017382809797742645,0.017382809797742645
1865,6907,50,-7.951568007469177,1,0.017436107596157407,0.017436107596157407
1866,6908,50,-4.179876446723938,1,0.011634782157968896,0.011344163579216703
1867,6909,50,0.0,1,0.015891601335426855,0.015891601335426855
1868,6910,50,-10.017112374305725,1,0.014393002948515046,0.014371112410353751
1869,6911,50,-5.346816062927246,1,0.008985542975570408,0.008985542975570408
1870,6912,50,-4.0,1,0.02526740963245461,0.02526740963245461
1871,6913,50,-7.22498095035553,1,0.02045886640660699,0.018976232187536107
1872,6914,50,-4.0,1,0.004696640087035793,0.004584427069197654
1873,6915,50,-3.0,1,0.029622264830942924,0.029622264830942924
1874,6916,50,-3.0,1,0.015184453676960226,0.015113477126142721
1875,6917,50,-4.044493556022644,1,0.023080165698941866,0.023080165698941866
1876,6918,50,-4.802962303161621,1,0.02103432563790928,0.02103432563790928
1877,6919,50,-3.0,1,0.020547726259327433,0.016581295738716556
1878,6920,50,-4.010814666748047,1,0.01620755010688234,0.01620755010688234
1879,6921,50,-4.243097901344299,1,0.011025575825234873,0.011025575825234873
1880,6922,50,0.0,1,0.011598103254742448,0.011598103254742448
1881,6923,50,-4.882546067237854,1,0.02412345559651792,0.024120727917632055
1882,6924,50,-4.0,1,0.023327267703330167,0.023327267703330167
1883,6925,50,-6.988274097442627,1,0.027863040411084127,0.027863040411084127
1884,6926,50,-8.59080159664154,1,0.022386487048902663,0.022054931040446858
1885,6927,50,-9.060459017753601,1,0.008628585077128022,0.008628585077128022
1886,6928,50,-5.7808897495269775,1,0.007891038506091384,0.007874175695436653
1887,6929,50,-4.322990894317627,1,0.015363906697789954,0.011004514431158893
1888,6930,50,-5.0,1,0.022806898352406974,0.022413623855670983
1889,6931,50,-4.0,1,0.026036329178569424,0.025999005662114362
1890,6932,50,-7.1293827295303345,1,0.026622724439572122,0.026622724439572122
1891,6933,50,0.0,1,0.018222587379301745,0.01822258737930174
1892,6934,50,-4.421701192855835,1,0.014026823484282858,0.014026823484282858
1893,6935,50,-7.490747928619385,1,0.012636735590574426,0.007542080243718241
1894,6936,50,-3.0,1,0.02266314987175856,0.002935898313419953
1895,6937,50,-7.703279614448547,1,0.01036936196884352,0.01036936196884352
1896,6938,50,0.0,1,0.025821090934267467,0.025821090934267467
1897,6939,50,-7.71587061882019,1,0.017345898772283968,0.01732447266728967
1898,6940,50,-8.247193813323975,1,0.028215253200317682,0.02820374359305075
1899,6941,50,-6.680444002151489,1,0.014872645652701673,0.014690326531658431
1900,6942,50,-6.065029263496399,1,0.010108106906666109,0.009855608944266467
1901,6943,50,-3.0,1,0.018345236311810415,0.017929345824142476
1902,6944,50,-8.21818208694458,1,0.01729568146515688,0.017164168220281828
1903,6945,50,-8.349916934967041,1,0.008573841167820577,0.008573841167820577
1904,6946,50,0.0,1,0.018440533711121906,0.018440533711121906
1905,6947,50,0.0,1,0.005505105432642585,0.005505105432637209
1906,6948,50,-3.0,1,0.023009104057306582,0.023009104057306582
1907,6949,50,-6.5682053565979,1,0.01755701146486661,0.01755701146486661
1908,6950,50,-5.735117554664612,1,0.020352973880895592,0.020352973880895592
1909,6951,50,-7.611252546310425,1,0.014669638138893095,0.014669638138893095
1910,6952,50,-9.870165348052979,1,0.019594042742784784,0.019594042742784784
1911,6953,50,-15.25734007358551,1,0.014017304991033284,0.014017304991033284
1912,6954,50,-7.051458239555359,1,0.013122161240997044,0.010864491868120692
1913,6955,50,-3.0,1,0.010170733935189514,0.010170733935189514
1914,6956,50,-36.048511147499084,1,0.05753658153566148,0.03254383699234468
1915,6957,50,0.0,1,0.0211339754026559,0.021133975402655897
1916,6958,50,-6.0,1,0.022865467283600414,0.022865467283600414
1917,6959,50,-4.0,1,0.016197089451658847,0.016197089451658847
1918,6960,50,-10.066107749938965,1,0.01457392185052677,0.014344562447624975
1919,6961,50,-4.0,1,0.021935807543450293,0.015014189207167846
1920,6962,50,-4.397692084312439,1,0.020083888958965613,0.020083888958965613
1921,6963,50,0.0,1,0.017060618830033843,0.016162625160127873
1922,6964,50,-4.0,1,0.030385337269439004,0.030385337269439004
1923,6965,50,-8.357637763023376,1,0.02128502653448593,0.02128502653448593
1924,6966,50,-17.17830002307892,1,0.013143965091300471,0.012793884625594372
1925,6967,50,-4.0,1,0.02327252867854527,0.023210656016345622
1926,6968,50,-4.133866548538208,1,0.009134415431558348,0.006168753386284529
1927,6969,50,-3.0,1,0.02220987054682254,0.019145583130152
1928,6970,50,-4.382292866706848,1,0.010197464759418245,0.010197464759418245
1929,6971,50,-4.0,1,0.013701615511342354,0.013701615511342354
1930,6972,50,-51.64382874965668,0,0.05062204035137644,0.05062204035137644
1931,6973,50,-4.0,1,0.02365796458365997,0.02365796458365997
1932,6974,50,-4.0,1,0.006251148245821173,0.006251148245821173
1933,6975,50,-3.0,1,0.020886962187438882,0.020084399169261958
1934,6976,50,-3.0,1,0.018181886435580726,0.018181886435580726
1935,6977,50,-9.312466979026794,1,0.013257117986353914,0.013257117986353914
1936,6978,50,-5.162564516067505,1,0.01589161323751434,0.01586009652215045
1937,6979,50,-3.0,1,0.022134866059053498,0.022134866059053498
1938,6980,50,-4.236860156059265,1,0.01376607665395057,0.01376607665395057
1939,6981,50,-4.053947806358337,1,0.013358175754153136,0.013358175754153136
1940,6982,50,-3.0,1,0.01794069088153687,0.01794069088153687
1941,6983,50,-4.4056442975997925,1,0.024045181826228914,0.023948909206927056
1942,6984,50,-4.863426327705383,1,0.02015729829984038,0.02015729829984038
1943,6985,50,-3.0,1,0.023026105793456667,0.02283634951780792
1944,6986,50,-4.067246198654175,1,0.023689201084696316,0.021250507073700953
1945,6987,50,-4.0,1,0.020169308789929105,0.01688861798177621
1946,6988,50,-4.376347064971924,1,0.0014154923907342058,0.0014154923907342058
1947,6989,50,-4.342533826828003,1,0.007359386136112758,0.007359386136112758
1948,6990,50,-4.458716511726379,1,0.02171452625692251,0.02159950631309492
1949,6991,50,-6.666905164718628,1,0.013099260589010047,0.013099260589010047
1950,6992,50,-6.79503858089447,1,0.0053541082617509965,0.0053541082617509965
1951,6993,50,-6.640167474746704,1,0.027193639564438186,0.026968189048087256
1952,6994,50,-6.0,1,0.026267944525582985,0.02598412123862102
1953,6995,50,-3.0,1,0.02116545785053046,0.011684710286579138
1954,6996,50,-4.393012762069702,1,0.014131594155666357,0.014131594155666357
1955,6997,50,-8.362627863883972,1,0.014350319730451326,0.01412008207621009
1956,6998,50,-11.035073637962341,1,0.021402000889648214,0.021402000889648214
1957,6999,50,-6.0,1,0.02760562654629322,0.027515704212413707
1958,7000,50,-4.0,1,0.02255259035694213,0.01835963086932634
1959,7001,50,-4.634241104125977,1,0.007005594796663104,0.007005594796663104
1960,7002,50,-4.88269317150116,1,0.017845905569209505,0.016195563077627942
1961,7003,50,-12.572473049163818,1,0.02212804779895109,0.02188655553988392
1962,7004,50,-5.305982828140259,1,0.01547452317006804,0.01547452317006804
1963,7005,50,-8.038533806800842,1,0.03829073257874795,0.03792990130011547
1964,7006,50,-8.97729754447937,1,0.00971484434220048,0.009527348501984745
1965,7007,50,-14.120172023773193,1,0.015203214683661852,0.015138881186290915
1966,7008,50,-4.3826751708984375,1,0.009054995035254683,0.008569476272290029
1967,7009,50,0.0,1,0.024119907649676676,0.023538717981367765
1968,7010,50,-15.988561511039734,1,0.018426956807454035,0.0183953332517716
1969,7011,50,-4.781814694404602,1,0.024188575472708973,0.024164481935581295
1970,7012,50,-4.624512791633606,1,0.021678864285567874,0.021435518688377547
1971,7013,50,-9.862767219543457,1,0.021378926574687714,0.021378926574687714
1972,7014,50,-4.545250773429871,1,0.01055004437808379,0.010000662943562935
1973,7015,50,-3.0,1,0.023675032429065417,0.023675032429065417
1974,7016,50,-4.089612603187561,1,0.009183357078739508,0.009183357078739508
1975,7017,50,-7.945844292640686,1,0.012393290454173868,0.012393290454173868
1976,7018,50,-3.0,1,0.03240428455266236,0.03195523939941913
1977,7019,50,-8.287666082382202,1,0.01489186576629429,0.01489186576629429
1978,7020,50,-6.11798095703125,1,0.030651044805725332,0.030651044805725332
1979,7021,50,-6.995156288146973,1,0.010610599985804534,0.010610599985804534
1980,7022,50,-51.901233434677124,0,0.05521825002648175,0.05485683117323181
1981,7023,50,-4.0,1,0.02160615814751316,0.02160615814751316
1982,7024,50,-3.0,1,0.019641554888686706,0.019446756665734786
1983,7025,50,0.0,1,0.010053811976184818,0.010053811976184813
1984,7026,50,-7.820218205451965,1,0.04626411852633352,0.04570513263759452
1985,7027,50,-4.0,1,0.00930687353461953,0.009035767245910506
1986,7028,50,-4.103520393371582,1,0.03130188797081592,0.031145097861187607
1987,7029,50,-3.0,1,0.009417777636873275,0.008981559562543637
1988,7030,50,-4.0,1,0.012305093847417162,0.012305093847417162
1989,7031,50,-11.0,1,0.017667609793542812,0.017384720613304348
1990,7032,50,-7.0,1,0.017523068675931213,0.017523068675931213
1991,7033,50,-4.0,1,0.015689929171748024,0.015689929171748024
1992,7034,50,-4.452625036239624,1,0.018934418882670893,0.018934418882670893
1993,7035,50,-6.780104994773865,1,0.00760943680386219,0.0074325112066805565
1994,7036,50,-5.602014541625977,1,0.016807066482322816,0.016807066482322816
1995,7037,50,-8.690352201461792,1,0.022876526200512223,0.022544993287084054
1996,7038,50,-9.347084045410156,1,0.011203022966952938,0.011203022966952938
1997,7039,50,0.0,1,0.03440496647760456,0.034404966477604555
1998,7040,50,-3.0,1,0.013142706698644218,0.003992753011216762
1999,7041,50,-3.0,1,0.009151403699081698,0.009145840374830093
