episode,seed,steps,return,success,final_distance,min_distance
0,5042,50,-5.591653227806091,1,0.008047822113669134,0.007908944192562923
1,5043,50,-9.358168125152588,1,0.0034865226149599663,0.0034865226149599663
2,5044,50,-4.0,1,0.008283446623159446,0.008283446623159446
3,5045,50,-7.884477496147156,1,0.03928041228408718,0.0391269964401536
4,5046,50,0.0,1,0.011343117214770963,0.011343117214761859
5,5047,50,-9.580757856369019,1,0.027220638150598456,0.027044458839746224
6,5048,50,-9.302637577056885,1,0.013671155819521264,0.013671155819521264
7,5049,50,-15.841294050216675,1,0.02520695115281618,0.02520695115281618
8,5050,50,-4.124744176864624,1,0.014132678127876233,0.014132678127876233
9,5051,50,-3.0,1,0.009748554255958034,0.009748551349472312
10,5052,50,-4.0,1,0.007846735590618582,0.007841776171917664
11,5053,50,0.0,1,0.01272336871360268,0.01272336871360268
12,5054,50,-3.0,1,0.017694294108015894,0.015170683846563645
13,5055,50,-9.160622477531433,1,0.02603005785066585,0.023464391392695846
14,5056,50,-4.083029389381409,1,0.007046043045978377,0.007046043045978377
15,5057,50,-6.0,1,0.008500894392670563,0.00847066112073497
16,5058,50,-3.0,1,0.011813230415208277,0.011813230415208277
17,5059,50,-3.0,1,0.012716426207378964,0.012716426207378964
18,5060,50,-6.631687641143799,1,0.01596193245673443,0.01596193245673443
19,5061,50,-8.428675889968872,1,0.01977817143825371,0.019578921145208567
20,5062,50,-9.83420193195343,1,0.013608038693548584,0.013608038693548584
21,5063,50,-11.341908812522888,1,0.017331229503811982,0.012176164267762541
22,5064,50,-8.119051337242126,1,0.015795028864726775,0.015795028864726775
23,5065,50,-9.632745623588562,1,0.015939879664374802,0.015939879664374802
24,5066,50,-4.0111894607543945,1,0.003775655107660416,0.003775655107660416
25,5067,50,-8.484494686126709,1,0.03393964691334859,0.03393964691334859
26,5068,50,-6.409122347831726,1,0.001857159133218201,0.0015660971077366957
27,5069,50,-4.0,1,0.010813022874108512,0.010767430026974407
28,5070,50,-16.27085554599762,1,0.015989881788800987,0.013710374333652697
29,5071,50,0.0,1,0.01882637075529461,0.018509115551556224
30,5072,50,-5.0,1,0.013839102876041239,0.011539835487964348
31,5073,50,-5.05132782459259,1,0.017853696491710355,0.017002025413382287
32,5074,50,-7.175436735153198,1,0.015621868942193093,0.015317231893272594
33,5075,50,-4.086561679840088,1,0.011474258796487493,0.011396492844510851
34,5076,50,-8.347055912017822,1,0.01075910676524708,0.007199278456732565
35,5077,50,-9.44387149810791,1,0.027487250290696347,0.02731935298637925
36,5078,50,-9.57637071609497,1,0.008419703804709935,0.008419703804709935
37,5079,50,-4.465838313102722,1,0.013874043998204725,0.013874043998204725
38,5080,50,-10.654896140098572,1,0.015969600424412735,0.015353062419865532
39,5081,50,-4.0,1,0.007738437659384067,0.007738437659384067
40,5082,50,-3.0,1,0.019071932541795133,0.019071932541795133
41,5083,50,-3.0,1,0.012010934910147854,0.006863947292280942
42,5084,50,-7.405697703361511,1,0.012754769106202591,0.011278518007449133
43,5085,50,-4.0,1,0.013977771737988708,0.013977771737988708
44,5086,50,-9.274367928504944,1,0.02207523629024762,0.021703192108356667
45,5087,50,0.0,1,0.013910276028958647,0.012387705005121201
46,5088,50,-16.049916982650757,1,0.014803832685960826,0.014483152474719851
47,5089,50,-6.7901771068573,1,0.016712365959695843,0.016697328115225764
48,5090,50,0.0,1,0.004111656146920719,0.004111656146920719
49,5091,50,-5.0,1,0.010057094212418854,0.010057094212418854
50,5092,50,-3.0,1,0.017321168179203813,0.017321168179203813
51,5093,50,-6.107138752937317,1,0.015891870237163035,0.012793968417425847
52,5094,50,-4.907817840576172,1,0.01503573205908165,0.009417568132670934
53,5095,50,-4.501804232597351,1,0.017520636474340615,0.017345188231088767
54,5096,50,-6.889076590538025,1,0.021217828117657003,0.01780451607249738
55,5097,50,-6.242087244987488,1,0.00293147812948895,0.00293147812948895
56,5098,50,-6.639234900474548,1,0.0228079515685065,0.0228079515685065
57,5099,50,-6.888371706008911,1,0.03711423213611359,0.03694265202106466
58,5100,50,-4.0,1,0.026689723206871834,0.026678020229213107
59,5101,50,-5.073494791984558,1,0.01291567712266709,0.01291567712266709
60,5102,50,-13.69433319568634,1,0.02512086544167564,0.023521503181564877
61,5103,50,-3.0,1,0.01780425518854561,0.01745978209669821
62,5104,50,-8.0,1,0.021178378655701477,0.021178378655701477
63,5105,50,-4.0,1,0.027775127391911333,0.027549641407582516
64,5106,50,-7.421915173530579,1,0.024129577602525126,0.022032135149136496
65,5107,50,-4.4121503829956055,1,0.003601024705624564,0.0035445404914394986
66,5108,50,-4.0,1,0.023393391505859795,0.023393391505859795
67,5109,50,-6.8118897676467896,1,0.022363812639804578,0.02053739102554028
68,5110,50,-6.788336753845215,1,0.011331918369078518,0.011331918369078518
69,5111,50,-13.645537495613098,1,0.01417441154464513,0.01417441154464513
70,5112,50,-5.263247132301331,1,0.010828137907347865,0.010828137907347865
71,5113,50,-4.0,1,0.0023705593033010626,0.0020460822955927
72,5114,50,-59.98177146911621,0,0.19097144447232628,0.10514881736783074
73,5115,50,-3.0,1,0.017402038845430404,0.017402038845430404
74,5116,50,-4.707777261734009,1,0.015938139921656692,0.015938139921656692
75,5117,50,-4.4501179456710815,1,0.012239682098906534,0.008201350218140325
76,5118,50,-7.754908919334412,1,0.022106348710120946,0.022106348710120946
77,5119,50,-50.323768973350525,0,0.05165823893350546,0.05136301707565612
78,5120,50,-8.378758788108826,1,0.014002383449493394,0.012392475841164147
79,5121,50,-3.0,1,0.012071442975364392,0.011886136471025788
80,5122,50,0.0,1,0.01694290563383251,0.01618303623603481
81,5123,50,-4.56500768661499,1,0.008053877638500476,0.00779116148150757
82,5124,50,-7.6379159688949585,1,0.010024405336828706,0.010024405336828706
83,5125,50,-8.556192994117737,1,0.0198257088658508,0.0198257088658508
84,5126,50,0.0,1,0.01571910942506381,0.0152838829194346
85,5127,50,-4.0,1,0.0170544739608902,0.0170544739608902
86,5128,50,-7.1807801723480225,1,0.006649752736193415,0.006286755481965101
87,5129,50,-52.01227939128876,0,0.08162361761187513,0.07912040586269366
88,5130,50,-15.27247440814972,1,0.01653965585048974,0.011574963801354548
89,5131,50,-4.0,1,0.014560077690378105,0.014560077690378105
90,5132,50,-4.0,1,0.010242316122100527,0.009802942482356638
91,5133,50,-5.7229509353637695,1,0.01886515134668418,0.01886515134668418
92,5134,50,-5.004829406738281,1,0.0032488392322510343,0.0028875050101409864
93,5135,50,-4.041385054588318,1,0.012390250051711618,0.01191896034541855
94,5136,50,-3.0,1,0.01514516772834717,0.014403019746253064
95,5137,50,-4.035489201545715,1,0.014528387022885437,0.014528387022885437
96,5138,50,-4.0,1,0.01928972351230019,0.01877356008187043
97,5139,50,-4.0,1,0.012601544973818195,0.007831125798008902
98,5140,50,-4.0,1,0.018417514064738755,0.018417514064738755
99,5141,50,-4.046381115913391,1,0.01762607878706267,0.01762607878706267
100,5142,50,-37.954644322395325,1,0.06137405614783533,0.03384147968579602
101,5143,50,-6.828079342842102,1,0.012337880713521118,0.012337880713521118
102,5144,50,-6.399412512779236,1,0.01023488652317535,0.01023488652317535
103,5145,50,-8.357817769050598,1,0.020711920131400743,0.02038261830500826
104,5146,50,-6.830812931060791,1,0.01323158182711327,0.013107397989249172
105,5147,50,-9.238713264465332,1,0.024121238186313173,0.024121238186313173
106,5148,50,-4.451717495918274,1,0.011638526524431371,0.011638526524431371
107,5149,50,-4.287996292114258,1,0.022304368069629425,0.022304368069629425
108,5150,50,-8.355395913124084,1,0.047025239506285184,0.03616483304212047
109,5151,50,-9.0,1,0.020399933120477633,0.014954280378577033
110,5152,50,-4.631604552268982,1,0.011611380572785683,0.011611380572785683
111,5153,50,-10.06883692741394,1,0.03297053616700824,0.03297053616700824
112,5154,50,0.0,1,0.013892543326680414,0.013892543326680414
113,5155,50,-9.1110360622406,1,0.020837378852352442,0.020837378852352442
114,5156,50,-5.017576813697815,1,0.038335422618845115,0.0382948813134474
115,5157,50,-6.480797529220581,1,0.016862226734710318,0.016627168687210103
116,5158,50,-4.980034112930298,1,0.014507680133032655,0.014086049486738252
117,5159,50,-11.412739396095276,1,0.018624654143981387,0.018624654143981387
118,5160,50,-5.0,1,0.015247558891542829,0.015247558891542829
119,5161,50,-4.0,1,0.014059213543458453,0.013745386623900725
120,5162,50,-5.998705625534058,1,0.01266070814705743,0.01266070814705743
121,5163,50,-4.716789245605469,1,0.022391298409043945,0.022391298409043945
122,5164,50,-5.319206118583679,1,0.020050740132022793,0.01953018654362949
123,5165,50,-4.0,1,0.015951952878543774,0.015547975994126327
124,5166,50,-12.121365785598755,1,0.02023436326937623,0.017039592286764178
125,5167,50,-4.244365334510803,1,0.019065821661918662,0.01826323325719025
126,5168,50,-11.243756413459778,1,0.012825799053280088,0.01079690953231043
127,5169,50,-3.0,1,0.019001228901494766,0.016464449598208718
128,5170,50,-3.0,1,0.012330756767550695,0.012041663854465395
129,5171,50,-4.0,1,0.008301461306139487,0.008301461306139487
130,5172,50,-4.036179423332214,1,0.01974300626108235,0.01974300626108235
131,5173,50,-3.0,1,0.03272461073009249,0.03243980639245964
132,5174,50,-59.59874641895294,1,0.20838653959224004,0.04134222139286543
133,5175,50,-5.0,1,0.018974507790196923,0.018974507790196923
134,5176,50,-3.0,1,0.016282175361191403,0.01140913811201163
135,5177,50,-9.253145575523376,1,0.029130385529958284,0.029130385529958284
136,5178,50,-4.115037441253662,1,0.014577520995552765,0.014577520995552765
137,5179,50,-4.0,1,0.009087847319687216,0.009087847319687216
138,5180,50,-19.271084308624268,1,0.020369884995535156,0.020212985072192453
139,5181,50,-4.894763350486755,1,0.015226714235598753,0.015090563172090296
140,5182,50,-3.0,1,0.02490860998410203,0.02148202081634706
141,5183,50,-4.0,1,0.019767183631969863,0.019767183631969863
142,5184,50,-4.0,1,0.02180773245139911,0.021497642205448288
143,5185,50,-3.0,1,0.012344854462898947,0.012124807375812185
144,5186,50,0.0,1,0.01668854520569252,0.016688545205692518
145,5187,50,-4.415889859199524,1,0.024150330430397823,0.024150330430397823
146,5188,50,-4.2585369348526,1,0.016193477462554888,0.016193477462554888
147,5189,50,-4.736267447471619,1,0.022433317739878736,0.022050851088735966
148,5190,50,-6.26403546333313,1,0.012176444583615581,0.012176444583615581
149,5191,50,-6.832937598228455,1,0.014849383818353525,0.014849383818353525
150,5192,50,-4.0,1,0.031036341832479133,0.031036341832479133
151,5193,50,-16.69386124610901,1,0.020765119047352516,0.020765119047352516
152,5194,50,0.0,1,0.008933125818185709,0.008933125818185709
153,5195,50,-3.0,1,0.03266885492462853,0.03213446456945236
154,5196,50,-7.269375443458557,1,0.020560795811089612,0.01941569213899073
155,5197,50,-9.662013292312622,1,0.012701804637611716,0.012654981542210179
156,5198,50,-51.490270495414734,0,0.05953720156723227,0.05950883411984831
157,5199,50,-4.658482909202576,1,0.027923468034009004,0.027014635821453553
158,5200,50,-51.27737534046173,0,0.05943685896953776,0.05921037858515994
159,5201,50,0.0,1,0.004947873442302847,0.004947873442300085
160,5202,50,-21.857939839363098,1,0.009724089564448271,0.009328921477235857
161,5203,50,-5.094375252723694,1,0.01323318018184373,0.011685947891717762
162,5204,50,-7.089009642601013,1,0.014356428337098251,0.014356428337098251
163,5205,50,-8.27315080165863,1,0.022914222211175093,0.02263888383321022
164,5206,50,0.0,1,0.01480002179897345,0.01480002179897345
165,5207,50,-50.81591534614563,0,0.07666253052174679,0.06851308921809166
166,5208,50,-12.345089316368103,1,0.04370466275766719,0.043428516459147436
167,5209,50,-3.0,1,0.021092690969478287,0.021092690969478287
168,5210,50,-5.0,1,0.011611520650181804,0.011536550834241655
169,5211,50,-4.049722790718079,1,0.03638513790328357,0.03638513790328357
170,5212,50,-4.350964069366455,1,0.022263299004791105,0.02132547213067842
171,5213,50,-51.939417362213135,0,0.08923660316272328,0.08885537901602879
172,5214,50,-4.0,1,0.009514921608998401,0.009514921608998401
173,5215,50,-4.0,1,0.011489158776702228,0.011420168177522474
174,5216,50,-4.0,1,0.014062851048039763,0.014062851048039763
175,5217,50,-4.581504940986633,1,0.025496969019255217,0.02512506134272121
176,5218,50,-5.080495357513428,1,0.022976164146849255,0.02285814649703398
177,5219,50,-6.657001972198486,1,0.019328476721489733,0.011184949166202733
178,5220,50,-7.175985097885132,1,0.014173782309587461,0.013911745628672572
179,5221,50,-12.578067064285278,1,0.013966224671971672,0.013517967883651259
180,5222,50,-4.0,1,0.016546761344199287,0.016546761344199287
181,5223,50,-6.281873822212219,1,0.044660061431603434,0.04435452746760903
182,5224,50,-4.978754878044128,1,0.015439583098552194,0.01536767643661639
183,5225,50,-6.796284437179565,1,0.012783999995854662,0.012783999995854662
184,5226,50,-4.4267730712890625,1,0.03243132668962977,0.03243132668962977
185,5227,50,-51.61897075176239,0,0.0658898492595417,0.0658898492595417
186,5228,50,-9.792065620422363,1,0.0107649440502685,0.0107649440502685
187,5229,50,-3.0,1,0.01496259044913824,0.01496259044913824
188,5230,50,-3.0,1,0.0025342736805224393,0.0025342736805224393
189,5231,50,-3.0,1,0.012358106393587578,0.010942219763401526
190,5232,50,0.0,1,0.009674731357133226,0.009674731357133226
191,5233,50,-4.291192054748535,1,0.03668937612119984,0.03617740435520555
192,5234,50,-4.139254570007324,1,0.02645635989852338,0.02609827981163316
193,5235,50,-3.0,1,0.0035502277545020233,0.0033818210680444678
194,5236,50,-3.0,1,0.007257786190070505,0.007257786190070505
195,5237,50,-8.021928310394287,1,0.011225948192857235,0.01113333207073597
196,5238,50,-6.909150004386902,1,0.005646966993429547,0.005314536406343461
197,5239,50,-4.0,1,0.01967541857423788,0.01895484761675086
198,5240,50,-4.492283821105957,1,0.008691049762073388,0.008691049762073388
199,5241,50,-8.978050827980042,1,0.011497594299532253,0.011497594299532253
200,5242,50,-8.209121346473694,1,0.009113310264271823,0.008977801239610525
201,5243,50,-4.133057713508606,1,0.013252487299012908,0.013251829503926591
202,5244,50,-5.0140591859817505,1,0.047098171045542175,0.047098171045542175
203,5245,50,-4.089545726776123,1,0.014849832936419357,0.014849832936419357
204,5246,50,0.0,1,0.01370604632652691,0.01283864782086639
205,5247,50,-4.0,1,0.031801757199888675,0.03147346854090622
206,5248,50,-10.450592756271362,1,0.0017368603614719392,0.0016218350015391328
207,5249,50,-5.564824223518372,1,0.03053429847031104,0.030320623197349995
208,5250,50,-3.0,1,0.020087730150490524,0.020087730150490524
209,5251,50,-19.015599012374878,1,0.021486413324755396,0.021486413324755396
210,5252,50,-4.0,1,0.024563926759526067,0.022287632626057152
211,5253,50,-15.028893828392029,1,0.013905978705488575,0.013905978705488575
212,5254,50,-7.292845606803894,1,0.01408105199776962,0.01408105199776962
213,5255,50,-51.23752164840698,0,0.0547392422489891,0.05327088665801116
214,5256,50,-4.0,1,0.010220993200289673,0.010220993200289673
215,5257,50,-4.0,1,0.012089212593834749,0.011847241982574188
216,5258,50,-7.134800672531128,1,0.009021082849639596,0.006669077350303716
217,5259,50,-5.508059501647949,1,0.00865341035691558,0.00854510743438003
218,5260,50,-4.0,1,0.018992483603997554,0.018975315976410168
219,5261,50,-4.0,1,0.007338849402300056,0.007338849402300056
220,5262,50,-5.514776229858398,1,0.007616303489587135,0.0073802012074868075
221,5263,50,-51.488529086112976,0,0.10792009548603343,0.10792009548603343
222,5264,50,-4.0,1,0.021860189471703095,0.02134309835853108
223,5265,50,-6.95771586894989,1,0.01280791312316246,0.012571499769941659
224,5266,50,0.0,1,0.014094324338211792,0.014094324338211789
225,5267,50,-4.562364935874939,1,0.018318059769047084,0.013263080039845877
226,5268,50,-8.683430790901184,1,0.008728914803404793,0.008439783841712449
227,5269,50,-42.099066853523254,1,0.15048175034461309,0.028937060761700103
228,5270,50,-7.123249292373657,1,0.007675176957359621,0.007675176957359621
229,5271,50,-8.382590889930725,1,0.01305941828512797,0.01305941828512797
230,5272,50,-8.685447335243225,1,0.015319270530346759,0.015319270530346759
231,5273,50,-9.31565260887146,1,0.015607512397294479,0.015607512397294479
232,5274,50,-4.0,1,0.01272441141077642,0.01272441141077642
233,5275,50,-50.80031156539917,0,0.08021995791135911,0.08021995791135911
234,5276,50,-6.66454815864563,1,0.01678678479953349,0.01678678479953349
235,5277,50,-4.520959734916687,1,0.019233314705997467,0.019233314705997467
236,5278,50,-5.0,1,0.01807884273801415,0.014831427211561266
237,5279,50,-48.520479917526245,1,0.10453738185487997,0.020411931353892184
238,5280,50,-4.527504563331604,1,0.019606315297659056,0.017155399593742626
239,5281,50,-3.0,1,0.014192733036876706,0.014192733036876706
240,5282,50,0.0,1,0.008206080239565932,0.00792344933966879
241,5283,50,-11.323990821838379,1,0.0113057952796305,0.0113057952796305
242,5284,50,-5.173324346542358,1,0.01829749477535283,0.0176662643582829
243,5285,50,-3.0,1,0.011755710052692903,0.011755710052692903
244,5286,50,-4.0,1,0.013832351140769418,0.008502017826177447
245,5287,50,-4.371421933174133,1,0.015534705721448166,0.01518755091539754
246,5288,50,-13.616157412528992,1,0.009610683174172054,0.007322095118308663
247,5289,50,0.0,1,0.012991169084524919,0.012991169084524919
248,5290,50,0.0,1,0.0067192230635670655,0.0067192230635670655
249,5291,50,-19.248334527015686,1,0.015722367554643,0.015722367554643
250,5292,50,-9.75588047504425,1,0.026808599184668512,0.026808599184668512
251,5293,50,-12.638489842414856,1,0.014034950644947072,0.014034950644947072
252,5294,50,-12.23481798171997,1,0.021721599541050116,0.016845443708231083
253,5295,50,0.0,1,0.005766628820936282,0.005766628820936282
254,5296,50,-3.0,1,0.02101009388330349,0.02101009388330349
255,5297,50,-4.46752655506134,1,0.021875433575388428,0.021875433575388428
256,5298,50,-4.0,1,0.01573638476347889,0.015491373415945727
257,5299,50,-4.837062358856201,1,0.02946423223374155,0.02946423223374155
258,5300,50,-12.944293022155762,1,0.01422371455242745,0.01422371455242745
259,5301,50,-4.480809688568115,1,0.0354224171142713,0.03539787340794582
260,5302,50,-10.390118598937988,1,0.011230165369670581,0.009528921002471213
261,5303,50,-4.513254642486572,1,0.018054205879616106,0.017540628708386137
262,5304,50,-4.245413541793823,1,0.02717436074517837,0.02717436074517837
263,5305,50,-8.709148168563843,1,0.022931362534308063,0.022931362534308063
264,5306,50,-4.0,1,0.029694937930152144,0.029694937930152144
265,5307,50,-3.0,1,0.010690674925885654,0.010690674925885654
266,5308,50,-6.61482298374176,1,0.015356452764805325,0.013865308665885798
267,5309,50,-9.333028316497803,1,0.02596785717610214,0.02596785717610214
268,5310,50,-17.296021580696106,1,0.0058706368833117495,0.0058706368833117495
269,5311,50,-4.0,1,0.028252905957357296,0.028252905957357296
270,5312,50,-4.44552755355835,1,0.01208873794573481,0.01208873794573481
271,5313,50,-12.111249923706055,1,0.01614005742871956,0.015520594634863995
272,5314,50,0.0,1,0.013401947369908473,0.013401947369908473
273,5315,50,-5.110762119293213,1,0.017007061006487516,0.017007061006487516
274,5316,50,-6.727806091308594,1,0.012188570058415168,0.003955610287370966
275,5317,50,-4.100092172622681,1,0.01797066276745153,0.017482103321770456
276,5318,50,-48.76875853538513,1,0.1033798279871591,0.025817198716801507
277,5319,50,-7.313065052032471,1,0.016118963261982245,0.015988026787385392
278,5320,50,-4.193243384361267,1,0.016815131022291263,0.016815131022291263
279,5321,50,-4.280466675758362,1,0.026114523769649962,0.02554649562248434
280,5322,50,-9.491287589073181,1,0.0130013994149929,0.012716713254590235
281,5323,50,-4.209456920623779,1,0.01662244054322779,0.01662244054322779
282,5324,50,-22.319717049598694,1,0.03111821007750593,0.020078288398711588
283,5325,50,-11.213091611862183,1,0.008015303121652299,0.007548235437433158
284,5326,50,-15.46789538860321,1,0.01876124867545046,0.018578806911635645
285,5327,50,-4.051846742630005,1,0.03442204744338501,0.034050392465589725
286,5328,50,-11.363927721977234,1,0.009860262618244036,0.009730591258999641
287,5329,50,-4.103487491607666,1,0.005123109260286322,0.005123109260286322
288,5330,50,-5.0,1,0.007968031971555146,0.007968031971555146
289,5331,50,-3.0,1,0.016484561994124118,0.016484561994124118
290,5332,50,-11.344628691673279,1,0.016356303010269444,0.016143861818634996
291,5333,50,0.0,1,0.008893111570209828,0.008314799974119576
292,5334,50,-8.722201943397522,1,0.0163536780451331,0.0163536780451331
293,5335,50,-3.0,1,0.01232487885718229,0.01232487885718229
294,5336,50,-4.029102325439453,1,0.018746005455639942,0.01676175880869844
295,5337,50,-8.987013101577759,1,0.023412256365386165,0.023412256365386165
296,5338,50,-12.709293127059937,1,0.015182426742214135,0.013555146966281743
297,5339,50,-9.421016216278076,1,0.012956655058349123,0.012723425188646545
298,5340,50,-9.625264406204224,1,0.013674667995729747,0.013674667995729747
299,5341,50,-12.098514437675476,1,0.0453342847928459,0.04495567512562142
300,5342,50,-6.921501398086548,1,0.012102192577989602,0.011960897112438942
301,5343,50,-4.384140729904175,1,0.0044388515756544665,0.0044388515756544665
302,5344,50,-10.806693077087402,1,0.014113056045857891,0.014113056045857891
303,5345,50,-4.0,1,0.010843454989617328,0.010843454989617328
304,5346,50,-3.0,1,0.014747358260322864,0.014622567959766014
305,5347,50,0.0,1,0.020768116196799063,0.020410019725542208
306,5348,50,-6.974470257759094,1,0.02455477525290524,0.024411142022323033
307,5349,50,-5.576615571975708,1,0.012325102702615165,0.012325102702615165
308,5350,50,0.0,1,0.01312778137966222,0.01312778137966222
309,5351,50,-4.0,1,0.01918917374752571,0.01918917374752571
310,5352,50,-4.451314330101013,1,0.005193521367186164,0.005108931276860379
311,5353,50,-4.081834554672241,1,0.011909317330046049,0.011909317330046049
312,5354,50,-8.924683332443237,1,0.02457292246920922,0.02437103713958922
313,5355,50,-10.868531942367554,1,0.02175422936887241,0.02155041076784923
314,5356,50,-5.0,1,0.00935465576101073,0.008015300196597271
315,5357,50,-5.0,1,0.011264831058657113,0.011264831058657113
316,5358,50,-13.205965638160706,1,0.016260915795364872,0.015832703789803514
317,5359,50,-10.608774542808533,1,0.020234540983388793,0.020234540983388793
318,5360,50,-4.0,1,0.014007712072638885,0.013788329882524212
319,5361,50,-37.138596534729004,1,0.08286221850783465,0.030105969074706133
320,5362,50,-8.73735761642456,1,0.011861932439208531,0.011861932439208531
321,5363,50,-4.215075612068176,1,0.021094898651563894,0.021094898651563894
322,5364,50,-59.451682448387146,1,0.3159460862223854,0.027618774872792712
323,5365,50,-4.0,1,0.01982972467155295,0.01982972467155295
324,5366,50,-7.308462142944336,1,0.024031841744716214,0.024031841744716214
325,5367,50,-20.695481419563293,1,0.010350808939423637,0.010350808939423637
326,5368,50,-7.947777032852173,1,0.012845073620911434,0.012589703728535335
327,5369,50,-4.0,1,0.01755197845555933,0.017513287358494063
328,5370,50,-4.423781752586365,1,0.015842299258174992,0.012983164707408288
329,5371,50,-47.0,1,0.1119741797037874,0.03085907761822572
330,5372,50,-5.075769901275635,1,0.022679766701616918,0.022679766701616918
331,5373,50,-14.409838557243347,1,0.019756259602298473,0.019756259602298473
332,5374,50,-4.4196860790252686,1,0.01306441619783861,0.012619069921516105
333,5375,50,-9.185803294181824,1,0.03053915004182838,0.03053915004182838
334,5376,50,-4.0,1,0.031165451861580935,0.030666731998538317
335,5377,50,-1.0,1,0.013849297255109243,0.013849297255109243
336,5378,50,-4.035480618476868,1,0.01853173363967769,0.01853173363967769
337,5379,50,-6.9025866985321045,1,0.03424671153768166,0.034115470786697195
338,5380,50,-9.418870449066162,1,0.020465747143940734,0.020322402629784995
339,5381,50,-59.247390389442444,1,0.3558700031487637,0.03443428395072707
340,5382,50,-3.0,1,0.015081428301417319,0.015081428301417319
341,5383,50,-9.463998794555664,1,0.015831295365385967,0.015831295365385967
342,5384,50,-5.0,1,0.022083561185763257,0.019112027244495636
343,5385,50,-9.530547022819519,1,0.008281167383619146,0.008166861568297093
344,5386,50,-10.831972122192383,1,0.01939255048633713,0.017744718998580718
345,5387,50,-4.0,1,0.012320583525126116,0.011828950065457465
346,5388,50,-4.470969200134277,1,0.01631816878717488,0.01631816878717488
347,5389,50,-3.0,1,0.023486861804969797,0.023089080733411045
348,5390,50,-6.013997197151184,1,0.02387080175918029,0.02376371966682843
349,5391,50,-8.85002875328064,1,0.024708772912587752,0.024708772912587752
350,5392,50,0.0,1,0.017629954684661872,0.017629954684661872
351,5393,50,-4.056666851043701,1,0.012483797755150145,0.012274002616764588
352,5394,50,-4.256903886795044,1,0.02776539983857444,0.02776539983857444
353,5395,50,-14.019731044769287,1,0.013398149698701858,0.010465546812057084
354,5396,50,0.0,1,0.007848341882901752,0.007848341882901752
355,5397,50,-4.171679615974426,1,0.005784259894485578,0.005784259894485578
356,5398,50,-11.496639609336853,1,0.008992600208196323,0.008992600208196323
357,5399,50,-3.0,1,0.018849803479958353,0.017684994717615622
358,5400,50,-4.64851987361908,1,0.02644486319230135,0.026124631679386785
359,5401,50,-6.509879231452942,1,0.015066431495071236,0.012045327626678906
360,5402,50,-7.824131488800049,1,0.012908907260043173,0.012908907260043173
361,5403,50,-4.504973649978638,1,0.015298054390908407,0.015054768710708334
362,5404,50,-3.0,1,0.014030540818503405,0.014030540818503405
363,5405,50,-4.705850601196289,1,0.012688346447469988,0.011328375188081979
364,5406,50,-8.470637321472168,1,0.025369343035056075,0.025369343035056075
365,5407,50,-6.712504029273987,1,0.0027638521715994094,0.0027638521715994094
366,5408,50,-7.023542761802673,1,0.012013557894878334,0.012013557894878334
367,5409,50,-55.34758543968201,1,0.1902988883459657,0.03748904068552185
368,5410,50,-9.408469676971436,1,0.011914118446367363,0.011456911510103423
369,5411,50,-5.0,1,0.01434874529277798,0.014240916707619454
370,5412,50,-4.0,1,0.018221623645232377,0.016824177917224563
371,5413,50,-3.0,1,0.02552549923611354,0.02547909668474296
372,5414,50,-4.0,1,0.03873378358453203,0.03873378358453203
373,5415,50,-3.0,1,0.029581734037906,0.029581734037906
374,5416,50,0.0,1,0.01301151535985116,0.01301151535985116
375,5417,50,-4.0,1,0.01421462784119545,0.009677637497159561
376,5418,50,-4.0,1,0.020647454503264367,0.020647454503264367
377,5419,50,-5.0,1,0.007631408972268205,0.007594431984690582
378,5420,50,-7.268133640289307,1,0.017094192972068097,0.01671550944368848
379,5421,50,-3.0,1,0.027937688767153735,0.027937688767153735
380,5422,50,-8.0,1,0.022553817643577716,0.022553817643577716
381,5423,50,-7.1729748249053955,1,0.014360253440137603,0.013674963930807471
382,5424,50,-51.21448814868927,0,0.05992424063814839,0.05992424063814839
383,5425,50,-6.764586925506592,1,0.01835951920440731,0.01835951920440731
384,5426,50,-4.0,1,0.02818327470886838,0.02818327470886838
385,5427,50,-11.0367032289505,1,0.005281751148719939,0.005281751148719939
386,5428,50,-3.0,1,0.009626215992497656,0.009626215992497656
387,5429,50,-4.0,1,0.011760807272996046,0.011760807272996046
388,5430,50,-10.72680950164795,1,0.016751541466761746,0.016751541466761746
389,5431,50,-3.0,1,0.010019120816812206,0.009603764731329715
390,5432,50,-4.0,1,0.016756306944685346,0.016756306944685346
391,5433,50,-9.479305267333984,1,0.017503763317080995,0.017503763317080995
392,5434,50,0.0,1,0.017815969864564376,0.017815969864564372
393,5435,50,-7.391504645347595,1,0.021395589304998283,0.021395589304998283
394,5436,50,0.0,1,0.017055081201381578,0.01640130152107098
395,5437,50,0.0,1,0.009950924422911551,0.009950924422911551
396,5438,50,-8.458886623382568,1,0.020411878534806697,0.020411878534806697
397,5439,50,-3.0,1,0.015975536968868335,0.015808102127703068
398,5440,50,-8.780556321144104,1,0.015827601371344452,0.014252826743304501
399,5441,50,-4.736525177955627,1,0.014449611910618746,0.014446920219153444
400,5442,50,-50.91427278518677,0,0.11067979007470025,0.051844922709633284
401,5443,50,0.0,1,0.01623923735125088,0.01613135092452585
402,5444,50,-4.186811208724976,1,0.007168226622258075,0.007168226622258075
403,5445,50,0.0,1,0.013059133758593697,0.013059133758593697
404,5446,50,-4.0,1,0.017607795078416186,0.017607795078416186
405,5447,50,-4.4491318464279175,1,0.007967984040990353,0.007967984040990353
406,5448,50,-4.15351939201355,1,0.00926537251838493,0.008914456578387112
407,5449,50,-3.0,1,0.015007637194860105,0.015007637194860105
408,5450,50,-3.0,1,0.014208140831022908,0.014208140831022908
409,5451,50,-4.0,1,0.032972292526821365,0.032972292526821365
410,5452,50,-10.698414206504822,1,0.046586299282785085,0.04623725667159904
411,5453,50,-8.204605340957642,1,0.006053336855060481,0.0057323827074864855
412,5454,50,-5.280734300613403,1,0.012252950969332604,0.010247297834994852
413,5455,50,-3.0,1,0.01405713403734486,0.01405713403734486
414,5456,50,0.0,1,0.006961419047502099,0.006845241859934958
415,5457,50,-10.953098058700562,1,0.006265169464390011,0.006265169464390011
416,5458,50,-12.330807566642761,1,0.014330484438771593,0.0098018371182914
417,5459,50,0.0,1,0.01889382233454116,0.01263839265755861
418,5460,50,-10.834515571594238,1,0.003920625702598009,0.003597167750902817
419,5461,50,-7.561700224876404,1,0.021878356561244868,0.02149931598576701
420,5462,50,-5.140410900115967,1,0.01927361292960448,0.01922418006344762
421,5463,50,-4.506744742393494,1,0.012345028915678357,0.012345028915678357
422,5464,50,-9.635124325752258,1,0.025203326402446574,0.025203326402446574
423,5465,50,-4.2184566259384155,1,0.022600083539335347,0.022600083539335347
424,5466,50,-51.449336647987366,0,0.08450331874398981,0.08450331874398981
425,5467,50,-4.313897371292114,1,0.009008341313675469,0.008771720759151504
426,5468,50,-6.912915349006653,1,0.017562647191186925,0.0157597317410664
427,5469,50,-6.621717214584351,1,0.00926430807844163,0.00885876795280335
428,5470,50,-8.059210062026978,1,0.01727371542897497,0.01727371542897497
429,5471,50,-4.0,1,0.010625439139216142,0.010625439139216142
430,5472,50,-6.823007583618164,1,0.01715705020799616,0.013328838799188662
431,5473,50,-3.0,1,0.023978474414407282,0.023923648668975638
432,5474,50,-10.560523629188538,1,0.008472947462499965,0.00844355196662434
433,5475,50,-50.756415486335754,0,0.05407786842120984,0.0536465981785648
434,5476,50,-3.0,1,0.01821933954737233,0.017841715486172742
435,5477,50,-6.801734447479248,1,0.0182619092030317,0.0182619092030317
436,5478,50,-4.858557939529419,1,0.014619530334610956,0.011587736221870424
437,5479,50,-4.0,1,0.018591552927752032,0.018591552927752032
438,5480,50,-6.7170432806015015,1,0.00598984088484816,0.005624007789621672
439,5481,50,-4.0,1,0.017670205695373208,0.017653343835788933
440,5482,50,-9.073166012763977,1,0.0010806622043374175,0.0010640125133495027
441,5483,50,-4.0,1,0.01680030152831381,0.01670865625143578
442,5484,50,-5.866625666618347,1,0.025445772143151975,0.025158640850244704
443,5485,50,-4.0,1,0.03299743601606864,0.03287995074139998
444,5486,50,-4.7819823026657104,1,0.013898905861468724,0.009017563819459251
445,5487,50,-6.593434929847717,1,0.015766639216975072,0.015557370477153066
446,5488,50,-4.099077939987183,1,0.017579883126361964,0.01754306383002293
447,5489,50,-4.0,1,0.011060912768550816,0.008516178802037309
448,5490,50,-9.898973107337952,1,0.018116238680292947,0.018065572109587466
449,5491,50,-6.644792556762695,1,0.017282848602624086,0.017282848602624086
450,5492,50,0.0,1,0.00904840614617586,0.009017540481242483
451,5493,50,-4.990483403205872,1,0.017877216982644776,0.014952627826906281
452,5494,50,-3.0,1,0.01564743629186377,0.012756778904871233
453,5495,50,-4.63980233669281,1,0.02270019831639113,0.019831182638845403
454,5496,50,-11.139251589775085,1,0.00946675469998915,0.00946675469998915
455,5497,50,-3.0,1,0.015330333166943528,0.014528903781228338
456,5498,50,-19.0,1,0.016166701339365805,0.01591899663838245
457,5499,50,-4.0,1,0.015971669334303686,0.012158067783992725
458,5500,50,0.0,1,0.007893340984544068,0.007893340984544068
459,5501,50,-4.69305694103241,1,0.005260976155112627,0.005016604318758777
460,5502,50,-4.0,1,0.02212382528476458,0.021890080438744103
461,5503,50,-9.38275694847107,1,0.016679991353373225,0.016679991353373225
462,5504,50,-3.0,1,0.021458846112690957,0.02140183256579989
463,5505,50,-5.4080400466918945,1,0.013588122882818889,0.013588122882818889
464,5506,50,-4.628485560417175,1,0.017998907849551674,0.017841647852353714
465,5507,50,-6.862195611000061,1,0.01293975923639789,0.012939022208367058
466,5508,50,-5.0,1,0.017025959343189793,0.017025959343189793
467,5509,50,-4.0,1,0.010818542627997288,0.010818542627997288
468,5510,50,-11.744149446487427,1,0.0025816205223441243,0.0021347946812603504
469,5511,50,-6.907713532447815,1,0.014358846721101982,0.014358846721101982
470,5512,50,-3.0,1,0.006976876136817321,0.0069359664432396976
471,5513,50,-5.0,1,0.017033771185493138,0.01656383807869437
472,5514,50,0.0,1,0.013718570074511235,0.008806668249683958
473,5515,50,-51.62260591983795,0,0.05369668073621585,0.05123127486610761
474,5516,50,-5.83258843421936,1,0.014391994257568645,0.014391994257568645
475,5517,50,-4.606061220169067,1,0.02260477289932158,0.022032150670108427
476,5518,50,-10.672950148582458,1,0.04487190105234991,0.044835825039427644
477,5519,50,0.0,1,0.015391130306696844,0.015391130306696844
478,5520,50,-9.209234833717346,1,0.021946318017600868,0.021867627571373723
479,5521,50,-7.123719811439514,1,0.014911605758812896,0.014331477436188815
480,5522,50,-8.217820167541504,1,0.009899438951759243,0.009899438951759243
481,5523,50,-4.099543571472168,1,0.0209479075740622,0.020761919692752935
482,5524,50,-4.557609796524048,1,0.01288327382525056,0.01233241552744145
483,5525,50,-8.83832573890686,1,0.015171664672002165,0.015171664672002165
484,5526,50,-8.199855327606201,1,0.007284436347912619,0.007284436347912619
485,5527,50,-8.235469818115234,1,0.015820610910097094,0.015754174287091013
486,5528,50,-4.251735687255859,1,0.012602904425589737,0.012602904425589737
487,5529,50,-3.0,1,0.014122173162503672,0.01358953674518579
488,5530,50,-10.594952821731567,1,0.011051359916582732,0.0047508509961754364
489,5531,50,-4.0,1,0.01269587963911051,0.012198134469977903
490,5532,50,-11.292396545410156,1,0.01453456266406382,0.01453456266406382
491,5533,50,-6.497216701507568,1,0.0198858812290652,0.019683777179611284
492,5534,50,-6.824199795722961,1,0.013982572139253906,0.012776926433106276
493,5535,50,-9.097321152687073,1,0.023806224475360717,0.023806224475360717
494,5536,50,-7.928514361381531,1,0.011849713904226265,0.011849713904226265
495,5537,50,-4.031118631362915,1,0.001407517472112392,0.0009699670100536608
496,5538,50,-4.0,1,0.02403872739385839,0.02403872739385839
497,5539,50,-4.0,1,0.018465522719032113,0.018465522719032113
498,5540,50,-4.159339785575867,1,0.0225788609907377,0.022323090782352128
499,5541,50,-51.15507185459137,0,0.11925855135875067,0.06199330202569492
500,5542,50,-7.620175123214722,1,0.014566218284425636,0.014305695058301171
501,5543,50,0.0,1,0.01971963167242212,0.019319205782742085
502,5544,50,0.0,1,0.013097267472599379,0.012807954813799824
503,5545,50,-4.224614262580872,1,0.006728643673209297,0.006493843950395677
504,5546,50,-5.097370862960815,1,0.007261996577031802,0.007261996577031802
505,5547,50,-11.126145362854004,1,0.010707539633773758,0.010707539633773758
506,5548,50,-4.423665523529053,1,0.004508195258792738,0.004508195258792738
507,5549,50,-5.049119472503662,1,0.00469049691867785,0.00469049691867785
508,5550,50,0.0,1,0.022808781059499694,0.022396924551415447
509,5551,50,0.0,1,0.0032741004590808843,0.0025383384870095223
510,5552,50,-4.0,1,0.011649212781951947,0.01020238255312773
511,5553,50,-4.006910800933838,1,0.014572974493174464,0.014008139419162768
512,5554,50,-4.09399676322937,1,0.010696307595421539,0.010456035987648814
513,5555,50,-8.39664101600647,1,0.005013431259624363,0.005013431259624363
514,5556,50,-4.0,1,0.017663423058536507,0.017663423058536507
515,5557,50,-3.0,1,0.013804612150606483,0.013268714327706443
516,5558,50,-4.226981043815613,1,0.02040736829125501,0.02040736829125501
517,5559,50,0.0,1,0.017334362182502307,0.01733436218250064
518,5560,50,-6.2939088344573975,1,0.009299498912257863,0.009179303230920281
519,5561,50,-39.68325352668762,1,0.13945992635568838,0.015466870919111784
520,5562,50,-4.256886005401611,1,0.028273958112896538,0.028273958112896538
521,5563,50,-8.143086194992065,1,0.011099251939861473,0.011099251939861473
522,5564,50,-6.579004287719727,1,0.021418808092660117,0.021418808092660117
523,5565,50,-5.409150004386902,1,0.010397026902752298,0.01023723757037929
524,5566,50,-4.0,1,0.012413447522684551,0.01240950014455577
525,5567,50,-7.077356696128845,1,0.007469530408646746,0.007469530408646746
526,5568,50,0.0,1,0.016779161871707787,0.016779161871707787
527,5569,50,-6.911697506904602,1,0.006347021601529982,0.006278721767828782
528,5570,50,0.0,1,0.014129088626558185,0.014129088626558185
529,5571,50,-4.0,1,0.016690966581259296,0.016686183759647175
530,5572,50,-4.275333881378174,1,0.018521701086060098,0.018299621008307305
531,5573,50,-5.333765029907227,1,0.013188067112270843,0.013133630309884433
532,5574,50,-7.875547289848328,1,0.0012128753382121165,0.0012128753382121165
533,5575,50,0.0,1,0.010688753045855382,0.010688753045855382
534,5576,50,-3.0,1,0.015336178207680781,0.015336178207680781
535,5577,50,-4.3298338651657104,1,0.014121539375582135,0.014114585163891587
536,5578,50,-8.017302989959717,1,0.02200675084582157,0.02163204591280761
537,5579,50,-3.0,1,0.021844023204416592,0.017685902503416444
538,5580,50,-7.454559922218323,1,0.013669651060485883,0.013638853467761712
539,5581,50,-4.0,1,0.009645507339832379,0.00957690551390586
540,5582,50,-8.378172516822815,1,0.040374113033002354,0.03978727999780819
541,5583,50,-4.0,1,0.012940642678151254,0.012940642678151254
542,5584,50,-12.629359364509583,1,0.012923349436831783,0.01258421460769257
543,5585,50,-4.478416323661804,1,0.014758095241842554,0.01460865195521955
544,5586,50,-3.0,1,0.02898621570533273,0.028753017130318446
545,5587,50,-8.947967648506165,1,0.0172076503233101,0.016881971571658883
546,5588,50,-4.0,1,0.01292368983201971,0.01292368983201971
547,5589,50,-4.371729016304016,1,0.006299808943075738,0.006299808943075738
548,5590,50,-8.955964207649231,1,0.030123519542844313,0.007981577836384939
549,5591,50,-6.651942133903503,1,0.005607540355389278,0.005607540355389278
550,5592,50,-6.887753129005432,1,0.006573317321519457,0.006573317321519457
551,5593,50,-4.0,1,0.028886968283944416,0.028826422107761894
552,5594,50,-4.989078164100647,1,0.031691846658209996,0.031691846658209996
553,5595,50,-4.446762681007385,1,0.02442932838995544,0.02442932838995544
554,5596,50,-3.0,1,0.006136364607521786,0.005567081483264458
555,5597,50,-3.0,1,0.00943004602400557,0.008960934867886067
556,5598,50,-4.749743819236755,1,0.027677188358338475,0.027480524484464426
557,5599,50,-4.0,1,0.0038400966746331305,0.0038400966746331305
558,5600,50,-4.300286889076233,1,0.015560303121324068,0.015243080616791239
559,5601,50,-4.0,1,0.028954691989066684,0.028954691989066684
560,5602,50,-7.788650393486023,1,0.008165779303213815,0.008165779303213815
561,5603,50,-4.439096212387085,1,0.014917925712432795,0.014917925712432795
562,5604,50,-3.0,1,0.0077551563677010224,0.005987443990033348
563,5605,50,-4.127981424331665,1,0.01773038701180959,0.01746980628020963
564,5606,50,-4.0,1,0.02342233969984181,0.02342233969984181
565,5607,50,-4.0,1,0.010765807993829484,0.010765807993829484
566,5608,50,-60.26729357242584,0,0.1858301389662902,0.1855526565029708
567,5609,50,-5.531769752502441,1,0.009136151772274606,0.009136151772274606
568,5610,50,-5.968050479888916,1,0.020591207502071388,0.020591207502071388
569,5611,50,-7.158568859100342,1,0.016712212074433835,0.016712212074433835
570,5612,50,0.0,1,0.011526348019890676,0.011526348019890676
571,5613,50,-4.135797739028931,1,0.028411590398700323,0.028411590398700323
572,5614,50,-3.0,1,0.014242808216593962,0.013764848352099329
573,5615,50,-7.04197084903717,1,0.019565122211369575,0.01778001816741706
574,5616,50,-3.0,1,0.017971282157918322,0.016503895437257464
575,5617,50,-4.355727672576904,1,0.019207875473726807,0.019207875473726807
576,5618,50,-5.528833627700806,1,0.0157572561789791,0.013698483102328943
577,5619,50,-8.133641362190247,1,0.020940124033870362,0.020677803677619698
578,5620,50,-4.862539768218994,1,0.016855012493082428,0.016469816961281383
579,5621,50,-4.0,1,0.012468440349638505,0.012468440349638505
580,5622,50,-7.0,1,0.014390529334485891,0.007579578829912659
581,5623,50,-4.0,1,0.012079413417315329,0.007831792731732934
582,5624,50,-4.819107413291931,1,0.011331078482698705,0.010851511566723811
583,5625,50,-4.0,1,0.010447459116611005,0.008376487217832563
584,5626,50,-4.328310966491699,1,0.014164916877963623,0.014164916877963623
585,5627,50,-51.98661720752716,0,0.07044552178358077,0.06382609348519264
586,5628,50,-15.044254899024963,1,0.042399161983724745,0.042399161983724745
587,5629,50,-4.0,1,0.009764806756412621,0.009764806756412621
588,5630,50,-52.68907034397125,0,0.053569396823922207,0.05325668324026354
589,5631,50,-7.0,1,0.01832422705333761,0.01832422705333761
590,5632,50,-4.469772100448608,1,0.004030098859856387,0.004030098859856387
591,5633,50,-3.0,1,0.03484153568049645,0.03394370632614949
592,5634,50,-9.011867880821228,1,0.018492570365716703,0.018492570365716703
593,5635,50,-10.496923685073853,1,0.009260836347136049,0.009260836347136049
594,5636,50,-6.0,1,0.008447256453804744,0.008447256453804744
595,5637,50,-3.0,1,0.016461857553625194,0.01605320792697566
596,5638,50,0.0,1,0.01691110689523214,0.016315882924628124
597,5639,50,-4.03191864490509,1,0.0004327267093994962,0.0002015944826687052
598,5640,50,-4.010240316390991,1,0.0028391784902079614,0.0028391784902079614
599,5641,50,-7.2008432149887085,1,0.01877577168875184,0.018300132033859898
600,5642,50,-5.0,1,0.00882422644714576,0.00882422644714576
601,5643,50,-8.154101610183716,1,0.013618369972145682,0.013565734784357159
602,5644,50,-7.634091258049011,1,0.015201001034813155,0.014812162150047381
603,5645,50,-6.498620390892029,1,0.010070722506736574,0.009567170396600606
604,5646,50,0.0,1,0.014504017465536251,0.011642371284820898
605,5647,50,-8.077612280845642,1,0.006159104532766091,0.006159104532766091
606,5648,50,-15.97051453590393,1,0.013571586713040424,0.013571586713040424
607,5649,50,-13.042053937911987,1,0.022478951148791133,0.022380881905423554
608,5650,50,-3.0,1,0.017055358981173958,0.01314332662127695
609,5651,50,-57.817482709884644,0,0.16332617169494107,0.16295202141384116
610,5652,50,-4.298178315162659,1,0.024701181273042383,0.024567048712292035
611,5653,50,-4.0,1,0.022477192019552922,0.022477192019552922
612,5654,50,-9.7000150680542,1,0.0176507812313614,0.0176507812313614
613,5655,50,-3.0,1,0.024098696025979117,0.024098696025979117
614,5656,50,-4.0,1,0.01775512666787589,0.017518323046750144
615,5657,50,-7.650693297386169,1,0.015967040401783494,0.011652010558281087
616,5658,50,-3.0,1,0.01457686627128408,0.013811891136219747
617,5659,50,0.0,1,0.004253766243261738,0.004040472042245089
618,5660,50,-4.0,1,0.01108117874541309,0.009750284899934621
619,5661,50,-5.0,1,0.010132905657163061,0.010132905657163061
620,5662,50,-6.892714738845825,1,0.017049286774309887,0.0167204158604488
621,5663,50,-4.0,1,0.017676841049654068,0.017502977787431352
622,5664,50,0.0,1,0.013171995452238745,0.00954799992167896
623,5665,50,-4.720005512237549,1,0.020448844993596744,0.0201620463528038
624,5666,50,-4.0,1,0.007039412005699687,0.007039412005699687
625,5667,50,-4.0,1,0.013699337581038532,0.013699337581038532
626,5668,50,-39.371389508247375,1,0.04844553967003821,0.0292309894779835
627,5669,50,-4.297620177268982,1,0.008451305422710595,0.008451305422710595
628,5670,50,-3.0,1,0.016050890096816754,0.015894146847878127
629,5671,50,-5.206183910369873,1,0.009946358744664398,0.009717372436263444
630,5672,50,-7.037755846977234,1,0.019787921264701264,0.019314650277923427
631,5673,50,-8.01414930820465,1,0.014685653912515273,0.014685653912515273
632,5674,50,-4.348922848701477,1,0.008149344205680214,0.007585410721568843
633,5675,50,-9.58720850944519,1,0.009258480119067556,0.009258480119067556
634,5676,50,-4.039310097694397,1,0.013101276385636242,0.013101276385636242
635,5677,50,-4.0,1,0.014542657334596901,0.014542657334596901
636,5678,50,-4.040419816970825,1,0.018832982490297596,0.01836682579928277
637,5679,50,-11.106963515281677,1,0.013018978783455025,0.011183564436573297
638,5680,50,-3.0,1,0.020264818384553282,0.019958959442977837
639,5681,50,-5.669711112976074,1,0.03178587320723864,0.03136222614135131
640,5682,50,-3.0,1,0.01650956492262792,0.01650956492262792
641,5683,50,-3.0,1,0.0257106025765188,0.0257106025765188
642,5684,50,-4.8323047161102295,1,0.016791970080606497,0.016791970080606497
643,5685,50,-8.573846101760864,1,0.010331764777767814,0.01027610388178527
644,5686,50,-4.213507771492004,1,0.016753159003637746,0.011113136488339725
645,5687,50,-4.509801149368286,1,0.01601169367956652,0.014545900347616679
646,5688,50,-7.0,1,0.002804696061153436,0.002566334579849732
647,5689,50,-4.0,1,0.020211625481586715,0.020211625481586715
648,5690,50,-12.865344285964966,1,0.02097346769561081,0.02097346769561081
649,5691,50,-7.550251841545105,1,0.016605433181554,0.016469775503345368
650,5692,50,-5.0,1,0.0042139314065737935,0.0037673325129778264
651,5693,50,-4.500482559204102,1,0.01577745771538359,0.01231099431058874
652,5694,50,-4.0,1,0.01772407041741493,0.015965547399555594
653,5695,50,-10.079843163490295,1,0.01688574502789563,0.01680155531571483
654,5696,50,-5.6491265296936035,1,0.020614350827299725,0.020614350827299725
655,5697,50,-10.647056341171265,1,0.048962178680966154,0.04385642291766242
656,5698,50,-7.0658992528915405,1,0.0037211371221998594,0.0033874944252714617
657,5699,50,0.0,1,0.012789497147269555,0.011566840551987798
658,5700,50,0.0,1,0.006619556678370774,0.006619556678370774
659,5701,50,-6.7259193658828735,1,0.0017593560909860135,0.0017593560909860135
660,5702,50,-4.789138913154602,1,0.005533623201205701,0.005533623201205701
661,5703,50,0.0,1,0.01580557316942273,0.01574753269651494
662,5704,50,0.0,1,0.014510231599558708,0.0016142554771370766
663,5705,50,-4.0,1,0.016730211277856257,0.014062380788556083
664,5706,50,0.0,1,0.02104273453662349,0.02081189218113774
665,5707,50,-3.0,1,0.008255516841718675,0.007780845158197744
666,5708,50,-4.0,1,0.014139021061124326,0.014139021061124326
667,5709,50,-4.933993816375732,1,0.009562592592509689,0.009562592592509689
668,5710,50,-4.0202717781066895,1,0.02114920272012815,0.02081230888094444
669,5711,50,-7.580190300941467,1,0.012370679010657491,0.012370679010657491
670,5712,50,-4.430021047592163,1,0.014087228422471686,0.006348817824101517
671,5713,50,-7.000691294670105,1,0.013582205363961534,0.010856283575714309
672,5714,50,-4.846280813217163,1,0.01428189646907056,0.013822066038991663
673,5715,50,0.0,1,0.012528560422128078,0.012528560422128078
674,5716,50,-10.380402326583862,1,0.04681766968043233,0.04676201402717972
675,5717,50,-5.0,1,0.022310848262648366,0.022310848262648366
676,5718,50,-50.0,0,0.06506936575146614,0.06472552442446886
677,5719,50,-4.0,1,0.002529166178419999,0.0020924346338393536
678,5720,50,-7.943521618843079,1,0.01093262520307402,0.010477410960746726
679,5721,50,-4.1177815198898315,1,0.012463603874933771,0.012463603874933771
680,5722,50,-5.0,1,0.005902697705803188,0.005794351179188494
681,5723,50,-4.0,1,0.01763440025339135,0.017608501893480778
682,5724,50,-4.289475202560425,1,0.02452903291471105,0.02452903291471105
683,5725,50,-4.216923117637634,1,0.014572199953959548,0.01453746262249874
684,5726,50,-57.23308265209198,1,0.390088588940764,0.020322901679603943
685,5727,50,-3.0,1,0.013660993449786869,0.013375152453858546
686,5728,50,-11.813458919525146,1,0.03195245883765925,0.03195245883765925
687,5729,50,0.0,1,0.02310473556891126,0.022976333122897593
688,5730,50,-6.698980093002319,1,0.004057823475594963,0.00379640231920082
689,5731,50,-4.073113441467285,1,0.01476591631681532,0.01476591631681532
690,5732,50,-8.835117936134338,1,0.02062261261052781,0.020233887367788937
691,5733,50,-4.0,1,0.011056937297596976,0.011056937297596976
692,5734,50,-4.422938346862793,1,0.016280299126071537,0.016266341986141488
693,5735,50,-6.920880913734436,1,0.008211526061428472,0.008211526061428472
694,5736,50,-6.0,1,0.014417216770586628,0.014417216770586628
695,5737,50,-4.0,1,0.01780230947111738,0.017382845966957883
696,5738,50,-4.517389535903931,1,0.015205675370195458,0.015075973756352173
697,5739,50,-8.377737283706665,1,0.01878596247396268,0.01878596247396268
698,5740,50,-3.0,1,0.015518628787383403,0.015518628787383403
699,5741,50,-4.131941795349121,1,0.01532098902943679,0.01532098902943679
700,5742,50,-4.8178746700286865,1,0.022202145821658765,0.022202145821658765
701,5743,50,0.0,1,0.019979397350886306,0.019979397350886302
702,5744,50,-3.0,1,0.009730068193477662,0.009730068193477662
703,5745,50,-3.0,1,0.014247108849950315,0.008830932591691211
704,5746,50,-11.372486233711243,1,0.04240427631398825,0.04240259120200762
705,5747,50,-11.091703653335571,1,0.0051804501093784365,0.0047300354208972715
706,5748,50,-5.141406774520874,1,0.0046146487972109655,0.004204729615300764
707,5749,50,-3.0,1,0.01821907225256629,0.017933875218757347
708,5750,50,0.0,1,0.017364684983508447,0.017364684983508447
709,5751,50,-8.296597957611084,1,0.014323845751819731,0.01422983445395224
710,5752,50,-4.045050382614136,1,0.014402198373683004,0.014056459527121564
711,5753,50,-14.615868926048279,1,0.015711198359730564,0.015711198359730564
712,5754,50,-4.053912401199341,1,0.01273518323244685,0.01273518323244685
713,5755,50,-4.0,1,0.009671123898381585,0.009671123898381585
714,5756,50,-3.0,1,0.015797310030142665,0.014791661930140549
715,5757,50,-5.122791528701782,1,0.014060869177444398,0.014060869177444398
716,5758,50,-17.543487429618835,1,0.03996536006829519,0.039952951125773184
717,5759,50,-12.037237405776978,1,0.02027152088555147,0.018224758874178185
718,5760,50,-4.196006178855896,1,0.01876311717229032,0.018474112771533845
719,5761,50,-7.2145609855651855,1,0.010771432252549265,0.010771432252549265
720,5762,50,-3.0,1,0.03510803152103896,0.03510803152103896
721,5763,50,-3.0,1,0.007795827795670118,0.007629406884436033
722,5764,50,-34.51828408241272,1,0.16860874225443118,0.016058226384070347
723,5765,50,-3.0,1,0.013675198189656722,0.013675198189656722
724,5766,50,0.0,1,0.016047313582794664,0.01604731358279466
725,5767,50,-4.048232913017273,1,0.019682221752434444,0.019682221752434444
726,5768,50,-3.0,1,0.012945801198784766,0.010540337782330059
727,5769,50,-4.0,1,0.012823540547162905,0.012457878023471845
728,5770,50,-3.0,1,0.019729038848703327,0.019729038848703327
729,5771,50,-9.11463749408722,1,0.015090435275103942,0.013955193247347489
730,5772,50,-48.972137451171875,1,0.051576734923261786,0.042251299766565144
731,5773,50,-4.0,1,0.015532735630008045,0.015347157560592474
732,5774,50,-21.48816466331482,1,0.026984586184225078,0.025560384645024106
733,5775,50,-4.263664722442627,1,0.02836433320425853,0.027736838176732462
734,5776,50,-4.464847803115845,1,0.012689723029086459,0.012670677811069758
735,5777,50,-6.70324182510376,1,0.017659040664520207,0.01626004085226826
736,5778,50,-4.0,1,0.012725015186548653,0.012725015186548653
737,5779,50,-5.263548374176025,1,0.016967580268461926,0.016723209672017788
738,5780,50,-7.555880665779114,1,0.018578742773667726,0.018578742773667726
739,5781,50,-4.0,1,0.013668657812986942,0.013668657812986942
740,5782,50,-4.526725888252258,1,0.009940440585720047,0.009940440585720047
741,5783,50,-9.227309465408325,1,0.014556525276815235,0.013855386111337353
742,5784,50,-5.058166027069092,1,0.02826845103915493,0.02826845103915493
743,5785,50,-7.471789836883545,1,0.023955714099910833,0.021139835710592293
744,5786,50,-4.0,1,0.014069247428394238,0.014069247428394238
745,5787,50,0.0,1,0.009745374521980139,0.009745374521980139
746,5788,50,-3.0,1,0.023285976776927408,0.02274206329083095
747,5789,50,-8.001874923706055,1,0.0040886037574323405,0.0037761192590181664
748,5790,50,-7.00585663318634,1,0.01858737856661612,0.01858737856661612
749,5791,50,-5.0,1,0.010656778981448442,0.010656778981448442
750,5792,50,-4.0,1,0.00923921554245779,0.00923921554245779
751,5793,50,-8.422162532806396,1,0.017205331347284046,0.017187825949323738
752,5794,50,-7.099279046058655,1,0.012558995569382484,0.01199069109654478
753,5795,50,-12.099517941474915,1,0.00986645554297603,0.00986645554297603
754,5796,50,-9.773489594459534,1,0.011473588741940993,0.010269828162192804
755,5797,50,-9.280798196792603,1,0.022248537775973073,0.022248537775973073
756,5798,50,0.0,1,0.01697804827617147,0.01697804827617147
757,5799,50,-7.355783104896545,1,0.009383246177701393,0.00913441463663602
758,5800,50,-4.0,1,0.00779626388392247,0.00779626388392247
759,5801,50,-8.235629677772522,1,0.0067831899599971905,0.00637868164829429
760,5802,50,-7.149560809135437,1,0.011092992828316781,0.011092992828316781
761,5803,50,-51.40201485157013,0,0.06248082854843346,0.06244010688616186
762,5804,50,-6.830805420875549,1,0.007020251462276229,0.007020251462276229
763,5805,50,-50.67723202705383,0,0.09492077495788234,0.0649028893810049
764,5806,50,-4.194440484046936,1,0.02392340385636711,0.02364556304430745
765,5807,50,-4.28181779384613,1,0.009379215280447016,0.009379215280447016
766,5808,50,-4.0,1,0.0030697040755830463,0.0026286898357536182
767,5809,50,-4.568280458450317,1,0.016598936485377427,0.016480752533460145
768,5810,50,-12.407102346420288,1,0.011321696332894265,0.011318563754041697
769,5811,50,-6.929465293884277,1,0.03349839560569967,0.03349839560569967
770,5812,50,-11.249701261520386,1,0.011913312378615062,0.011913312378615062
771,5813,50,0.0,1,0.019986929216924028,0.016867157992269725
772,5814,50,-4.6077224016189575,1,0.006794812521043153,0.006794812521043153
773,5815,50,0.0,1,0.012214366649270749,0.012214366649270749
774,5816,50,-4.04201602935791,1,0.02071638404420025,0.02071638404420025
775,5817,50,-4.348947167396545,1,0.026707336483592296,0.022960399206887708
776,5818,50,-8.926993727684021,1,0.017833272961058133,0.017182291852765784
777,5819,50,-5.0,1,0.010586922396446955,0.010586922396446955
778,5820,50,-7.0,1,0.01993439472404474,0.014376830092171762
779,5821,50,-4.712595582008362,1,0.04128473415273716,0.005632847369776286
780,5822,50,-4.0,1,0.01861685385501662,0.018302335600484474
781,5823,50,-6.857828617095947,1,0.011902027755096233,0.011902027755096233
782,5824,50,-4.0,1,0.004850633839024615,0.004572839848609294
783,5825,50,0.0,1,0.012716755301539357,0.01190084352705019
784,5826,50,-8.146957039833069,1,0.024566595951162822,0.024450767567683093
785,5827,50,-11.691458463668823,1,0.03250337761362885,0.03238588790550129
786,5828,50,-9.854596614837646,1,0.003972718704314773,0.003972718704314773
787,5829,50,-6.001244902610779,1,0.008569961969223933,0.008569961969223933
788,5830,50,-11.450667977333069,1,0.019927942626490145,0.0175854047135456
789,5831,50,-4.382967472076416,1,0.016087204367940155,0.01606740643116031
790,5832,50,-4.0,1,0.026689507111086617,0.026689507111086617
791,5833,50,-5.2186561822891235,1,0.014136605384101794,0.013082088297324341
792,5834,50,-8.184533834457397,1,0.03343607072875289,0.03305764768965203
793,5835,50,-4.357446551322937,1,0.01465223771675354,0.01465223771675354
794,5836,50,-9.451713800430298,1,0.017111528232350168,0.017025147946020662
795,5837,50,-10.252576470375061,1,0.011271225970174152,0.010893333888607212
796,5838,50,-4.213632702827454,1,0.039232091804953385,0.039047287554547644
797,5839,50,-3.0,1,0.016597007037296233,0.015841897807193396
798,5840,50,-6.644409537315369,1,0.019425877927978334,0.019425877927978334
799,5841,50,-43.10692811012268,1,0.06936148120078812,0.0238137201257415
800,5842,50,-4.36842668056488,1,0.005912882282431089,0.005577073299107959
801,5843,50,-4.421670913696289,1,0.014213645622705554,0.014134930983988101
802,5844,50,-9.72839069366455,1,0.010481046905009039,0.010481046905009039
803,5845,50,-9.618294358253479,1,0.009960634907478188,0.009960634907478188
804,5846,50,-4.0,1,0.018242684030390786,0.012734306814071722
805,5847,50,-4.801146984100342,1,0.0206197767074753,0.02050999573943023
806,5848,50,-4.7064173221588135,1,0.03381787671168411,0.03367254851816432
807,5849,50,-5.096440315246582,1,0.02121833711706707,0.02121833711706707
808,5850,50,-5.6450653076171875,1,0.020133238905692866,0.020074681300558526
809,5851,50,0.0,1,0.015527230126987153,0.014332769844364586
810,5852,50,-8.935142159461975,1,0.02671012321459475,0.02671012321459475
811,5853,50,-6.493123412132263,1,0.0007378630880864008,0.0007378630880864008
812,5854,50,-7.033456325531006,1,0.016025725232370402,0.016025725232370402
813,5855,50,-6.6499693393707275,1,0.024059970191950508,0.024059970191950508
814,5856,50,-4.495962738990784,1,0.024819802819227334,0.024819802819227334
815,5857,50,-4.725800514221191,1,0.004451761461274112,0.004180442954024472
816,5858,50,-8.81395947933197,1,0.021720658495343704,0.01528667805307107
817,5859,50,-4.485748291015625,1,0.0080685925640574,0.0080685925640574
818,5860,50,-4.0,1,0.01777611325304154,0.016173709572588863
819,5861,50,-6.13973081111908,1,0.017029943322100213,0.017029943322100213
820,5862,50,0.0,1,0.011859705983844265,0.011480523121513696
821,5863,50,0.0,1,0.003349831545585973,0.002786931549656723
822,5864,50,-5.41509735584259,1,0.020936184604982998,0.020810310957826993
823,5865,50,-5.252559304237366,1,0.017593621517295266,0.017593621517295266
824,5866,50,-9.47271203994751,1,0.014050157223437958,0.014050157223437958
825,5867,50,-5.090570330619812,1,0.032976064118942466,0.032976064118942466
826,5868,50,-4.506035923957825,1,0.02203425547082974,0.02203425547082974
827,5869,50,-4.0,1,0.006229848499472588,0.005961087877999214
828,5870,50,-4.471261978149414,1,0.010809854621007387,0.010801377808579128
829,5871,50,-7.147102952003479,1,0.013135021636965545,0.013135021636965545
830,5872,50,-6.469024181365967,1,0.016191868693544848,0.015975937434238422
831,5873,50,-11.207152009010315,1,0.023830435726189855,0.023830435726189855
832,5874,50,-4.142061233520508,1,0.011849706394284228,0.011476711886894872
833,5875,50,-9.290491580963135,1,0.013502954940364877,0.013502954940364877
834,5876,50,-4.045912981033325,1,0.006704374087491623,0.006704374087491623
835,5877,50,0.0,1,0.00836033592394228,0.007955903577849418
836,5878,50,-6.0026702880859375,1,0.03591342225061863,0.03591342225061863
837,5879,50,-3.0,1,0.04035215961568217,0.040133376052594705
838,5880,50,-5.171964883804321,1,0.02132339042122652,0.021253898571847722
839,5881,50,-15.693887591362,1,0.01954744428873634,0.019177076854050713
840,5882,50,-4.366911053657532,1,0.023390556701568144,0.023390556701568144
841,5883,50,-6.742711663246155,1,0.010261742392708637,0.009881696376906966
842,5884,50,-4.0,1,0.02376927905492897,0.021967695265471494
843,5885,50,-4.0,1,0.02614404592017206,0.02614404592017206
844,5886,50,-3.0,1,0.018782579173678853,0.018782579173678853
845,5887,50,0.0,1,0.017364774976189216,0.01716783536272618
846,5888,50,-3.0,1,0.011410185959427287,0.011410185959427287
847,5889,50,-9.078941941261292,1,0.019099128872906525,0.019099128872906525
848,5890,50,-4.0,1,0.04413793785868181,0.04413793785868181
849,5891,50,-3.0,1,0.022229017839624558,0.021795182223333123
850,5892,50,-4.11558997631073,1,0.009846691685593269,0.009846691685593269
851,5893,50,-8.394010543823242,1,0.01921208074992639,0.01921208074992639
852,5894,50,-5.08686888217926,1,0.037408450967529344,0.037408450967529344
853,5895,50,-4.189438343048096,1,0.008786250945085946,0.007021505830706235
854,5896,50,0.0,1,0.021211206343439717,0.020985133777791865
855,5897,50,-7.696038842201233,1,0.013692027356406742,0.010370021876920571
856,5898,50,-8.114091038703918,1,0.036811454558782444,0.036811454558782444
857,5899,50,-5.491608023643494,1,0.013680251635160698,0.011334169233955426
858,5900,50,-4.1857218742370605,1,0.015230988412665925,0.015230988412665925
859,5901,50,-3.0,1,0.0077570141429883725,0.006039755011769001
860,5902,50,-18.37528133392334,1,0.010840132918344375,0.010840132918344375
861,5903,50,-8.39817214012146,1,0.036793902663568114,0.036634843487285206
862,5904,50,-15.528441190719604,1,0.004234861833946931,0.004234861833946931
863,5905,50,-10.743422269821167,1,0.017793972641401198,0.017793972641401198
864,5906,50,-3.0,1,0.016442956158520296,0.012497643288292235
865,5907,50,-4.0,1,0.008614207872052002,0.008614207872052002
866,5908,50,-19.06476628780365,1,0.046908404017670505,0.019977635283096287
867,5909,50,0.0,1,0.01269534254053966,0.012695342540539657
868,5910,50,-5.227980852127075,1,0.032046599461279635,0.03191156414736827
869,5911,50,-9.855907320976257,1,0.011970258192407086,0.011970258192407086
870,5912,50,-13.222644805908203,1,0.01154664800987205,0.01154664800987205
871,5913,50,-4.0,1,0.013875657902182786,0.013706568293738286
872,5914,50,-5.233748078346252,1,0.005036421760389903,0.005036421760389903
873,5915,50,-10.91793942451477,1,0.015057397271733185,0.014919160166056876
874,5916,50,-12.85930073261261,1,0.025862917516611073,0.025862917516611073
875,5917,50,-10.019855380058289,1,0.026035352062684005,0.026035352062684005
876,5918,50,-4.3647754192352295,1,0.0049485364791883755,0.0049485364791883755
877,5919,50,-4.264281272888184,1,0.01703321608927205,0.016869522509657016
878,5920,50,-3.0,1,0.02359116448903492,0.02359116448903492
879,5921,50,-4.0,1,0.004495561785904951,0.004093100803339966
880,5922,50,-4.0,1,0.009486317015788883,0.009486317015788883
881,5923,50,-3.0,1,0.009653802327450065,0.009653802327450065
882,5924,50,-4.0,1,0.021850705611629277,0.017559504745064063
883,5925,50,-9.577967762947083,1,0.01764520410356638,0.01748740766977673
884,5926,50,-6.0,1,0.023570677001267804,0.023324174257377827
885,5927,50,-4.743704795837402,1,0.01749236542332494,0.015747811158700983
886,5928,50,-11.145665407180786,1,0.012822912614843852,0.012822912614843852
887,5929,50,-7.801079511642456,1,0.011920595486552013,0.011920595486552013
888,5930,50,-4.696405410766602,1,0.02656671577812547,0.02656671577812547
889,5931,50,-7.363666772842407,1,0.00687442973415295,0.00687442973415295
890,5932,50,0.0,1,0.006373844688730452,0.006373844688730452
891,5933,50,-3.0,1,0.023346469440301804,0.019540566708769167
892,5934,50,-14.002427101135254,1,0.015065237917877384,0.014441260932774373
893,5935,50,-5.0,1,0.01839251208232879,0.01839251208232879
894,5936,50,-7.334834575653076,1,0.005924151905227791,0.0056546242624267795
895,5937,50,-4.8418800830841064,1,0.006267862509404349,0.006267862509404349
896,5938,50,-6.481301784515381,1,0.02065213344904909,0.019502694401947282
897,5939,50,-4.024072647094727,1,0.009930953900148086,0.009930953900148086
898,5940,50,-6.94338059425354,1,0.01728949979247024,0.017281411875889417
899,5941,50,-6.544398903846741,1,0.017309711521482075,0.017227414631116728
900,5942,50,-11.545344710350037,1,0.03433245338981523,0.03425718633990558
901,5943,50,-5.511186122894287,1,0.01413053579454364,0.013607255888640223
902,5944,50,-7.888903856277466,1,0.00803083152851879,0.0076356741261022765
903,5945,50,-53.92157053947449,0,0.13118404949561552,0.10891792540565202
904,5946,50,-6.578965663909912,1,0.01926692785519378,0.019156217476285316
905,5947,50,-5.0,1,0.013522115105842475,0.013522115105842475
906,5948,50,-4.0,1,0.026840350194173197,0.026183012515587512
907,5949,50,0.0,1,0.02067521117604426,0.01693737357064607
908,5950,50,-3.0,1,0.022355947128540568,0.015012833901825886
909,5951,50,-3.0,1,0.03159428567830015,0.03159428567830015
910,5952,50,-4.814656853675842,1,0.014014772291987334,0.014014772291987334
911,5953,50,-12.273787021636963,1,0.009595240534184993,0.009267058350885319
912,5954,50,-3.0,1,0.014364561915034546,0.013342722314382865
913,5955,50,-6.647491216659546,1,0.014598033120753971,0.01416216263950775
914,5956,50,-3.0,1,0.011943931872319426,0.011467860661893382
915,5957,50,-10.164131760597229,1,0.01146945694095414,0.011070130031425521
916,5958,50,-4.0,1,0.023312621907215142,0.023312621907215142
917,5959,50,-5.035488724708557,1,0.015200347124020956,0.013850191386316962
918,5960,50,-6.784027695655823,1,0.015682463383441356,0.015682463383441356
919,5961,50,-48.58116865158081,1,0.05806760607129649,0.03826544421603488
920,5962,50,-4.0,1,0.009300684976658681,0.009100561744193372
921,5963,50,-12.801602602005005,1,0.023537379092234804,0.023537379092234804
922,5964,50,-4.120739459991455,1,0.022549823660205845,0.022040568734779577
923,5965,50,0.0,1,0.018576007046570867,0.016950819648682936
924,5966,50,-4.158668041229248,1,0.014162141536332759,0.014013011417187282
925,5967,50,-8.97912323474884,1,0.02853916418748935,0.02853916418748935
926,5968,50,-12.175017476081848,1,0.007901355085405149,0.007785645265023316
927,5969,50,-4.046309947967529,1,0.028549952387255332,0.028549952387255332
928,5970,50,-59.08197605609894,1,0.2430487304924224,0.04393760547561568
929,5971,50,-9.322077631950378,1,0.01477476612758686,0.01469270311513472
930,5972,50,-3.0,1,0.014574601394743432,0.014119281630870366
931,5973,50,-30.72118091583252,1,0.22718790380715584,0.024778807815256168
932,5974,50,-4.0,1,0.01887968504089868,0.018839590029439378
933,5975,50,0.0,1,0.01768607080562278,0.017154641340369193
934,5976,50,-4.0,1,0.014799590229548557,0.01433832316659736
935,5977,50,-3.0,1,0.00989929044976955,0.009826195457638937
936,5978,50,-5.0,1,0.017350413617756452,0.016897569067399577
937,5979,50,-9.372767925262451,1,0.007443091524152783,0.007443091524152783
938,5980,50,0.0,1,0.00797753187432383,0.0073332500984841535
939,5981,50,-15.832722902297974,1,0.03553020828288669,0.03553020828288669
940,5982,50,0.0,1,0.01383749491722677,0.013835346910970152
941,5983,50,-6.806038498878479,1,0.01857880734960628,0.018462097443034627
942,5984,50,-3.0,1,0.007438289643485553,0.007299340028051553
943,5985,50,-6.624756217002869,1,0.011376399715425346,0.01118311640621216
944,5986,50,-6.116973638534546,1,0.022510888002787117,0.022510888002787117
945,5987,50,-10.743571281433105,1,0.03321253434371388,0.03321253434371388
946,5988,50,-20.161301732063293,1,0.009597343597707897,0.00726255387881587
947,5989,50,-9.3646479845047,1,0.013500950847384372,0.013500950847384372
948,5990,50,-6.88225531578064,1,0.000739700397876285,0.000739700397876285
949,5991,50,-4.101557731628418,1,0.002566915689256276,0.002566915689256276
950,5992,50,-4.0,1,0.012330910074499315,0.01192981034238341
951,5993,50,-4.512699723243713,1,0.024256429926034478,0.022251293580275493
952,5994,50,-9.069736957550049,1,0.014920948141567877,0.014489988753625527
953,5995,50,-10.276498198509216,1,0.01093356952005904,0.01093356952005904
954,5996,50,-4.825743317604065,1,0.012433790413304127,0.012433790413304127
955,5997,50,-4.982399225234985,1,0.01828190131820974,0.017973539215124644
956,5998,50,-8.209646701812744,1,0.019354191796525512,0.01917005888367122
957,5999,50,-4.059321880340576,1,0.015301285231602072,0.014867521637324351
958,6000,50,-9.101943969726562,1,0.021378903711209856,0.021184344229649682
959,6001,50,-4.339533090591431,1,0.008920339435718657,0.008920339435718657
960,6002,50,-4.025517821311951,1,0.009598539362392116,0.009598539362392116
961,6003,50,-6.053333282470703,1,0.02193629263653819,0.021905234383271875
962,6004,50,-4.0,1,0.01429258383984941,0.014161727990415223
963,6005,50,-8.272570967674255,1,0.02420303060496308,0.02420303060496308
964,6006,50,-22.86437964439392,1,0.037566557383118586,0.037566557383118586
965,6007,50,-4.416268825531006,1,0.005890241745046199,0.005740114615603879
966,6008,50,-4.0,1,0.017935378034265564,0.017935378034265564
967,6009,50,-7.111315727233887,1,0.01706020729937177,0.0169992014500248
968,6010,50,-4.270731449127197,1,0.016232178311387443,0.015667519709576586
969,6011,50,-7.13111674785614,1,0.01132653980555268,0.010893363805518181
970,6012,50,-4.100318551063538,1,0.013199171930790796,0.013199171930790796
971,6013,50,-6.206435441970825,1,0.01708334396799568,0.01708334396799568
972,6014,50,-7.568561792373657,1,0.010559367683093993,0.01036449009027228
973,6015,50,-4.6500160694122314,1,0.02040093426970206,0.019975628672734197
974,6016,50,-8.945058584213257,1,0.011158712541008482,0.011158712541008482
975,6017,50,-6.860693097114563,1,0.019155928163480704,0.019032857004386266
976,6018,50,-7.4704543352127075,1,0.011141010967491186,0.007530150505586098
977,6019,50,-5.628783226013184,1,0.011691874319693138,0.011285164585170662
978,6020,50,-4.0,1,0.016492134603815642,0.016492134603815642
979,6021,50,-4.028978586196899,1,0.031644331844591415,0.031644331844591415
980,6022,50,-6.939375638961792,1,0.012112323907553997,0.012112323907553997
981,6023,50,-3.0,1,0.02998345356388036,0.02996487551385066
982,6024,50,-4.0,1,0.003943681599503888,0.0038321851744638835
983,6025,50,-8.288650512695312,1,0.03564857294539988,0.03564857294539988
984,6026,50,-4.0,1,0.010140923090004288,0.010140923090004288
985,6027,50,-9.341843843460083,1,0.013434813745123557,0.01329232007348078
986,6028,50,-3.0,1,0.016445480345223563,0.016445480345223563
987,6029,50,-8.974907755851746,1,0.009537128477148056,0.007432351206483665
988,6030,50,-4.0,1,0.015819875799500328,0.015819875799500328
989,6031,50,-6.628579258918762,1,0.004566964008550231,0.004566964008550231
990,6032,50,-3.0,1,0.01774391734125033,0.01774391734125033
991,6033,50,-16.944194316864014,1,0.0162850818673565,0.011975177586947779
992,6034,50,-6.0,1,0.017016028907047388,0.016413304079431527
993,6035,50,-4.789607524871826,1,0.014542454678483006,0.012967292291649229
994,6036,50,-49.79599976539612,1,0.05409744431543901,0.02618479969529439
995,6037,50,-6.7674843072891235,1,0.03308675429272589,0.03308675429272589
996,6038,50,-4.0,1,0.024351070993025165,0.02413901702474561
997,6039,50,0.0,1,0.0157062749001739,0.013469851830558825
998,6040,50,-51.059688091278076,0,0.05934630713120257,0.058851097845556116
999,6041,50,-8.587278127670288,1,0.013729684857770454,0.013405313087948565
1000,6042,50,-4.972094178199768,1,0.020204801485674172,0.020106278017920406
1001,6043,50,-6.0,1,0.009733185758057497,0.009304114061508646
1002,6044,50,-9.032154083251953,1,0.013520307615474769,0.013257985884530737
1003,6045,50,-9.322416186332703,1,0.013831769824034288,0.013738519007984803
1004,6046,50,-8.077884197235107,1,0.02020243331676597,0.02020243331676597
1005,6047,50,-4.05634605884552,1,0.010251902177825017,0.009950862151404158
1006,6048,50,0.0,1,0.01156531862073397,0.01156531862073397
1007,6049,50,-51.53637218475342,0,0.06851095795188668,0.06851095795188668
1008,6050,50,-7.542653918266296,1,0.015423516962992346,0.014003768237771145
1009,6051,50,-3.0,1,0.014329956915150613,0.013154439508509686
1010,6052,50,-4.026913642883301,1,0.018541298791069617,0.018343567299272837
1011,6053,50,-6.924091339111328,1,0.007617286066242053,0.007617286066242053
1012,6054,50,-3.0,1,0.010924128871678394,0.010924128871678394
1013,6055,50,-42.13551962375641,1,0.08735262236759486,0.02147376189118099
1014,6056,50,-10.00719952583313,1,0.04083335290144907,0.04083335290144907
1015,6057,50,0.0,1,0.015022585438650421,0.013436236991739809
1016,6058,50,-8.768513202667236,1,0.014388613696353457,0.014388613696353457
1017,6059,50,-4.952610611915588,1,0.01523472942547558,0.014948744765422094
1018,6060,50,-4.477450847625732,1,0.01993488100018328,0.019933852425231696
1019,6061,50,-7.894712686538696,1,0.011326439032321963,0.008821853105742657
1020,6062,50,-4.634118556976318,1,0.018576403766360973,0.018317654452477735
1021,6063,50,-4.887282133102417,1,0.008091952631672865,0.007788348341130338
1022,6064,50,-6.879198312759399,1,0.005288851703860291,0.005288851703860291
1023,6065,50,-4.844805717468262,1,0.03297682400753586,0.03297682400753586
1024,6066,50,-50.70291614532471,0,0.05177460897408516,0.05168633008496797
1025,6067,50,-4.0,1,0.013139425026575112,0.012768501282977726
1026,6068,50,-4.039556503295898,1,0.023419219704723444,0.022958801005617896
1027,6069,50,-48.335188031196594,1,0.17154124985728067,0.0372594200443885
1028,6070,50,-4.0,1,0.01819552396985746,0.01819552396985746
1029,6071,50,-4.672304034233093,1,0.016248249322040487,0.016248249322040487
1030,6072,50,-8.207977175712585,1,0.014923767422731424,0.014649647479563006
1031,6073,50,-4.0,1,0.021190981340925067,0.021190981340925067
1032,6074,50,-4.0,1,0.03018817193804797,0.03018817193804797
1033,6075,50,-9.001441359519958,1,0.014814180102755299,0.010917865646017051
1034,6076,50,-11.073089480400085,1,0.01443537270586829,0.01443537270586829
1035,6077,50,-4.0,1,0.00926325461887135,0.008750894272943885
1036,6078,50,-4.5927348136901855,1,0.013813085386086874,0.01322207795730816
1037,6079,50,-3.0,1,0.014666012170725095,0.014509215872004128
1038,6080,50,-5.543186664581299,1,0.018821917802851126,0.018696702847599254
1039,6081,50,-4.0,1,0.01580445640184687,0.015572064939428053
1040,6082,50,-15.214393019676208,1,0.023701817670801626,0.023701817670801626
1041,6083,50,-51.00111746788025,0,0.06826295402967458,0.06814237007434978
1042,6084,50,-12.308051705360413,1,0.01911204234147011,0.008451588241227643
1043,6085,50,-55.78061378002167,0,0.11158312334634207,0.05768145333482461
1044,6086,50,-43.44630670547485,1,0.0629247593969944,0.035201266040554686
1045,6087,50,-4.151507139205933,1,0.012107757660223735,0.012107757660223735
1046,6088,50,-6.7444007396698,1,0.008806471220569186,0.008405957324959181
1047,6089,50,-4.0,1,0.016541244485804144,0.016541244485804144
1048,6090,50,-4.0,1,0.013877576894366592,0.013877576894366592
1049,6091,50,-9.08050537109375,1,0.036557379164446895,0.036557379164446895
1050,6092,50,-3.0,1,0.011735201215044136,0.011598839605590158
1051,6093,50,-3.0,1,0.015813681276035618,0.015813681276035618
1052,6094,50,0.0,1,0.018448344176106732,0.0184281663023598
1053,6095,50,-6.0553752183914185,1,0.01735382359461626,0.01718729754203202
1054,6096,50,-6.582046389579773,1,0.017676577655644576,0.017676577655644576
1055,6097,50,-4.3190306425094604,1,0.0248055976558665,0.024634632530820263
1056,6098,50,-4.0,1,0.018349834570800413,0.018250883684075403
1057,6099,50,-8.687990307807922,1,0.018683866081777068,0.018683866081777068
1058,6100,50,-9.642271041870117,1,0.01176022703372118,0.011562690493768122
1059,6101,50,-4.0,1,0.014939099385797046,0.014500011288670817
1060,6102,50,-44.53844654560089,1,0.0589483806472873,0.043276231756332065
1061,6103,50,-5.358474373817444,1,0.01273331841556071,0.012672567740153445
1062,6104,50,-6.848559617996216,1,0.012410711272436835,0.012410711272436835
1063,6105,50,-6.3020583391189575,1,0.013778069920332668,0.013778069920332668
1064,6106,50,-7.249389886856079,1,0.010613942586037445,0.010613942586037445
1065,6107,50,-18.348968505859375,1,0.00510645916482818,0.004840492343962907
1066,6108,50,-4.0,1,0.010907340121905956,0.010907340121905956
1067,6109,50,-4.332158327102661,1,0.010235979951698965,0.010235979951698965
1068,6110,50,-4.792943477630615,1,0.006758292006235991,0.0065697729387560674
1069,6111,50,-8.898776650428772,1,0.03329690675319114,0.03329690675319114
1070,6112,50,-3.0,1,0.014349043021019773,0.014349043021019773
1071,6113,50,-7.152236104011536,1,0.016985685239072568,0.015881361200950947
1072,6114,50,-9.083177328109741,1,0.023833052750784497,0.023833052750784497
1073,6115,50,-6.668065071105957,1,0.026479035548106513,0.02597192786211382
1074,6116,50,-4.422142028808594,1,0.02603903858810318,0.025538579847759493
1075,6117,50,-6.0,1,0.014128538277172576,0.014082825771726155
1076,6118,50,-50.92712390422821,0,0.06416112581960239,0.0638700085301199
1077,6119,50,-13.265632033348083,1,0.014687954453760638,0.011774593553704664
1078,6120,50,-7.093628764152527,1,0.020366941358546695,0.019242460931223903
1079,6121,50,-4.0,1,0.016060578944284688,0.015807478002879818
1080,6122,50,-8.052318096160889,1,0.022161426849012355,0.022161426849012355
1081,6123,50,-4.0,1,0.016001577938806584,0.015461716365912197
1082,6124,50,-5.978774070739746,1,0.013151050951301,0.013151050951301
1083,6125,50,-4.0,1,0.014369827647665642,0.014369827647665642
1084,6126,50,-9.001279473304749,1,0.003499497268140347,0.003499497268140347
1085,6127,50,0.0,1,0.02387688853429538,0.014884927621532287
1086,6128,50,-5.0,1,0.04332411350155803,0.04332411350155803
1087,6129,50,-6.979095935821533,1,0.014948291122941477,0.01431333838019713
1088,6130,50,-5.219601273536682,1,0.01194803274919509,0.01194803274919509
1089,6131,50,-8.813603162765503,1,0.035309617769189075,0.03495571405271475
1090,6132,50,-4.0,1,0.02541657107226818,0.02541657107226818
1091,6133,50,-13.474109530448914,1,0.01636370907745217,0.015916221231575923
1092,6134,50,-4.0,1,0.017256396939114134,0.015441945683659355
1093,6135,50,-4.777288913726807,1,0.01983596072900305,0.015222202557233768
1094,6136,50,-7.889662384986877,1,0.01096556556175317,0.01096556556175317
1095,6137,50,-4.169994831085205,1,0.033517907873013834,0.033517907873013834
1096,6138,50,-7.06740403175354,1,0.047915777124116495,0.047915777124116495
1097,6139,50,-6.816205263137817,1,0.015561446432319926,0.013038950384698557
1098,6140,50,-4.0,1,0.013135603474762319,0.013135603474762319
1099,6141,50,-39.0,1,0.07331257825274166,0.01246880115458706
1100,6142,50,-6.4389166831970215,1,0.025778648044161967,0.025778648044161967
1101,6143,50,-4.0,1,0.011378009424540139,0.011008447659524632
1102,6144,50,-4.570980072021484,1,0.0157537662598673,0.015335111033050637
1103,6145,50,-4.207610249519348,1,0.013923105869238919,0.01123504180870046
1104,6146,50,-4.0,1,0.000898988170878715,0.000898988170878715
1105,6147,50,-4.0,1,0.007704660184093865,0.007704660184093865
1106,6148,50,0.0,1,0.021394831479187304,0.020588406318885807
1107,6149,50,-4.069246768951416,1,0.006848477490465354,0.006755718863018801
1108,6150,50,-3.0,1,0.020750150589241182,0.020750150589241182
1109,6151,50,0.0,1,0.014040564381886025,0.014040564381886025
1110,6152,50,-12.015922784805298,1,0.013660339178222253,0.013199993403658477
1111,6153,50,-4.028303027153015,1,0.02979365662298358,0.029380434396288214
1112,6154,50,-6.9431504011154175,1,0.016300569282519578,0.016173683317858376
1113,6155,50,-13.630269408226013,1,0.02454444193292537,0.02451354950915853
1114,6156,50,-8.787118196487427,1,0.03747629813714309,0.037205827301401914
1115,6157,50,-4.091729044914246,1,0.01587360863236093,0.01587360863236093
1116,6158,50,-3.0,1,0.01808381054107491,0.01762503628105531
1117,6159,50,0.0,1,0.01193899970049851,0.011838438185597329
1118,6160,50,-10.424907922744751,1,0.01618668208209884,0.01618668208209884
1119,6161,50,-7.0,1,0.012638920525253011,0.012638920525253011
1120,6162,50,-3.0,1,0.013600799687093068,0.010945672094777413
1121,6163,50,-5.0,1,0.007202322184835637,0.007202322184835637
1122,6164,50,-3.0,1,0.033234814914095814,0.033234814914095814
1123,6165,50,-4.0,1,0.013265882621757855,0.013265882621757855
1124,6166,50,-15.39512586593628,1,0.04815865463790867,0.04800926504647715
1125,6167,50,-7.346169829368591,1,0.03453317840464906,0.03413428119225815
1126,6168,50,-6.981616020202637,1,0.007417234424388042,0.007417234424388042
1127,6169,50,-6.757641911506653,1,0.013175472392767533,0.012498681542041548
1128,6170,50,-10.662082433700562,1,0.014947047245967177,0.014723008477151073
1129,6171,50,-4.0,1,0.018088189928350172,0.018088189928350172
1130,6172,50,-14.0,1,0.012425173965058286,0.012425173965058286
1131,6173,50,-7.344102382659912,1,0.014998298685770167,0.014998298685770167
1132,6174,50,-4.0,1,0.013919567678607692,0.013892327805822316
1133,6175,50,-5.19793701171875,1,0.013254587469934812,0.013254587469934812
1134,6176,50,-5.124796748161316,1,0.004427583147453377,0.004427583147453377
1135,6177,50,0.0,1,0.022417670385479184,0.0218923954187266
1136,6178,50,-6.28922975063324,1,0.007104360321095425,0.007104360321095425
1137,6179,50,0.0,1,0.0134490201188858,0.01321908446432925
1138,6180,50,-6.925974607467651,1,0.015588394834664798,0.015355983307999855
1139,6181,50,-3.0,1,0.014393967657958718,0.014393967657958718
1140,6182,50,-4.462298631668091,1,0.03248873092137673,0.03248873092137673
1141,6183,50,-8.330620288848877,1,0.016711376912733864,0.016711376912733864
1142,6184,50,-4.0,1,0.018392214816061167,0.018392214816061167
1143,6185,50,-11.92358136177063,1,0.03927950826904031,0.03890438750498423
1144,6186,50,-4.0,1,0.0385393012380733,0.03819545413156744
1145,6187,50,-4.0,1,0.022763197103765075,0.022493451625578892
1146,6188,50,-7.251045823097229,1,0.017386789742886436,0.01585931960323421
1147,6189,50,0.0,1,0.013766960547037277,0.013766960547037275
1148,6190,50,-11.935766220092773,1,0.04937674264748921,0.014136345368393676
1149,6191,50,0.0,1,0.004392892985912772,0.004392892985912772
1150,6192,50,-4.274615406990051,1,0.00787072477060085,0.00787072477060085
1151,6193,50,-4.0,1,0.012501047916511101,0.012501047916511101
1152,6194,50,-7.8708237409591675,1,0.030188808888554994,0.030188808888554994
1153,6195,50,-7.112928032875061,1,0.017313782462446803,0.01617953121355699
1154,6196,50,0.0,1,0.01664720383469147,0.01617438162036764
1155,6197,50,-3.0,1,0.025151046369994903,0.025151046369994903
1156,6198,50,-8.263457894325256,1,0.01866941528810681,0.018445020804594075
1157,6199,50,-4.339657425880432,1,0.01682612520479627,0.01682612520479627
1158,6200,50,-12.379132151603699,1,0.031701481794860153,0.031264674151231915
1159,6201,50,-4.654902815818787,1,0.013176025729502168,0.012960643438856782
1160,6202,50,-12.646570801734924,1,0.02071255865327745,0.02028875914384914
1161,6203,50,-8.974867701530457,1,0.002935818267890032,0.002669800717452437
1162,6204,50,-6.802596807479858,1,0.02768995111265744,0.02768995111265744
1163,6205,50,-4.0,1,0.011145303651245157,0.01096814721169541
1164,6206,50,-4.0,1,0.008764159000348081,0.008567176585824243
1165,6207,50,-56.33697855472565,0,0.1547783619229509,0.09768113644437174
1166,6208,50,-4.0,1,0.010837576310178202,0.010837576310178202
1167,6209,50,-4.0,1,0.015180278139547244,0.012168841601633073
1168,6210,50,-4.600265264511108,1,0.009389424218449356,0.009389424218449356
1169,6211,50,-4.869962096214294,1,0.0030310814176900663,0.0030310814176900663
1170,6212,50,-6.708353757858276,1,0.013219303790700401,0.013219303790700401
1171,6213,50,-50.0,0,0.07883299962033313,0.06800825207587038
1172,6214,50,-4.0,1,0.007625732923987838,0.007106585107213662
1173,6215,50,-6.898756980895996,1,0.039360771881456195,0.039360771881456195
1174,6216,50,0.0,1,0.012803312750458547,0.012803312750458547
1175,6217,50,-10.0,1,0.020286530712991635,0.020009733581711136
1176,6218,50,-3.0,1,0.02630763047849306,0.02630763047849306
1177,6219,50,-4.0,1,0.015312578326262328,0.014848844437063255
1178,6220,50,-7.721679925918579,1,0.01116866108009238,0.010940326436986475
1179,6221,50,-35.44334578514099,1,0.04778562731201293,0.04760551715953279
1180,6222,50,-4.0,1,0.014037453924520384,0.014037453924520384
1181,6223,50,-4.0,1,0.009971629591913911,0.009766128686554194
1182,6224,50,-3.0,1,0.017146637939506517,0.016993123245733988
1183,6225,50,-4.825471758842468,1,0.021770914022372346,0.020392478985658425
1184,6226,50,-10.844818592071533,1,0.018468073523681374,0.018468073523681374
1185,6227,50,-4.0,1,0.01118911210731272,0.01118911210731272
1186,6228,50,-9.304858922958374,1,0.005808994259916378,0.00551956958999723
1187,6229,50,0.0,1,0.007098517760761942,0.007098517760761942
1188,6230,50,-3.0,1,0.027733756341161805,0.027733756341161805
1189,6231,50,-4.8239076137542725,1,0.01688209464843732,0.016394236630938308
1190,6232,50,-7.499022960662842,1,0.013921508585452486,0.013921508585452486
1191,6233,50,-68.10046470165253,0,0.38454741490680505,0.10998141479402924
1192,6234,50,-6.838889002799988,1,0.008925617295764004,0.00868776044228483
1193,6235,50,0.0,1,0.020380288570545798,0.020380288570545798
1194,6236,50,-3.0,1,0.007222859628610191,0.007222859628610191
1195,6237,50,-6.791843414306641,1,0.018608369327177268,0.018608369327177268
1196,6238,50,-3.0,1,0.014395606879162127,0.014395606879162127
1197,6239,50,-5.161470413208008,1,0.009669281988098284,0.009656340911967324
1198,6240,50,-4.125990867614746,1,0.011766370999550153,0.011638670061250264
1199,6241,50,-34.74528443813324,1,0.07175677108833647,0.024166192374112907
1200,6242,50,-8.505169153213501,1,0.0244435900241033,0.023958957432201954
1201,6243,50,-4.0,1,0.0089535011870664,0.0089535011870664
1202,6244,50,-9.040282964706421,1,0.027407542028644857,0.027407542028644857
1203,6245,50,-5.0,1,0.008651402053083233,0.008651402053083233
1204,6246,50,-4.252790331840515,1,0.0160677598269076,0.0160677598269076
1205,6247,50,-4.4547799825668335,1,0.00745835077837426,0.0072346990542340546
1206,6248,50,-3.0,1,0.02013318713271904,0.019978186995829175
1207,6249,50,-4.777756452560425,1,0.03177029153382989,0.03158042012813261
1208,6250,50,-7.968425869941711,1,0.03152964005257987,0.0038972109889580404
1209,6251,50,-3.0,1,0.016200898909885925,0.01575064630643555
1210,6252,50,-8.708805799484253,1,0.01900785208620439,0.01900785208620439
1211,6253,50,-5.931122660636902,1,0.02590874866430062,0.02404685568853063
1212,6254,50,-4.044768214225769,1,0.007823654012301498,0.007823654012301498
1213,6255,50,-4.0,1,0.016576447232787016,0.016576447232787016
1214,6256,50,-4.0,1,0.006377582983074882,0.006377582983074882
1215,6257,50,-6.575944662094116,1,0.013237352144657958,0.013237352144657958
1216,6258,50,-4.0,1,0.0013881397784261558,0.0011992267483064535
1217,6259,50,-4.2334144115448,1,0.010336559550393823,0.009819483721391227
1218,6260,50,-7.137866735458374,1,0.016039926187672894,0.012482421921112105
1219,6261,50,-5.0,1,0.015478102140805722,0.007038371565268249
1220,6262,50,-5.006112098693848,1,0.03719984896710618,0.03719984896710618
1221,6263,50,-5.194387197494507,1,0.012488007543523836,0.012251673733452022
1222,6264,50,-10.08146047592163,1,0.0043767558263730745,0.004182071717713017
1223,6265,50,-7.066916465759277,1,0.012123402160854765,0.008383194481523464
1224,6266,50,-9.189981698989868,1,0.002949950029287836,0.002949950029287836
1225,6267,50,-4.0,1,0.009920253524655732,0.009807791837056223
1226,6268,50,-5.063525199890137,1,0.019787207273621637,0.019787207273621637
1227,6269,50,-4.0,1,0.0053449657818299134,0.0053449657818299134
1228,6270,50,-4.0,1,0.012534615105187148,0.01235057746033966
1229,6271,50,-10.028175950050354,1,0.04274526270489458,0.035546296532414985
1230,6272,50,-8.651112675666809,1,0.018478308407166407,0.018057920923120706
1231,6273,50,0.0,1,0.02249738173084704,0.022349420732292055
1232,6274,50,-6.5353028774261475,1,0.007068537593314051,0.0066581841793777186
1233,6275,50,-8.728003144264221,1,0.017822801430246057,0.017692695082117134
1234,6276,50,-52.445314049720764,0,0.061974072822428034,0.061715103978511654
1235,6277,50,-4.216852307319641,1,0.02720993007688312,0.02699074858784026
1236,6278,50,-8.926717519760132,1,0.01896035422604466,0.01896035422604466
1237,6279,50,0.0,1,0.016774240161708243,0.014483959616439852
1238,6280,50,-7.23008120059967,1,0.016260561152912384,0.016260561152912384
1239,6281,50,-8.587667465209961,1,0.021814135657341725,0.021814135657341725
1240,6282,50,-4.0,1,0.008303368608123423,0.008036240414267752
1241,6283,50,-4.240028738975525,1,0.021857883618002942,0.021852211393491135
1242,6284,50,-7.263608336448669,1,0.025092156714905747,0.024709886390857177
1243,6285,50,-9.76833462715149,1,0.014111277503712886,0.012929935520127453
1244,6286,50,-4.5431331396102905,1,0.02035254527433638,0.01987441769616015
1245,6287,50,-9.0860675573349,1,0.016417708116314034,0.016051961857865876
1246,6288,50,-3.0,1,0.012678560894472196,0.009291147165551742
1247,6289,50,-50.60885727405548,0,0.05049423091156115,0.05045702782674321
1248,6290,50,-4.0,1,0.027462225622037068,0.026852097249729163
1249,6291,50,-17.330068230628967,1,0.04566926672267747,0.04556285165018567
1250,6292,50,-4.575792193412781,1,0.018645851108594114,0.018084461665689375
1251,6293,50,-5.0,1,0.022901240050101464,0.022901240050101464
1252,6294,50,-4.734583854675293,1,0.008851860018107055,0.008403519555497327
1253,6295,50,-9.19627296924591,1,0.011316891010414032,0.011316891010414032
1254,6296,50,0.0,1,0.025688928790282506,0.025625440117802226
1255,6297,50,-4.347825288772583,1,0.013610927408384975,0.013610927408384975
1256,6298,50,-12.160506963729858,1,0.014646721263690717,0.014646721263690717
1257,6299,50,-4.0,1,0.008552369311358086,0.008111152119498984
1258,6300,50,-5.223951101303101,1,0.03734803956274108,0.03734803956274108
1259,6301,50,-18.310652375221252,1,0.019701328970077307,0.019701328970077307
1260,6302,50,-4.0,1,0.0081098862025868,0.007962622420814327
1261,6303,50,-4.026819944381714,1,0.025354099570407355,0.02484992751845133
1262,6304,50,-4.325133323669434,1,0.029891106185368894,0.029891106185368894
1263,6305,50,-8.630902171134949,1,0.01639643053485505,0.01639643053485505
1264,6306,50,-8.856526255607605,1,0.02145317070434791,0.020262176358076305
1265,6307,50,-3.0,1,0.005385295539113729,0.005385295539113729
1266,6308,50,-6.782318353652954,1,0.019267752942763183,0.018817048685708933
1267,6309,50,-39.19498324394226,1,0.047768279610895914,0.01602914426520293
1268,6310,50,-10.209385633468628,1,0.015679062538100953,0.015612636979177759
1269,6311,50,-3.0,1,0.006782330608367294,0.006391023751613486
1270,6312,50,-4.0,1,0.006040959286133943,0.006040959286133943
1271,6313,50,-5.0,1,0.017039211137954705,0.017039211137954705
1272,6314,50,-8.0,1,0.013134425188001968,0.012575174247101948
1273,6315,50,-7.4328776597976685,1,0.013267464903284776,0.013164409308254943
1274,6316,50,-6.56689715385437,1,0.008485887393340092,0.008326479536188355
1275,6317,50,-4.6414549350738525,1,0.02211112575762648,0.02192603016730792
1276,6318,50,-4.431152105331421,1,0.016662133374286524,0.016662133374286524
1277,6319,50,-5.0528528690338135,1,0.033371943696216856,0.033371943696216856
1278,6320,50,-4.584232211112976,1,0.01902185259862178,0.01902185259862178
1279,6321,50,-9.899623155593872,1,0.011334825806432648,0.011334825806432648
1280,6322,50,-10.53210961818695,1,0.006833826266687985,0.006833826266687985
1281,6323,50,-4.0,1,0.033415775272377365,0.033415775272377365
1282,6324,50,-3.0,1,0.016028715196377066,0.012437688803826567
1283,6325,50,-7.869159698486328,1,0.021242238524311605,0.02120560783866422
1284,6326,50,-7.925441384315491,1,0.018352721887354508,0.018201118978231477
1285,6327,50,-4.193992018699646,1,0.012262962348729995,0.00758458144631804
1286,6328,50,-4.898437738418579,1,0.03425310169641729,0.03425310169641729
1287,6329,50,-3.0,1,0.017987849612390742,0.01754914255696374
1288,6330,50,-9.914994359016418,1,0.029466488471489756,0.029296695588233224
1289,6331,50,-7.594437479972839,1,0.01825439621159786,0.01825439621159786
1290,6332,50,-10.24903404712677,1,0.042739227127004856,0.042739227127004856
1291,6333,50,-3.0,1,0.019137518645137155,0.013873932655023674
1292,6334,50,-9.821917295455933,1,0.027176880029425882,0.027176880029425882
1293,6335,50,-3.0,1,0.015614993584753586,0.015614993584753586
1294,6336,50,-5.2224202156066895,1,0.004370085858637482,0.004370085858637482
1295,6337,50,-13.860141277313232,1,0.006249781096623174,0.005627983286715966
1296,6338,50,-5.935382127761841,1,0.03375279776884093,0.03357114694235047
1297,6339,50,-4.249698638916016,1,0.023800715637234866,0.023800715637234866
1298,6340,50,-4.0,1,0.012687085169940401,0.012498843244200284
1299,6341,50,-6.870382785797119,1,0.009224294331794593,0.009224294331794593
1300,6342,50,-4.924557685852051,1,0.0106647630382403,0.0106647630382403
1301,6343,50,-5.048960208892822,1,0.0014818261244715588,0.0012688104653947965
1302,6344,50,-4.0,1,0.019236637026700452,0.019236637026700452
1303,6345,50,0.0,1,0.01756919856317782,0.014687829992556559
1304,6346,50,0.0,1,0.009313539465034206,0.009313539465034206
1305,6347,50,-10.855085730552673,1,0.011106899211732458,0.011106899211732458
1306,6348,50,-9.582934975624084,1,0.03112582756846192,0.03112582756846192
1307,6349,50,-5.618685483932495,1,0.010796348873303708,0.009028857598434354
1308,6350,50,-4.411593914031982,1,0.013477638118850962,0.013477638118850962
1309,6351,50,-4.702651619911194,1,0.020925246714846395,0.020440645642564554
1310,6352,50,-10.86894965171814,1,0.018483754268899723,0.01815633952522993
1311,6353,50,-9.63626217842102,1,0.02793019841712732,0.027431465186725006
1312,6354,50,-7.244276642799377,1,0.00625386036754103,0.005804618845761678
1313,6355,50,-4.388457536697388,1,0.032890613687478705,0.032601977069927734
1314,6356,50,-51.02609848976135,0,0.05391143554032483,0.05391143554032483
1315,6357,50,-4.128461003303528,1,0.01621738679186253,0.01600929298911346
1316,6358,50,-8.187305331230164,1,0.0102585700818323,0.0102585700818323
1317,6359,50,-4.0,1,0.010778285651168383,0.010778285651168383
1318,6360,50,-6.498904466629028,1,0.02250993681168214,0.02250993681168214
1319,6361,50,-8.996335625648499,1,0.017808417338001536,0.017808417338001536
1320,6362,50,-5.03031063079834,1,0.008219820058690383,0.007967762498351514
1321,6363,50,-8.872009038925171,1,0.011996140604410122,0.011996140604410122
1322,6364,50,-3.3483095169067383,1,0.022861888963953532,0.02264709081373211
1323,6365,50,-4.545587778091431,1,0.013313151341342687,0.012913372152272945
1324,6366,50,-4.0,1,0.03440299983333284,0.03396162505558979
1325,6367,50,-3.0,1,0.015569982805561265,0.014688898348818246
1326,6368,50,-10.177830219268799,1,0.009394572737205995,0.00932215058155371
1327,6369,50,-48.471922755241394,1,0.055723369097317565,0.04470894105697923
1328,6370,50,-4.113765716552734,1,0.01802331077203532,0.01768587894771095
1329,6371,50,-4.378712058067322,1,0.017031650216729022,0.017031650216729022
1330,6372,50,-4.0,1,0.019032592933893786,0.018971629006793066
1331,6373,50,-11.861349105834961,1,0.01743850240005209,0.017201254762232443
1332,6374,50,0.0,1,0.012581964285916724,0.012429828138700652
1333,6375,50,-4.0,1,0.015863929472570294,0.015863929472570294
1334,6376,50,-6.0,1,0.011758827300631774,0.011758827300631774
1335,6377,50,-4.548638343811035,1,0.017265718843590797,0.01678125781378915
1336,6378,50,-8.889253377914429,1,0.0410532244728941,0.04064500217360112
1337,6379,50,-9.36662757396698,1,0.019182694872232654,0.019182694872232654
1338,6380,50,-4.593259811401367,1,0.005956473697549747,0.0058680704009398356
1339,6381,50,-3.0,1,0.034671369807862645,0.034671369807862645
1340,6382,50,-4.0247989892959595,1,0.01600618277399125,0.015776499947249265
1341,6383,50,-4.594897985458374,1,0.02150219358859276,0.020087855694722177
1342,6384,50,-4.724951267242432,1,0.03797239548368117,0.03778516078718399
1343,6385,50,-4.679148316383362,1,0.024640433704983134,0.024640433704983134
1344,6386,50,-10.716572523117065,1,0.020700373665504666,0.02008265077472889
1345,6387,50,-4.0,1,0.02825549336613536,0.02825549336613536
1346,6388,50,-4.473649024963379,1,0.019207346719225752,0.018650592898194873
1347,6389,50,-6.863361239433289,1,0.010944010120566651,0.010944010120566651
1348,6390,50,-4.0,1,0.012303935493387534,0.01085480946172837
1349,6391,50,-4.655104756355286,1,0.0310997301112826,0.03065296517546052
1350,6392,50,-16.330584049224854,1,0.04683261421975999,0.04671526336522126
1351,6393,50,-4.0,1,0.008115325161510324,0.007637465225567018
1352,6394,50,-4.199995517730713,1,0.026256431810378164,0.025775699984798037
1353,6395,50,-4.0,1,0.01389403859835709,0.013703275643758278
1354,6396,50,-3.0,1,0.018138171987648884,0.018138171987648884
1355,6397,50,-4.0,1,0.003841164824321057,0.003841164824321057
1356,6398,50,-9.186275601387024,1,0.013908931413201498,0.013532113968507332
1357,6399,50,-6.037637114524841,1,0.014024426972527374,0.014024426972527374
1358,6400,50,-7.842465400695801,1,0.014482699077186552,0.014482699077186552
1359,6401,50,-12.433934211730957,1,0.013503714813624543,0.013181696531038813
1360,6402,50,0.0,1,0.01859588513999827,0.017979526828988793
1361,6403,50,-4.133846879005432,1,0.014333307004694774,0.014333307004694774
1362,6404,50,-6.546819686889648,1,0.01279455762740367,0.01258869533623862
1363,6405,50,-3.0,1,0.008519760097986231,0.008519760097986231
1364,6406,50,-7.246393322944641,1,0.015022271645412966,0.012773822877596859
1365,6407,50,-6.0,1,0.01408041933243873,0.01408041933243873
1366,6408,50,-9.533389687538147,1,0.010555507147060087,0.010555507147060087
1367,6409,50,-7.824294090270996,1,0.01400137098961621,0.010157318672585182
1368,6410,50,-4.0,1,0.017147518119600667,0.017147518119600667
1369,6411,50,-4.0,1,0.013048922601719573,0.012773441640044566
1370,6412,50,-5.777912020683289,1,0.009731676335585691,0.009232719128786841
1371,6413,50,-4.37933886051178,1,0.009627314884420129,0.009627314884420129
1372,6414,50,-4.188811779022217,1,0.016506821998555826,0.016506821998555826
1373,6415,50,-4.53855836391449,1,0.017225771104380005,0.017225771104380005
1374,6416,50,-57.73804223537445,0,0.16589822587649147,0.11703475234911669
1375,6417,50,-3.0,1,0.012879245201739744,0.012807541507369409
1376,6418,50,0.0,1,0.01659373113923646,0.01659373113923646
1377,6419,50,-10.510632753372192,1,0.014907618957036245,0.014781076999142322
1378,6420,50,-10.26035487651825,1,0.014844803344459602,0.014716783859090577
1379,6421,50,-4.280764818191528,1,0.024633973617182555,0.024633973617182555
1380,6422,50,-4.0,1,0.021582548925296235,0.020739716320056036
1381,6423,50,-50.799421072006226,0,0.07006576654867194,0.07006576654867194
1382,6424,50,-4.0,1,0.027806221039709426,0.02753002413399385
1383,6425,50,-4.620008587837219,1,0.009476619318472676,0.007966818086950187
1384,6426,50,-4.0,1,0.008569753154985368,0.007960736119744788
1385,6427,50,-3.0,1,0.012790151741215335,0.012790151741215335
1386,6428,50,-8.387646198272705,1,0.0013662580810408981,0.001271877862856611
1387,6429,50,-5.552259564399719,1,0.028826537716055593,0.028826537716055593
1388,6430,50,-4.4620126485824585,1,0.0031650997373953247,0.0031650997373953247
1389,6431,50,-4.055559992790222,1,0.013032884881688082,0.012943723246932447
1390,6432,50,-4.121183276176453,1,0.018778416960492036,0.018778416960492036
1391,6433,50,-4.0,1,0.010497942467821533,0.010445866033449418
1392,6434,50,-4.342097759246826,1,0.0042496141022596995,0.00411320548552803
1393,6435,50,-4.0,1,0.020466526983251968,0.018828535346805512
1394,6436,50,-3.0,1,0.014483678293041674,0.013326625652844384
1395,6437,50,-5.713601469993591,1,0.010928857882635088,0.010928857882635088
1396,6438,50,-7.491878032684326,1,0.021292375106317655,0.01533133362179839
1397,6439,50,-3.0,1,0.017058592992277185,0.015470749650250554
1398,6440,50,-4.400782823562622,1,0.012366695832620683,0.008238307910744154
1399,6441,50,-4.4996747970581055,1,0.014273552948513001,0.014273552948513001
1400,6442,50,-4.288352131843567,1,0.011245921733941278,0.011245921733941278
1401,6443,50,0.0,1,0.011650197679379744,0.011537651503406935
1402,6444,50,-8.648688912391663,1,0.006610743058230137,0.006610743058230137
1403,6445,50,-4.0,1,0.012066549823310745,0.011864589411094646
1404,6446,50,-3.0,1,0.013126172169864534,0.013126172169864534
1405,6447,50,-4.130506992340088,1,0.017777001760967557,0.01456475949325255
1406,6448,50,-6.623522639274597,1,0.01003558310715932,0.009650689619006168
1407,6449,50,0.0,1,0.013641960158267488,0.013641960158267486
1408,6450,50,-6.57200825214386,1,0.014516012244923548,0.013845201290019642
1409,6451,50,-4.740423917770386,1,0.02622111425951121,0.02622111425951121
1410,6452,50,-8.959194660186768,1,0.022338707215405807,0.022338707215405807
1411,6453,50,-7.998511910438538,1,0.008885293475664822,0.007551935048863163
1412,6454,50,-6.957176089286804,1,0.004912809650260574,0.004912809650260574
1413,6455,50,-12.217410326004028,1,0.024318723411829137,0.023708297473372494
1414,6456,50,0.0,1,0.018324611365013788,0.017940725505606304
1415,6457,50,-8.270607948303223,1,0.016227970951450715,0.016227970951450715
1416,6458,50,-7.008697509765625,1,0.022156674709699557,0.022156674709699557
1417,6459,50,-4.1536619663238525,1,0.021836202964922394,0.021676830392591766
1418,6460,50,-3.0,1,0.018766240170090896,0.018766240170090896
1419,6461,50,-4.027226209640503,1,0.013705685985347943,0.013484458716244875
1420,6462,50,-5.028716802597046,1,0.02406964229748453,0.023711548733057752
1421,6463,50,-6.6430171728134155,1,0.010799403099731545,0.01033692382048508
1422,6464,50,-3.0,1,0.012633578106534918,0.012633578106534918
1423,6465,50,-4.0,1,0.018073151269002496,0.018073151269002496
1424,6466,50,-9.407026648521423,1,0.012760680614536644,0.012646678833298838
1425,6467,50,-3.0,1,0.019412147013059565,0.016721215556988002
1426,6468,50,-7.119738340377808,1,0.026173757751006915,0.02590524099774154
1427,6469,50,-10.889917731285095,1,0.028045143851217886,0.028045143851217886
1428,6470,50,-4.87692129611969,1,0.0134496267540691,0.0134496267540691
1429,6471,50,-4.122073769569397,1,0.013293967695684885,0.013171049637469628
1430,6472,50,-11.157238006591797,1,0.026384344758361017,0.026314574190187734
1431,6473,50,-10.914682984352112,1,0.02165492777860757,0.021641678923355178
1432,6474,50,-8.536237835884094,1,0.0005194364436145533,0.0005194364436145533
1433,6475,50,-7.716883897781372,1,0.018146476801313743,0.015797678801988232
1434,6476,50,0.0,1,0.014780673791790325,0.007977569871309879
1435,6477,50,0.0,1,0.013109938324378559,0.012660405598281266
1436,6478,50,-4.0,1,0.013724079601447595,0.013309894654897568
1437,6479,50,-19.639174580574036,1,0.03013885120083396,0.029758282811819935
1438,6480,50,-3.0,1,0.024549109282540595,0.02451087196690014
1439,6481,50,-4.183727741241455,1,0.017615794949355397,0.012115883280951374
1440,6482,50,-4.051700472831726,1,0.023133426595242288,0.023133426595242288
1441,6483,50,-37.93921184539795,1,0.1370357806385944,0.02203677210808464
1442,6484,50,-4.5172224044799805,1,0.009286594426457613,0.009286594426457613
1443,6485,50,0.0,1,0.009157572385246122,0.009125986215339063
1444,6486,50,-9.313683032989502,1,0.016402887838487725,0.01633384870149527
1445,6487,50,-4.327480673789978,1,0.010215696331778079,0.009835311103141484
1446,6488,50,-7.0203481912612915,1,0.01062807220812424,0.009718038960877163
1447,6489,50,-7.108524441719055,1,0.0016725703775289427,0.001274528035058818
1448,6490,50,-50.74799585342407,0,0.060780104895045726,0.06069607321342822
1449,6491,50,-5.291442632675171,1,0.02930019567207414,0.02930019567207414
1450,6492,50,0.0,1,0.013755290535914547,0.009388177055402474
1451,6493,50,-4.0,1,0.026347994887323894,0.025845526978852236
1452,6494,50,-52.19026756286621,0,0.07237939618673656,0.06972179224964624
1453,6495,50,-6.0,1,0.01820528355126641,0.012574538287374657
1454,6496,50,-4.0,1,0.007054880460554281,0.006861302805568662
1455,6497,50,-8.367839574813843,1,0.019514396487403867,0.019181426135028417
1456,6498,50,-4.0,1,0.017170607578502445,0.017170607578502445
1457,6499,50,-4.831581473350525,1,0.006801637574317818,0.006801637574317818
1458,6500,50,-4.378673315048218,1,0.012150957323167155,0.012150957323167155
1459,6501,50,-7.96489417552948,1,0.01464178218346685,0.014455570714986227
1460,6502,50,-4.0,1,0.010063394773503372,0.009550988594074933
1461,6503,50,0.0,1,0.006587206854975373,0.006587206854975373
1462,6504,50,-7.926513075828552,1,0.027303757832520058,0.027155390101477536
1463,6505,50,-5.43365740776062,1,0.005945243445158091,0.005945243445158091
1464,6506,50,-4.27608585357666,1,0.019943651478205003,0.019644265858968116
1465,6507,50,-4.0,1,0.01418182305508786,0.013789501709770854
1466,6508,50,-4.0,1,0.00229932508290455,0.00229932508290455
1467,6509,50,-4.0,1,0.01783806453052448,0.01783806453052448
1468,6510,50,-4.09124481678009,1,0.03427664906567343,0.034127264925441436
1469,6511,50,-12.180970788002014,1,0.021095680918442963,0.021080330922546492
1470,6512,50,0.0,1,0.006604872261634792,0.006604872261634792
1471,6513,50,-12.616881132125854,1,0.015102321924752107,0.015102321924752107
1472,6514,50,-8.091771602630615,1,0.01220995009836163,0.01220995009836163
1473,6515,50,0.0,1,0.024451812892349115,0.024451812892349115
1474,6516,50,-4.823626518249512,1,0.008438904243608002,0.006372567066713341
1475,6517,50,-4.0,1,0.019520479572748353,0.019520479572748353
1476,6518,50,-6.928081393241882,1,0.017242035791890962,0.017242035791890962
1477,6519,50,-4.123561501502991,1,0.0037402638689751485,0.0033416777525622225
1478,6520,50,0.0,1,0.0183382353104284,0.0183382353104284
1479,6521,50,-3.0,1,0.01176700105744525,0.01176700105744525
1480,6522,50,-8.191035270690918,1,0.014583796814441543,0.014583796814441543
1481,6523,50,-4.011944770812988,1,0.023158230939718215,0.023158230939718215
1482,6524,50,-4.0,1,0.011755029721070967,0.011755029721070967
1483,6525,50,-11.667744398117065,1,0.0067420476535539195,0.0067420476535539195
1484,6526,50,-8.37717092037201,1,0.01466602633203562,0.01466602633203562
1485,6527,50,-3.0,1,0.015771148039352544,0.015771148039352544
1486,6528,50,-10.291478991508484,1,0.009608702137942618,0.009608702137942618
1487,6529,50,-7.51180362701416,1,0.007797089805600776,0.007282745197030901
1488,6530,50,-6.573263049125671,1,0.01653286613930518,0.014493569657798282
1489,6531,50,-10.820353031158447,1,0.01005313340702052,0.01005313340702052
1490,6532,50,-3.0,1,0.019670695414242195,0.019670695414242195
1491,6533,50,-4.086700797080994,1,0.022222761006264975,0.02202263242800983
1492,6534,50,-4.966166019439697,1,0.01360185015162142,0.013418302759493392
1493,6535,50,-4.0,1,0.014880163014752026,0.014880163014752026
1494,6536,50,-10.784639954566956,1,0.016069299637399857,0.015926683756452082
1495,6537,50,-3.0,1,0.020328272337080452,0.020001988119451013
1496,6538,50,0.0,1,0.006133065353229803,0.006133065353229796
1497,6539,50,-4.333823561668396,1,0.0017580698321556527,0.001222330224258582
1498,6540,50,0.0,1,0.015185336395672662,0.015185336395672662
1499,6541,50,-4.857912182807922,1,0.01106282481928571,0.01106282481928571
1500,6542,50,-4.441965579986572,1,0.01451683513943807,0.01451683513943807
1501,6543,50,-9.33205246925354,1,0.024165129589954464,0.024165129589954464
1502,6544,50,-8.320918083190918,1,0.014450278768733713,0.014450278768733713
1503,6545,50,-12.506494045257568,1,0.015444619407828951,0.015444619407828951
1504,6546,50,-8.0,1,0.022009995826030436,0.017365763884818492
1505,6547,50,-8.966265559196472,1,0.008857373320723503,0.008857373320723503
1506,6548,50,-6.847936153411865,1,0.038281142914097656,0.03784533846459509
1507,6549,50,-4.244307041168213,1,0.01639431276272832,0.0160095979652329
1508,6550,50,-4.250064134597778,1,0.014938061044831474,0.01456803261576855
1509,6551,50,-4.0,1,0.02966444129620976,0.028569759810694092
1510,6552,50,-4.0,1,0.009098025342209307,0.009098025342209307
1511,6553,50,-3.0,1,0.006740770908318763,0.006489665077620777
1512,6554,50,-3.0,1,0.018982930340818268,0.01896646920840934
1513,6555,50,-8.1219242811203,1,0.016844027354278243,0.016844027354278243
1514,6556,50,-7.106303691864014,1,0.013032466342225784,0.012757443490032442
1515,6557,50,-3.0,1,0.018315491343316833,0.018315491343316833
1516,6558,50,-10.213351607322693,1,0.02374438596113231,0.023412327644808308
1517,6559,50,-5.102232933044434,1,0.005504794123051233,0.0054785496398410925
1518,6560,50,-4.356122374534607,1,0.01731837707871691,0.016922617438404505
1519,6561,50,-11.105979919433594,1,0.02289583693707957,0.02289583693707957
1520,6562,50,-4.0,1,0.024971734808727965,0.023591088324956253
1521,6563,50,-12.424314141273499,1,0.006144822191380388,0.0059439831917896604
1522,6564,50,-4.0,1,0.03127306648364373,0.03127306648364373
1523,6565,50,-4.220524907112122,1,0.01616952832344205,0.01569784654891367
1524,6566,50,-9.960522532463074,1,0.024923186624518548,0.02485902175054927
1525,6567,50,-4.181094169616699,1,0.017514684882739575,0.015108739044266361
1526,6568,50,-5.559212565422058,1,0.006435963545401628,0.006325674995214663
1527,6569,50,-7.957596302032471,1,0.01844226829530574,0.018315650953512827
1528,6570,50,-4.8307719230651855,1,0.01367440412540343,0.01357580897349316
1529,6571,50,-3.0,1,0.02100191773491216,0.018785609899337318
1530,6572,50,-6.290803909301758,1,0.01238121625124075,0.01238121625124075
1531,6573,50,-50.603515625,0,0.09664954005730737,0.05462281246820133
1532,6574,50,-3.0,1,0.017131283557201966,0.017115006766381627
1533,6575,50,-9.836271286010742,1,0.02930832449291691,0.02930832449291691
1534,6576,50,-8.363918781280518,1,0.010971950640908796,0.010769583714674744
1535,6577,50,0.0,1,0.017830571985897412,0.017542147777641435
1536,6578,50,-5.432168960571289,1,0.008626552874358005,0.008626552874358005
1537,6579,50,-4.266610145568848,1,0.01225406238155088,0.01202703626973856
1538,6580,50,-4.146272659301758,1,0.007989033978309227,0.007989033978309227
1539,6581,50,-9.638231754302979,1,0.018885857984903193,0.01760119907737618
1540,6582,50,0.0,1,0.015013541312004958,0.015013541312004958
1541,6583,50,-3.0,1,0.007930559500429023,0.007930559500429023
1542,6584,50,-9.730141639709473,1,0.007111736296641849,0.007111736296641849
1543,6585,50,-6.6759268045425415,1,0.018841135854563727,0.018841135854563727
1544,6586,50,-10.142720341682434,1,0.02922197197193955,0.0282293201379685
1545,6587,50,-4.185054898262024,1,0.020369404639093817,0.020369404639093817
1546,6588,50,-6.640170574188232,1,0.014331638821681704,0.014126856220647424
1547,6589,50,-9.551990628242493,1,0.029556040775040527,0.029093635345231107
1548,6590,50,-3.0,1,0.018778064858895837,0.018778064858895837
1549,6591,50,-4.7171924114227295,1,0.012666061826715702,0.01239145242405179
1550,6592,50,-4.0,1,0.027233515836612116,0.026777988416125793
1551,6593,50,-3.0,1,0.009887537562812047,0.006795013927744584
1552,6594,50,-4.0,1,0.006244378659575587,0.006244378659575587
1553,6595,50,-3.0,1,0.02358973699321855,0.023549208383492226
1554,6596,50,-8.971382021903992,1,0.01240558283423112,0.01240558283423112
1555,6597,50,-10.803192019462585,1,0.029902353140789505,0.018204675500683894
1556,6598,50,-8.284876346588135,1,0.016416761668358988,0.016416761668358988
1557,6599,50,-8.0,1,0.014203676931517866,0.014203676931517866
1558,6600,50,-7.081802725791931,1,0.019409969216389822,0.018394402048499434
1559,6601,50,-4.6285014152526855,1,0.01743656178958346,0.015953124902512623
1560,6602,50,-8.022148609161377,1,0.005504254200373735,0.005504254200373735
1561,6603,50,-6.850542187690735,1,0.008216269635547594,0.008216269635547594
1562,6604,50,0.0,1,0.016474644957850722,0.014163553395711636
1563,6605,50,-4.0,1,0.024435069763098786,0.02081155113336089
1564,6606,50,-4.3021769523620605,1,0.022023944898572883,0.022008442465088648
1565,6607,50,-6.6728774309158325,1,0.043040155193199314,0.043040155193199314
1566,6608,50,-6.284348487854004,1,0.012706481849786955,0.012706481849786955
1567,6609,50,-3.0,1,0.01885698051798204,0.01885698051798204
1568,6610,50,-4.610550165176392,1,0.023417234733355514,0.023417234733355514
1569,6611,50,-8.083019495010376,1,0.01173541507302287,0.01173541507302287
1570,6612,50,-3.0,1,0.0192447341406942,0.0192447341406942
1571,6613,50,-4.040248513221741,1,0.019169568450574773,0.018922642051185552
1572,6614,50,-4.63405442237854,1,0.03821642377420071,0.03821642377420071
1573,6615,50,0.0,1,0.016648913844416587,0.016648913844416583
1574,6616,50,-4.127498984336853,1,0.01060307892017707,0.010123724952400236
1575,6617,50,-51.22151565551758,0,0.09948882534043914,0.08505949412990407
1576,6618,50,-7.359435677528381,1,0.020241214514341185,0.01790710808635038
1577,6619,50,-3.0,1,0.01804805756080163,0.0180366109429792
1578,6620,50,-13.26509416103363,1,0.009983787245651143,0.009983787245651143
1579,6621,50,-13.2585209608078,1,0.0182844251827937,0.013582626284898373
1580,6622,50,-4.1998220682144165,1,0.010263097034828902,0.010263097034828902
1581,6623,50,-9.132001161575317,1,0.017666539920057282,0.017612140825407
1582,6624,50,-12.65533173084259,1,0.014212625106553628,0.014212625106553628
1583,6625,50,-10.449652314186096,1,0.006965223287298834,0.006965223287298834
1584,6626,50,-9.914832472801208,1,0.010828230909400842,0.010828230909400842
1585,6627,50,-11.218833923339844,1,0.012898826832226259,0.010745977843577626
1586,6628,50,-3.0,1,0.017334492596416735,0.017201425778206332
1587,6629,50,-4.143757104873657,1,0.018366489484045945,0.017801808409162692
1588,6630,50,-3.0,1,0.01123010575652231,0.01123010575652231
1589,6631,50,-8.26732873916626,1,0.013474468555632859,0.013397531444221815
1590,6632,50,-12.883547902107239,1,0.006658640703491898,0.006658640703491898
1591,6633,50,-5.157514572143555,1,0.029668199443906397,0.029668199443906397
1592,6634,50,-3.0,1,0.02422586080270855,0.02422586080270855
1593,6635,50,-6.774903655052185,1,0.020720173664187862,0.020352144296570635
1594,6636,50,-5.416074752807617,1,0.008426756982590228,0.008331832179510367
1595,6637,50,-4.0,1,0.01263404672852011,0.011787520169695614
1596,6638,50,-12.038114428520203,1,0.029108211874501567,0.029108211874501567
1597,6639,50,-4.0,1,0.020581134766315817,0.02052504581838294
1598,6640,50,-9.711243152618408,1,0.004506884276573651,0.004128990835290901
1599,6641,50,0.0,1,0.01489132338959657,0.01489132338959657
1600,6642,50,-3.0,1,0.00857222008151555,0.008178878419401852
1601,6643,50,-13.35643482208252,1,0.02100694145015612,0.02100694145015612
1602,6644,50,-3.0,1,0.014830853095592702,0.014830853095592702
1603,6645,50,-8.028210639953613,1,0.006095986657254631,0.006095986657254631
1604,6646,50,-7.0182952880859375,1,0.010123575675910502,0.010123575675910502
1605,6647,50,0.0,1,0.014014734680490856,0.013142723247490674
1606,6648,50,-4.0,1,0.005230636686653412,0.004796378791236082
1607,6649,50,-4.0,1,0.013630960553975975,0.013630960553975975
1608,6650,50,-4.0,1,0.033397228093411425,0.03100179125330595
1609,6651,50,-5.183539271354675,1,0.007047520848319139,0.007047520848319139
1610,6652,50,-4.57222318649292,1,0.013154701237989829,0.013032545855896843
1611,6653,50,-52.35003459453583,0,0.11052354337616471,0.05954409212789911
1612,6654,50,-9.042518734931946,1,0.024720106178007933,0.024662481607031397
1613,6655,50,-7.1440147161483765,1,0.015399613413169571,0.013406998134701024
1614,6656,50,-6.898250579833984,1,0.014242480220823717,0.0141351928261648
1615,6657,50,-3.0,1,0.022587127310598226,0.020576549077612024
1616,6658,50,-12.200078010559082,1,0.03361572866827989,0.03361572866827989
1617,6659,50,-4.0,1,0.01926044103264895,0.01926044103264895
1618,6660,50,-8.152097582817078,1,0.0059696729321953084,0.0059696729321953084
1619,6661,50,-4.0392067432403564,1,0.011066781820507741,0.01068701588311821
1620,6662,50,-6.900039196014404,1,0.01500677332918916,0.01500677332918916
1621,6663,50,-9.343466520309448,1,0.011982511029560886,0.010705962889727739
1622,6664,50,-3.0,1,0.019199426316584122,0.016608436103101244
1623,6665,50,-5.845787048339844,1,0.035251279752413156,0.02395823746880906
1624,6666,50,-6.62666130065918,1,0.0072590585356262565,0.0072590585356262565
1625,6667,50,-3.0,1,0.0165740519475315,0.015824746068677124
1626,6668,50,-9.484895586967468,1,0.01679401081941545,0.01679401081941545
1627,6669,50,-5.395801901817322,1,0.0016251815010951886,0.0015438072250896144
1628,6670,50,-4.198630452156067,1,0.031983324421640355,0.031619753231640554
1629,6671,50,-4.535800933837891,1,0.02468691508255688,0.02468691508255688
1630,6672,50,-4.0,1,0.0009674431930002146,0.0009674431930002146
1631,6673,50,-5.025149822235107,1,0.034287437944365305,0.034287437944365305
1632,6674,50,-4.741080403327942,1,0.020939905036049103,0.020939905036049103
1633,6675,50,-4.052687883377075,1,0.01231134661954494,0.011904599432372045
1634,6676,50,-3.0,1,0.020255547119594295,0.019677023893910083
1635,6677,50,-9.878608345985413,1,0.015077012638921345,0.014906609130690735
1636,6678,50,-52.01065385341644,0,0.05506866230858991,0.054674153006174266
1637,6679,50,-8.628389239311218,1,0.030143618237149897,0.030104536942335725
1638,6680,50,-7.188021302223206,1,0.017039879375585862,0.016624507655137996
1639,6681,50,-4.379067659378052,1,0.010045297556479834,0.010045297556479834
1640,6682,50,-4.259162187576294,1,0.016313671268875552,0.01530337741917391
1641,6683,50,-12.22561240196228,1,0.022143904519121904,0.021833620489184663
1642,6684,50,-4.0,1,0.025178691280541655,0.025039412240799246
1643,6685,50,-4.0,1,0.015243940072813909,0.015243940072813909
1644,6686,50,-6.79465639591217,1,0.019125624676561412,0.019098466496686176
1645,6687,50,-4.288262367248535,1,0.00333113826897212,0.00333113826897212
1646,6688,50,-49.04995608329773,1,0.17078735728222694,0.0245500082222014
1647,6689,50,-11.044920444488525,1,0.01364823548229855,0.01317794010447523
1648,6690,50,-45.16276681423187,1,0.17620042167453256,0.02826586022227837
1649,6691,50,-4.0,1,0.027881278607639528,0.027881278607639528
1650,6692,50,-4.0,1,0.005086429950014944,0.005086429950014944
1651,6693,50,-4.179149746894836,1,0.006798980731609784,0.005240033328400521
1652,6694,50,0.0,1,0.009583198566498596,0.009583198566498596
1653,6695,50,-27.985635995864868,1,0.01625053575181528,0.01625053575181528
1654,6696,50,-5.195600271224976,1,0.01502557937886411,0.01502557937886411
1655,6697,50,-7.896617293357849,1,0.017207622364827424,0.017207622364827424
1656,6698,50,-5.75892174243927,1,0.01938914554993755,0.01938914554993755
1657,6699,50,-4.723684191703796,1,0.021895461480060437,0.021895461480060437
1658,6700,50,-4.0,1,0.01183253611914844,0.01183253611914844
1659,6701,50,-9.363682627677917,1,0.02654198632251129,0.02654198632251129
1660,6702,50,-4.0,1,0.011719863084328049,0.011719863084328049
1661,6703,50,-6.0,1,0.018591015829029715,0.015028581619140105
1662,6704,50,0.0,1,0.012555032972105024,0.012555032972105024
1663,6705,50,-5.4214653968811035,1,0.027553846077642222,0.02713478201656298
1664,6706,50,-6.755011677742004,1,0.014282082966485197,0.014282082966485197
1665,6707,50,-47.372588992118835,1,0.10364319411883005,0.023140578984373616
1666,6708,50,-4.288269996643066,1,0.037707362899853526,0.037707362899853526
1667,6709,50,-3.0,1,0.02105592663011976,0.016774474221774874
1668,6710,50,-4.0,1,0.016691625543716004,0.010898939718644996
1669,6711,50,-10.691369891166687,1,0.025083299166703234,0.024867308571942384
1670,6712,50,-19.141579151153564,1,0.012217935539354971,0.012217935539354971
1671,6713,50,-5.0,1,0.013887217087010264,0.013887217087010264
1672,6714,50,-7.180563807487488,1,0.01591202902676502,0.01591202902676502
1673,6715,50,-6.0246113538742065,1,0.018521003835120405,0.018521003835120405
1674,6716,50,-4.0,1,0.01466816986425518,0.01466816986425518
1675,6717,50,-7.674949288368225,1,0.017551184693634904,0.017392684468742405
1676,6718,50,-3.0,1,0.02237711143316406,0.02237711143316406
1677,6719,50,-8.498168468475342,1,0.014376981351431492,0.014376981351431492
1678,6720,50,-3.0,1,0.012344454387943269,0.012262431048361042
1679,6721,50,-7.473863840103149,1,0.015140437036061617,0.015140437036061617
1680,6722,50,-5.0,1,0.014477748641256286,0.011028532031730227
1681,6723,50,-4.0,1,0.00974518852585317,0.00974518852585317
1682,6724,50,-4.7863746881484985,1,0.026725736857081333,0.026465785709948092
1683,6725,50,-12.104129314422607,1,0.017072601584748305,0.017072601584748305
1684,6726,50,-4.106692552566528,1,0.026288921186171325,0.025852726213703117
1685,6727,50,-6.816207408905029,1,0.017862278599598276,0.01718495602338814
1686,6728,50,0.0,1,0.005309754642328133,0.0051956757814272565
1687,6729,50,-5.0,1,0.006987739650504872,0.006987739650504872
1688,6730,50,-11.433105945587158,1,0.030541455516324426,0.030541455516324426
1689,6731,50,-12.978427290916443,1,0.00947307059890637,0.009363758477337085
1690,6732,50,-6.857210993766785,1,0.012883034506688639,0.012857341173854845
1691,6733,50,-7.158511519432068,1,0.006736504185576595,0.006736504185576595
1692,6734,50,-4.8510050773620605,1,0.0165117180133086,0.0165117180133086
1693,6735,50,-4.0,1,0.028839997694833645,0.028839997694833645
1694,6736,50,-6.495023965835571,1,0.008047980083440244,0.006260034148565765
1695,6737,50,-3.0,1,0.0344947348068492,0.0344947348068492
1696,6738,50,0.0,1,0.008529825939823177,0.00834442232426
1697,6739,50,-4.400127291679382,1,0.02762227365499042,0.02705837994446337
1698,6740,50,-7.702422857284546,1,0.0037490273750938603,0.0035524510535701907
1699,6741,50,-51.874351143836975,1,0.290137888598213,0.030955357397498447
1700,6742,50,-4.0,1,0.016956629895296952,0.016956629895296952
1701,6743,50,-8.181533455848694,1,0.007463416499538091,0.007049565677117755
1702,6744,50,-4.6995768547058105,1,0.02904758969085234,0.02897259573472362
1703,6745,50,-5.348554491996765,1,0.022174027009343112,0.022026216018667454
1704,6746,50,-5.0,1,0.013276771042057102,0.013276771042057102
1705,6747,50,-8.503530979156494,1,0.009506382983075986,0.009506382983075986
1706,6748,50,0.0,1,0.013422966429892122,0.011343410807889281
1707,6749,50,-5.266584634780884,1,0.04619230996543036,0.0459512945874316
1708,6750,50,-5.0,1,0.004616626719726896,0.004616626719726896
1709,6751,50,-5.0,1,0.013241888512589848,0.013241843607459357
1710,6752,50,-12.406475186347961,1,0.02726642163952432,0.02726642163952432
1711,6753,50,-5.0,1,0.0097456111893503,0.0097456111893503
1712,6754,50,-4.648139238357544,1,0.037004183990065706,0.037004183990065706
1713,6755,50,-4.294924378395081,1,0.030031535618956797,0.030031535618956797
1714,6756,50,-4.777904152870178,1,0.008206806669599087,0.008206806669599087
1715,6757,50,-4.0,1,0.01343047946162218,0.013374129536396289
1716,6758,50,-60.08830988407135,1,0.2617417856236658,0.036366782506287
1717,6759,50,-3.0,1,0.032420658855057446,0.03229902217416545
1718,6760,50,-6.574288606643677,1,0.0075387749938111885,0.005475835587072558
1719,6761,50,0.0,1,0.00829019666266789,0.00829019666266789
1720,6762,50,-4.0,1,0.010298126670229706,0.010298126670229706
1721,6763,50,0.0,1,0.012004786614648367,0.00975001000436144
1722,6764,50,-4.0,1,0.012084250260226522,0.011766046401078487
1723,6765,50,-10.803049206733704,1,0.013685699480615852,0.013316275674912566
1724,6766,50,-3.0,1,0.015544071137259592,0.015436436691991058
1725,6767,50,0.0,1,0.029173486160754495,0.02903478142528428
1726,6768,50,-18.065844297409058,1,0.023454401202745587,0.023454401202745587
1727,6769,50,-17.147873401641846,1,0.012229652313574937,0.011832175024056516
1728,6770,50,-12.29513692855835,1,0.012491944991061802,0.012382044607015301
1729,6771,50,0.0,1,0.002375741289235992,0.002375741289235992
1730,6772,50,-4.114927291870117,1,0.009439909626647395,0.009335888177012133
1731,6773,50,-8.464938402175903,1,0.013469061390338799,0.013469061390338799
1732,6774,50,-3.0,1,0.017414001151983303,0.017414001151983303
1733,6775,50,-4.4439777135849,1,0.009438609810010856,0.009438609810010856
1734,6776,50,-6.8514649868011475,1,0.017809376298389478,0.016283368473285924
1735,6777,50,-6.488051176071167,1,0.016842672438897026,0.01002784225730513
1736,6778,50,-8.743873119354248,1,0.02007953784177244,0.019968364632188807
1737,6779,50,-4.490171432495117,1,0.0486468498917518,0.006920478975023
1738,6780,50,-14.460556030273438,1,0.007550288291198733,0.007550288291198733
1739,6781,50,-3.0,1,0.022596880405625522,0.022434893747260334
1740,6782,50,-4.2831820249557495,1,0.013973108422758142,0.012315927101768964
1741,6783,50,-12.472065210342407,1,0.014361447596726864,0.014007852333078854
1742,6784,50,-10.212969422340393,1,0.0034783992015395737,0.0034783992015395737
1743,6785,50,-9.951780319213867,1,0.014431813517124234,0.014413574835545739
1744,6786,50,-17.81542193889618,1,0.02773036547242506,0.02758893557373278
1745,6787,50,-20.224072813987732,1,0.016789274977641065,0.016789274977641065
1746,6788,50,-4.410136580467224,1,0.009284272310177949,0.009284272310177949
1747,6789,50,-8.07057535648346,1,0.012592520230747795,0.012493291106724654
1748,6790,50,-7.893304109573364,1,0.03171635128715866,0.03163605555967617
1749,6791,50,-5.095814943313599,1,0.017627444696231127,0.017083795250406077
1750,6792,50,0.0,1,0.005475986589152595,0.005305179473961221
1751,6793,50,-52.20344662666321,0,0.11129302203663462,0.11129302203663462
1752,6794,50,-6.938571333885193,1,0.013333087096199596,0.013333087096199596
1753,6795,50,-4.013811230659485,1,0.01993502165459274,0.018249142675549522
1754,6796,50,-8.268351674079895,1,0.020257453759610803,0.020257453759610803
1755,6797,50,-4.0,1,0.013419562599892874,0.013419562599892874
1756,6798,50,0.0,1,0.022039366437986478,0.022039366437986478
1757,6799,50,-11.0,1,0.012011894240587476,0.012011894240587476
1758,6800,50,-4.304707646369934,1,0.03930865084814982,0.03879907113567158
1759,6801,50,0.0,1,0.014991398617544536,0.014883126421614996
1760,6802,50,-3.0,1,0.0186691276653629,0.0186691276653629
1761,6803,50,-4.0,1,0.01572303937753471,0.01572303937753471
1762,6804,50,-7.049234509468079,1,0.022251409348142674,0.022251409348142674
1763,6805,50,-4.8431556224823,1,0.009327080677258707,0.009327080677258707
1764,6806,50,-20.384082794189453,1,0.028073948942858577,0.028073948942858577
1765,6807,50,-9.524199724197388,1,0.014892842551881951,0.013553604724519714
1766,6808,50,-50.69172668457031,0,0.05162429203396912,0.05162429203396912
1767,6809,50,-3.0,1,0.015166268643493293,0.014112340806631169
1768,6810,50,-4.0,1,0.019106526649770018,0.01323812195242533
1769,6811,50,-4.242617964744568,1,0.01294085959162258,0.01294085959162258
1770,6812,50,-4.0,1,0.022044963703848727,0.02177434186118632
1771,6813,50,0.0,1,0.016972386772366243,0.016972386772366243
1772,6814,50,-39.0,1,0.06919079672990318,0.014076849549467514
1773,6815,50,-9.038540720939636,1,0.024952817194108523,0.02480527715826391
1774,6816,50,-5.301124930381775,1,0.02732340285362474,0.02732340285362474
1775,6817,50,-4.2618104219436646,1,0.002287432559828283,0.002287432559828283
1776,6818,50,-4.046895384788513,1,0.012338355297856677,0.012338355297856677
1777,6819,50,-13.0,1,0.03178177197052299,0.03149911867349397
1778,6820,50,-4.0,1,0.01217611764136781,0.01217611764136781
1779,6821,50,-9.16014051437378,1,0.011639478664465075,0.01159304866725628
1780,6822,50,-17.81511664390564,1,0.035704778277502215,0.03566590323525317
1781,6823,50,-6.816642999649048,1,0.012244687616208415,0.012055539688941413
1782,6824,50,-6.964478611946106,1,0.011327578762216366,0.011327578762216366
1783,6825,50,-9.876495838165283,1,0.034905718611374585,0.034905718611374585
1784,6826,50,-4.052274823188782,1,0.020089058808611726,0.020089058808611726
1785,6827,50,-4.0,1,0.01424668963022356,0.01424668963022356
1786,6828,50,-4.0,1,0.012482752474238681,0.012024633812265971
1787,6829,50,0.0,1,0.016646460427000458,0.01657104100020286
1788,6830,50,-5.4123910665512085,1,0.015165488338839374,0.015165488338839374
1789,6831,50,-4.039153456687927,1,0.010623908570383343,0.010623908570383343
1790,6832,50,-4.0,1,0.008751652676569344,0.008750986400381642
1791,6833,50,-5.346965909004211,1,0.013744847322214366,0.013744847322214366
1792,6834,50,-4.0,1,0.028150242136032223,0.028150242136032223
1793,6835,50,-7.423208951950073,1,0.01505123357676865,0.01505123357676865
1794,6836,50,0.0,1,0.010452609203423788,0.010452609203423788
1795,6837,50,-4.127668499946594,1,0.012361764641113696,0.009636955245399086
1796,6838,50,-5.377303719520569,1,0.011744236758663965,0.011744236758663965
1797,6839,50,-5.19762110710144,1,0.005258865289943774,0.005258865289943774
1798,6840,50,-4.342174410820007,1,0.01889275791776022,0.01867684154410559
1799,6841,50,-4.568397045135498,1,0.031071708562449434,0.031071708562449434
1800,6842,50,-6.734239816665649,1,0.012508417324426218,0.012508417324426218
1801,6843,50,-4.0,1,0.009369026573766972,0.00846722358921987
1802,6844,50,-11.862339496612549,1,0.003924486612910417,0.003924486612910417
1803,6845,50,-4.0,1,0.031033075513129237,0.03057869362678094
1804,6846,50,-4.0,1,0.025702568805261505,0.025702568805261505
1805,6847,50,-4.0,1,0.026684281553904957,0.026684281553904957
1806,6848,50,-4.0,1,0.013979598738990214,0.013979598738990214
1807,6849,50,0.0,1,0.006956428501293596,0.006956428501293589
1808,6850,50,-4.0,1,0.020002859422842856,0.020002859422842856
1809,6851,50,-63.88472843170166,0,0.3913534210646901,0.06850921714507575
1810,6852,50,0.0,1,0.01109052369085784,0.011042451725869437
1811,6853,50,-15.0,1,0.00471918368566414,0.00471918368566414
1812,6854,50,-7.870203256607056,1,0.008192145451932541,0.008192145451932541
1813,6855,50,-11.504799008369446,1,0.01092503037984358,0.010765215260138393
1814,6856,50,-8.650355219841003,1,0.041431798237455186,0.041431798237455186
1815,6857,50,-4.510906100273132,1,0.022126512111755158,0.021930454046002266
1816,6858,50,-4.0,1,0.014013901483989009,0.014013901483989009
1817,6859,50,-4.08971381187439,1,0.012403818095039687,0.012403818095039687
1818,6860,50,-3.0,1,0.02052416745588731,0.019659074571493802
1819,6861,50,-6.9477304220199585,1,0.006618713642882239,0.005155705069909972
1820,6862,50,-4.018692851066589,1,0.015600387171459397,0.015165577483259664
1821,6863,50,-4.571496844291687,1,0.005181329322052044,0.005181329322052044
1822,6864,50,-10.701853036880493,1,0.010428462484444113,0.010209064940337563
1823,6865,50,-6.830763220787048,1,0.021037400345196324,0.021037400345196324
1824,6866,50,-5.307779550552368,1,0.016043453576961665,0.016033392704647355
1825,6867,50,-4.0,1,0.03766184741363713,0.03741712496103387
1826,6868,50,-3.0,1,0.010426485730671215,0.010249515793564522
1827,6869,50,-4.189890742301941,1,0.013906133373771942,0.013906133373771942
1828,6870,50,-12.817140102386475,1,0.016513282204082907,0.016513282204082907
1829,6871,50,-6.784938454627991,1,0.02310172534005581,0.022609777311262774
1830,6872,50,-6.7123942375183105,1,0.004877706840970051,0.004660011151845066
1831,6873,50,-4.0,1,0.017004677026506577,0.013690813240015377
1832,6874,50,-11.204209566116333,1,0.010378322885393492,0.010337247754787468
1833,6875,50,-6.9427841901779175,1,0.01047256044821332,0.010457992924216014
1834,6876,50,-6.775863170623779,1,0.013074950807298587,0.01096954063511923
1835,6877,50,-4.513353586196899,1,0.012394107490379148,0.011981678210394336
1836,6878,50,-12.591203451156616,1,0.006805581430970847,0.006805581430970847
1837,6879,50,-3.0,1,0.022667334419284018,0.022667334419284018
1838,6880,50,-7.075606346130371,1,0.016567177862665372,0.016222639766962244
1839,6881,50,-9.557431936264038,1,0.010372322044135953,0.010372322044135953
1840,6882,50,-7.06064510345459,1,0.003233287825487239,0.003233287825487239
1841,6883,50,-9.446266293525696,1,0.00794789612743187,0.005404928159966482
1842,6884,50,-11.190771341323853,1,0.01206268568814087,0.01206268568814087
1843,6885,50,-4.0,1,0.018265133084504823,0.018265133084504823
1844,6886,50,-4.058553338050842,1,0.019041841188740426,0.019041841188740426
1845,6887,50,-9.683205723762512,1,0.01634770168280028,0.016209626278802187
1846,6888,50,-3.0,1,0.012906343784400625,0.01241407595299278
1847,6889,50,-4.0,1,0.009012407684113382,0.00884997452332978
1848,6890,50,-59.70254456996918,0,0.1785950483453801,0.17280188157002221
1849,6891,50,-44.17560923099518,1,0.11117340443276995,0.015316338868202552
1850,6892,50,-4.0,1,0.017827265713869757,0.017827265713869757
1851,6893,50,0.0,1,0.015706173618036,0.010840344178475389
1852,6894,50,0.0,1,0.015044423934922977,0.014793060694976773
1853,6895,50,-8.375461459159851,1,0.0019506655239208983,0.001527323434289073
1854,6896,50,-5.30728006362915,1,0.018360374348752782,0.016322461066906713
1855,6897,50,0.0,1,0.017943060349075387,0.016961075893949906
1856,6898,50,-7.835055112838745,1,0.018329141948720158,0.018329141948720158
1857,6899,50,0.0,1,0.018581095025856736,0.013167205790272283
1858,6900,50,-52.13955008983612,0,0.07240945353745076,0.06837045133489798
1859,6901,50,-5.0,1,0.013240712012192415,0.013240712012192415
1860,6902,50,-4.0,1,0.01396301818033159,0.01396301818033159
1861,6903,50,-4.812763452529907,1,0.02558560281611988,0.02558560281611988
1862,6904,50,-9.156798124313354,1,0.033204678818308145,0.033204678818308145
1863,6905,50,-4.701366901397705,1,0.009899458100393724,0.009602403778071894
1864,6906,50,0.0,1,0.018359370748243314,0.018359370748243314
1865,6907,50,-6.994405627250671,1,0.023589811197141958,0.023080637056054933
1866,6908,50,-4.194324612617493,1,0.010870271206311167,0.010870271206311167
1867,6909,50,0.0,1,0.008437614405143876,0.008437614405143876
1868,6910,50,-9.939042925834656,1,0.014220344206529605,0.013831448474557207
1869,6911,50,-5.381009101867676,1,0.01871821447791759,0.018356809355936494
1870,6912,50,-4.0,1,0.009305523896160158,0.009133711781744769
1871,6913,50,-7.246267795562744,1,0.01034270658049789,0.010265729196779875
1872,6914,50,-4.0,1,0.0034750853718934355,0.0029512289143103416
1873,6915,50,-3.0,1,0.011211298093146367,0.011184637928789527
1874,6916,50,-3.0,1,0.02899343871316855,0.02899343871316855
1875,6917,50,-4.044493556022644,1,0.01986365860568506,0.018610403695752623
1876,6918,50,-4.815617799758911,1,0.018598840215597934,0.018410472513430635
1877,6919,50,-3.0,1,0.013429092534431775,0.013429092534431775
1878,6920,50,-4.010814666748047,1,0.023478307725231348,0.02307675716125173
1879,6921,50,-4.2797911167144775,1,0.01640529668422272,0.01043121168109182
1880,6922,50,0.0,1,0.020077644621856548,0.01949973314941231
1881,6923,50,-6.866585612297058,1,0.007359846895902685,0.007359846895902685
1882,6924,50,-4.0,1,0.010967279150983847,0.010967279150983847
1883,6925,50,-8.013329863548279,1,0.015395042778226972,0.015392445998087326
1884,6926,50,-8.410070300102234,1,0.012004494823078487,0.011826608121894629
1885,6927,50,-11.068939447402954,1,0.006000343853968692,0.0056883358742009435
1886,6928,50,-5.62088942527771,1,0.009554895875890096,0.009261648990668793
1887,6929,50,-4.364885926246643,1,0.01591504914568908,0.01591504914568908
1888,6930,50,-5.0,1,0.0018539969299329025,0.0018539969299329025
1889,6931,50,-3.0,1,0.019230789437599635,0.019124446336257792
1890,6932,50,-8.009318828582764,1,0.016657306864280855,0.016324288947437923
1891,6933,50,0.0,1,0.019826366476240913,0.01822258737930174
1892,6934,50,-4.395430564880371,1,0.02843406912302775,0.02843406912302775
1893,6935,50,-9.475099325180054,1,0.017469326107820163,0.017469326107820163
1894,6936,50,-3.0,1,0.01937755591575191,0.01756745850855683
1895,6937,50,-9.460673689842224,1,0.012558741108756747,0.012558741108756747
1896,6938,50,0.0,1,0.007936366886695502,0.007936366886695502
1897,6939,50,-10.718767285346985,1,0.011183381913709071,0.011183381913709071
1898,6940,50,-7.247193813323975,1,0.02909126381266415,0.028972873680632952
1899,6941,50,-6.653388142585754,1,0.016998876982913087,0.015222457758460657
1900,6942,50,-7.065029263496399,1,0.021720017994848153,0.021720017994848153
1901,6943,50,-3.0,1,0.003131188232770301,0.003131188232770301
1902,6944,50,-11.438181400299072,1,0.009153242144011507,0.008959954495728156
1903,6945,50,-11.355676651000977,1,0.016719343332162722,0.016719343332162722
1904,6946,50,0.0,1,0.018440533711121906,0.018440533711121906
1905,6947,50,0.0,1,0.005505105432641191,0.005505105432637226
1906,6948,50,-3.0,1,0.00703737835152715,0.00703737835152715
1907,6949,50,-9.30425477027893,1,0.01556743289433323,0.01534447533308657
1908,6950,50,-6.7135467529296875,1,0.020106183899214692,0.019981458536822178
1909,6951,50,-8.644800782203674,1,0.028874171511009458,0.028874171511009458
1910,6952,50,-6.7641366720199585,1,0.037470115642965936,0.037470115642965936
1911,6953,50,-9.30852723121643,1,0.023315066426256473,0.02216863079400382
1912,6954,50,-13.021878957748413,1,0.011735458216695836,0.011735458216695836
1913,6955,50,-3.0,1,0.02556782454754889,0.02556782454754889
1914,6956,50,-51.03002154827118,0,0.0517721913735999,0.0517721913735999
1915,6957,50,0.0,1,0.0211339754026559,0.021133975402655897
1916,6958,50,-4.0,1,0.014807465389780802,0.014807465389780802
1917,6959,50,-3.0,1,0.023894477242746844,0.023894477242746844
1918,6960,50,-50.856425762176514,0,0.11532857104347446,0.0901410842766467
1919,6961,50,-4.0,1,0.013579332966338944,0.013128631918435203
1920,6962,50,-4.391038179397583,1,0.007944106109786015,0.007944106109786015
1921,6963,50,0.0,1,0.021613847496488963,0.018674445423727426
1922,6964,50,-3.0,1,0.01929458244202313,0.01929458244202313
1923,6965,50,-9.129316091537476,1,0.019263615686814395,0.018929905257192632
1924,6966,50,-10.549469828605652,1,0.01107808521174726,0.007734211509703736
1925,6967,50,-4.0,1,0.03789306422655801,0.03789306422655801
1926,6968,50,-4.133866548538208,1,0.014966286429465292,0.014966286429465292
1927,6969,50,-3.0,1,0.0014743833634122763,0.0013196015871711098
1928,6970,50,-4.346429824829102,1,0.013881137462390239,0.013746016187608094
1929,6971,50,-7.0,1,0.020190930249474603,0.01979641717883448
1930,6972,50,-10.864858508110046,1,0.013145361310920638,0.013090322625759957
1931,6973,50,-4.0,1,0.008264733377500916,0.008264733377500916
1932,6974,50,-4.0,1,0.027369246264171292,0.026977649977809652
1933,6975,50,-5.0,1,0.010217626304312364,0.010028713608787493
1934,6976,50,-3.0,1,0.019223711716481982,0.013941827392989894
1935,6977,50,-9.267677307128906,1,0.01829318139527113,0.018128890768657435
1936,6978,50,-5.150364279747009,1,0.022002030968367507,0.022002030968367507
1937,6979,50,-3.0,1,0.030619232910913372,0.030619232910913372
1938,6980,50,-4.236860156059265,1,0.013568363813672126,0.013568363813672126
1939,6981,50,-4.053947806358337,1,0.00399416431229917,0.003247872006838026
1940,6982,50,-3.0,1,0.01913831383427671,0.018334013392466295
1941,6983,50,-4.340408444404602,1,0.010167469386184968,0.009991452838080608
1942,6984,50,-4.89315402507782,1,0.012390726206804217,0.012390726206804217
1943,6985,50,-3.0,1,0.016274950043600418,0.016274950043600418
1944,6986,50,-4.067246198654175,1,0.019598238007027185,0.019285270983549218
1945,6987,50,-41.442087054252625,1,0.08046054453505742,0.030891354379119804
1946,6988,50,-5.379354953765869,1,0.004208337999722866,0.004208337999722866
1947,6989,50,-4.34968888759613,1,0.009525072405202327,0.008982847396694449
1948,6990,50,-4.482591509819031,1,0.010176999770830482,0.009968509521786888
1949,6991,50,-5.642308235168457,1,0.014388518356785856,0.013847479512873052
1950,6992,50,-4.839756488800049,1,0.027756251669743184,0.027756251669743184
1951,6993,50,-7.689815282821655,1,0.005041713791276751,0.005041713791276751
1952,6994,50,-4.0,1,0.02019261881634335,0.02019261881634335
1953,6995,50,-3.0,1,0.013406417660183427,0.013406417660183427
1954,6996,50,-4.427135348320007,1,0.014706226215696283,0.014706226215696283
1955,6997,50,-11.130182981491089,1,0.026601974156839733,0.026488004078707734
1956,6998,50,-51.51316201686859,0,0.06654679937925455,0.06654679937925455
1957,6999,50,-4.0,1,0.009251419608230296,0.009046998007722382
1958,7000,50,-4.0,1,0.003605478948468445,0.003605478948468445
1959,7001,50,-4.577717065811157,1,0.010310151148505121,0.010185571888289311
1960,7002,50,-6.8429646492004395,1,0.015648450285345585,0.015604519661304229
1961,7003,50,-10.393959760665894,1,0.04503921900123532,0.04482248278162702
1962,7004,50,-4.305982828140259,1,0.017239564181657122,0.017239564181657122
1963,7005,50,-9.045796632766724,1,0.018637795116335728,0.018185626981909085
1964,7006,50,-9.04028868675232,1,0.0012126429604974362,0.0012126429604974362
1965,7007,50,-13.656635403633118,1,0.013301494575584643,0.013301494575584643
1966,7008,50,-4.39397919178009,1,0.018457443653428395,0.01810670821431884
1967,7009,50,0.0,1,0.012707224025854011,0.012511390236520701
1968,7010,50,-7.935170888900757,1,0.008812860037534138,0.008812860037534138
1969,7011,50,-6.882463097572327,1,0.024909301852640533,0.024909301852640533
1970,7012,50,-7.5890421867370605,1,0.01368089098268555,0.009193050129177347
1971,7013,50,-8.88577115535736,1,0.020379259924905472,0.020379259924905472
1972,7014,50,-4.511579632759094,1,0.012564009504994915,0.012564009504994915
1973,7015,50,-3.0,1,0.021320452126017592,0.021320452126017592
1974,7016,50,-4.089612603187561,1,0.024715269186698516,0.020372292235036196
1975,7017,50,-4.986877083778381,1,0.005043239852079141,0.005043239852079141
1976,7018,50,-4.0,1,0.013879883596163121,0.013879883596163121
1977,7019,50,-9.720133900642395,1,0.005603159649778479,0.005603159649778479
1978,7020,50,-6.97042191028595,1,0.02366027761356691,0.021640208486482997
1979,7021,50,-4.848472595214844,1,0.02545692868319004,0.02545692868319004
1980,7022,50,-13.527865886688232,1,0.021223542339052215,0.02105052726677912
1981,7023,50,-4.0,1,0.012711082506706608,0.00444003321418652
1982,7024,50,-3.0,1,0.02506510926145141,0.023862611058547343
1983,7025,50,0.0,1,0.010053811976184818,0.010053811976184813
1984,7026,50,-10.941401958465576,1,0.015072032689570017,0.015072032689570017
1985,7027,50,-4.0,1,0.0036281064526392276,0.0036281064526392276
1986,7028,50,-4.103520393371582,1,0.013286156979961434,0.013111864568566868
1987,7029,50,-3.0,1,0.024840771673145936,0.024608820379361736
1988,7030,50,-4.0,1,0.02097848690313574,0.02086810071506108
1989,7031,50,-4.0,1,0.03788370238833215,0.03788370238833215
1990,7032,50,-4.0,1,0.014540565632185436,0.009429536103930103
1991,7033,50,-4.0,1,0.008803054330859648,0.008271909146306735
1992,7034,50,-4.512481212615967,1,0.0045980998432369816,0.004227276964557471
1993,7035,50,-6.776838302612305,1,0.007824003365838706,0.007532354235073248
1994,7036,50,-4.488631248474121,1,0.012739477718524557,0.012739477718524557
1995,7037,50,-7.457464575767517,1,0.02005335946123205,0.019663643937785025
1996,7038,50,-4.325528144836426,1,0.01419169937119896,0.01419169937119896
1997,7039,50,0.0,1,0.01681735392979048,0.01681735392979048
1998,7040,50,-3.0,1,0.022395961570869382,0.022395961570869382
1999,7041,50,-4.0,1,0.011721176647361472,0.011721176647361472
