episode,seed,steps,return,success,final_distance,min_distance
0,5042,50,-4.0,1,0.015139819154536284,0.015139819154536284
1,5043,50,-4.0,1,0.02518780045257263,0.02518780045257263
2,5044,50,-3.0,1,0.01538368635634764,0.01538368635634764
3,5045,50,-4.0,1,0.02052109528266834,0.02052109528266834
4,5046,50,0.0,1,0.011343117214768973,0.01134311721476186
5,5047,50,-15.0,1,0.016158100993908603,0.0159135388032758
6,5048,50,-12.0,1,0.010828690384775304,0.010828690384775304
7,5049,50,-9.0,1,0.02274077924846695,0.02274077924846695
8,5050,50,-4.0,1,0.023966596828701812,0.022365328874907473
9,5051,50,-3.0,1,0.04600827546408345,0.04592936420201977
10,5052,50,-4.0,1,0.011267803583509295,0.010970594171057398
11,5053,50,0.0,1,0.024487710881361743,0.024271137606726115
12,5054,50,-3.0,1,0.008922350161239958,0.008922350161239958
13,5055,50,-5.0,1,0.010508669689334726,0.010508669689334726
14,5056,50,-4.0,1,0.0196114679901631,0.01892600013912784
15,5057,50,-6.0,1,0.02256120739971311,0.02256120739971311
16,5058,50,-4.0,1,0.029695455611229465,0.029695455611229465
17,5059,50,-4.0,1,0.022599813559352012,0.022599813559352012
18,5060,50,-6.0,1,0.026377505252815105,0.026377505252815105
19,5061,50,-8.0,1,0.020481981755558876,0.020481981755558876
20,5062,50,-4.0,1,0.027214875670608984,0.026950777004193884
21,5063,50,-11.0,1,0.03307532275089355,0.03307532275089355
22,5064,50,-5.0,1,0.012548819412267901,0.012292025126366839
23,5065,50,-11.0,1,0.021195389705558364,0.020843290791630262
24,5066,50,-4.0,1,0.00611184074895593,0.005578520039748087
25,5067,50,-7.0,1,0.006291898645093556,0.006291898645093556
26,5068,50,-6.0,1,0.02935266338652143,0.02935266338652143
27,5069,50,-4.0,1,0.006704697906985055,0.006704697906985055
28,5070,50,-12.0,1,0.019985032341855873,0.019985032341855873
29,5071,50,0.0,1,0.022716565206383432,0.022716565206383432
30,5072,50,-5.0,1,0.006348910422035354,0.006348910422035354
31,5073,50,-4.0,1,0.024668145846182318,0.024427787813945084
32,5074,50,-6.0,1,0.02638473194032771,0.0214372350762369
33,5075,50,-4.0,1,0.023741827165345217,0.023394878163590364
34,5076,50,-4.0,1,0.03457123944050754,0.02842934565674116
35,5077,50,-4.0,1,0.01953864802630429,0.01953864802630429
36,5078,50,-8.0,1,0.009792443786318501,0.009631128459635326
37,5079,50,-4.0,1,0.023536385536805128,0.023536385536805128
38,5080,50,-6.0,1,0.019347020683526204,0.019347020683526204
39,5081,50,-4.0,1,0.027073978338642807,0.026897006742107418
40,5082,50,-3.0,1,0.005357965214106781,0.004905383956168536
41,5083,50,-3.0,1,0.009989093933045859,0.009989093933045859
42,5084,50,-8.0,1,0.010519315263994388,0.010519315263994388
43,5085,50,-4.0,1,0.018026251416971978,0.01755203637007691
44,5086,50,-4.0,1,0.019524735725632496,0.015388848942819227
45,5087,50,0.0,1,0.01770861442105998,0.01666713149932855
46,5088,50,-6.0,1,0.02417197274282743,0.02417197274282743
47,5089,50,-6.0,1,0.013614876995412074,0.013614876995412074
48,5090,50,0.0,1,0.026874875680478,0.026874875680478
49,5091,50,-9.0,1,0.00824347282188598,0.007753152738026505
50,5092,50,-5.0,1,0.0190526298636682,0.0190526298636682
51,5093,50,-7.0,1,0.026779478575417192,0.026513895986475206
52,5094,50,-4.0,1,0.018844952761161243,0.018844952761161243
53,5095,50,-4.0,1,0.017233096896052475,0.017233096896052475
54,5096,50,-6.0,1,0.005453056788269325,0.0052549208021457966
55,5097,50,-5.0,1,0.015789376526386012,0.015789376526386012
56,5098,50,-5.0,1,0.016097186503221818,0.015695519685506202
57,5099,50,-6.0,1,0.027108651775535907,0.023078850284734123
58,5100,50,-4.0,1,0.00197429174074924,0.001736206599291563
59,5101,50,-4.0,1,0.013345775516272373,0.013345775516272373
60,5102,50,-11.0,1,0.031183628680812047,0.03116574672398478
61,5103,50,-4.0,1,0.014986693075439414,0.014827549897162926
62,5104,50,-8.0,1,0.00963266300118182,0.009622632828471351
63,5105,50,-4.0,1,0.01035449182318048,0.01035449182318048
64,5106,50,-6.0,1,0.034082911393675454,0.034082911393675454
65,5107,50,-4.0,1,0.0042005502652020564,0.0042005502652020564
66,5108,50,-4.0,1,0.00715496246849471,0.00715496246849471
67,5109,50,-4.0,1,0.0256827897660571,0.022116561890381622
68,5110,50,-5.0,1,0.015794707899364872,0.015794707899364872
69,5111,50,-8.0,1,0.008938669991233925,0.008938669991233925
70,5112,50,-7.0,1,0.019820850486556095,0.019503548997003035
71,5113,50,-4.0,1,0.017923107823743078,0.017923107823743078
72,5114,50,-10.0,1,0.015589647602603087,0.015355449060487927
73,5115,50,-3.0,1,0.023357966034733793,0.023357966034733793
74,5116,50,-6.0,1,0.015663347843628876,0.015365535385162684
75,5117,50,-4.0,1,0.029872417755414847,0.02949341906996969
76,5118,50,-4.0,1,0.026910179171028382,0.02151078381858167
77,5119,50,-5.0,1,0.020321156866662242,0.020275877471266957
78,5120,50,-11.0,1,0.020885711259889254,0.020885711259889254
79,5121,50,-3.0,1,0.01638688778474919,0.011397695239801626
80,5122,50,0.0,1,0.0171764484074046,0.017062016852495903
81,5123,50,-4.0,1,0.02240356508481866,0.02240356508481866
82,5124,50,-13.0,1,0.008244701181369697,0.008244701181369697
83,5125,50,-4.0,1,0.029233741519967615,0.029233741519967615
84,5126,50,0.0,1,0.019912609211854632,0.017862749011751056
85,5127,50,-4.0,1,0.008724556855628365,0.008724556855628365
86,5128,50,-7.0,1,0.026551086870441023,0.0227654507886949
87,5129,50,-7.0,1,0.02430941133923525,0.02430941133923525
88,5130,50,-8.0,1,0.0070479606773662384,0.0070479606773662384
89,5131,50,-4.0,1,0.026525818570974663,0.019904606288580227
90,5132,50,-4.0,1,0.002602640548431461,0.0024904236995710967
91,5133,50,-5.0,1,0.012455199224069681,0.012034535286958475
92,5134,50,-6.0,1,0.0227901966708886,0.017544329820615646
93,5135,50,-4.0,1,0.011185510761756284,0.011185510761756284
94,5136,50,-6.0,1,0.019886667270519704,0.019716494151623305
95,5137,50,-4.0,1,0.024680222898321856,0.024680222898321856
96,5138,50,-4.0,1,0.017958757820993255,0.017958757820993255
97,5139,50,-4.0,1,0.01655901917475851,0.01649325252937556
98,5140,50,-4.0,1,0.021907472291705133,0.021649750040261102
99,5141,50,-4.0,1,0.005753635848473792,0.005572647433663155
100,5142,50,-6.0,1,0.02052109960285359,0.018663550207504976
101,5143,50,-6.0,1,0.03428037824464445,0.03428037824464445
102,5144,50,-9.0,1,0.01977482198402875,0.01977482198402875
103,5145,50,-4.0,1,0.008146593479535775,0.008146593479535775
104,5146,50,-7.0,1,0.016676381059026333,0.016676381059026333
105,5147,50,-10.0,1,0.002684953871188876,0.002684953871188876
106,5148,50,-4.0,1,0.03497410532966926,0.03497410532966926
107,5149,50,-4.0,1,0.011210439419124002,0.011210439419124002
108,5150,50,-7.0,1,0.01822393352065682,0.01812481821276188
109,5151,50,-4.0,1,0.03225714722573018,0.03225714722573018
110,5152,50,-6.0,1,0.0025248568800728404,0.0025248568800728404
111,5153,50,-6.0,1,0.024966116660368597,0.024966116660368597
112,5154,50,0.0,1,0.021251025231735565,0.02082158289244449
113,5155,50,-7.0,1,0.00822301513092173,0.00822301513092173
114,5156,50,-7.0,1,0.027308484421408943,0.027308484421408943
115,5157,50,-8.0,1,0.022400652322937576,0.017857213637047686
116,5158,50,-7.0,1,0.015183120683052331,0.013901397978505202
117,5159,50,-7.0,1,0.021661658512979267,0.021661658512979267
118,5160,50,-5.0,1,0.025417593862573508,0.02503528532359755
119,5161,50,-4.0,1,0.014500427581738244,0.010210142295615742
120,5162,50,-7.0,1,0.01716677862776784,0.01716677862776784
121,5163,50,-4.0,1,0.012267007340154894,0.012267007340154894
122,5164,50,-5.0,1,0.004351474803677732,0.003967469389058318
123,5165,50,-4.0,1,0.024720690566542546,0.024600236398941232
124,5166,50,-8.0,1,0.020087980321129517,0.020087980321129517
125,5167,50,-4.0,1,0.019550888116751867,0.019534752118326667
126,5168,50,-7.0,1,0.027638404985882353,0.02731842754681479
127,5169,50,-3.0,1,0.027749753933171556,0.025931015857353783
128,5170,50,-3.0,1,0.005423357487272186,0.005423357487272186
129,5171,50,-4.0,1,0.017532829898074555,0.017532829898074555
130,5172,50,-4.0,1,0.023664038734778573,0.023241233529244936
131,5173,50,-4.0,1,0.011795188599180705,0.011571388281570833
132,5174,50,-4.0,1,0.01715051240746718,0.01715051240746718
133,5175,50,-4.0,1,0.0251545337934603,0.0251545337934603
134,5176,50,-3.0,1,0.026577429004754755,0.026224163863986537
135,5177,50,-8.0,1,0.019305745457948848,0.01880077752277453
136,5178,50,-4.0,1,0.02019688282289927,0.02019688282289927
137,5179,50,-4.0,1,0.011400969538245076,0.011400969538245076
138,5180,50,-8.0,1,0.017580209028234296,0.017376304347955455
139,5181,50,-11.0,1,0.028523031578425298,0.026272306545657712
140,5182,50,-3.0,1,0.010096203330085537,0.010096203330085537
141,5183,50,-4.0,1,0.021138659025642183,0.021138659025642183
142,5184,50,-4.0,1,0.0010172098980967407,0.0010172098980967407
143,5185,50,-3.0,1,0.007523336267229804,0.007190202189198324
144,5186,50,0.0,1,0.01668854520569252,0.016688545205692518
145,5187,50,-5.0,1,0.02890242306107446,0.02890242306107446
146,5188,50,-4.0,1,0.026832896802395454,0.02638269542732467
147,5189,50,-4.0,1,0.00740239451742172,0.007386000118230701
148,5190,50,-5.0,1,0.02491477247403851,0.024711833083905958
149,5191,50,-5.0,1,0.018828587095425203,0.018828587095425203
150,5192,50,-3.0,1,0.018074240686971395,0.018074240686971395
151,5193,50,-9.0,1,0.027898511675337474,0.027890164279961115
152,5194,50,0.0,1,0.02209125584087598,0.02209125584087598
153,5195,50,-4.0,1,0.02075810362153349,0.020399196640626855
154,5196,50,-7.0,1,0.02168598071003599,0.02168598071003599
155,5197,50,-6.0,1,0.02401982008035677,0.02401982008035677
156,5198,50,-8.0,1,0.007859856665925292,0.007584340404268586
157,5199,50,-4.0,1,0.017702398814909242,0.01733243389193047
158,5200,50,-7.0,1,0.01459525505199344,0.01445932266263392
159,5201,50,0.0,1,0.004947873442300591,0.004947873442300075
160,5202,50,-6.0,1,0.005600166134774702,0.005282633753593381
161,5203,50,-7.0,1,0.036531235860258825,0.036333098244218695
162,5204,50,-9.0,1,0.02691469501695413,0.016778599176392996
163,5205,50,-6.0,1,0.02682098062421382,0.02682098062421382
164,5206,50,0.0,1,0.02093002759078247,0.02093002759078235
165,5207,50,-6.0,1,0.005297859089708429,0.005297859089708429
166,5208,50,-8.0,1,0.023661926814719538,0.023661926814719538
167,5209,50,-4.0,1,0.013599577531809195,0.013599577531809195
168,5210,50,-9.0,1,0.010135139882280373,0.010135139882280373
169,5211,50,-4.0,1,0.017379782134302198,0.017379782134302198
170,5212,50,-4.0,1,0.0031035366753031173,0.002942072962798108
171,5213,50,-9.0,1,0.033214169999976305,0.033214169999976305
172,5214,50,-3.0,1,0.0022894773857144073,0.0018838614089036153
173,5215,50,-4.0,1,0.023357891570304122,0.023357891570304122
174,5216,50,-4.0,1,0.019474909356101952,0.019415063559155808
175,5217,50,-4.0,1,0.009233937715907806,0.008692149131374794
176,5218,50,-8.0,1,0.015484979522787734,0.015484979522787734
177,5219,50,-5.0,1,0.022557936906072724,0.022366952711513878
178,5220,50,-6.0,1,0.022739742810333117,0.022739742810333117
179,5221,50,-7.0,1,0.019538144083324105,0.019538144083324105
180,5222,50,-4.0,1,0.012661490447915993,0.011594729468907624
181,5223,50,-4.0,1,0.019133841858572483,0.019133841858572483
182,5224,50,-6.0,1,0.036918783107020056,0.03644476334763906
183,5225,50,-6.0,1,0.016579375096547524,0.016579375096547524
184,5226,50,-4.0,1,0.019580567752727287,0.019580567752727287
185,5227,50,-14.0,1,0.018854720302959118,0.01872493963321274
186,5228,50,-10.0,1,0.019234012604354624,0.01907501738178807
187,5229,50,-3.0,1,0.02434408808354442,0.022382904346568484
188,5230,50,-3.0,1,0.02183613509098099,0.02183613509098099
189,5231,50,-3.0,1,0.015554403590963843,0.015554403590963843
190,5232,50,0.0,1,0.009674731357133325,0.009674731357133325
191,5233,50,-4.0,1,0.01908535658190723,0.01908535658190723
192,5234,50,-4.0,1,0.025935355459602308,0.02482922940434762
193,5235,50,-3.0,1,0.005664484244903813,0.005485962952465393
194,5236,50,-3.0,1,0.019842504703647592,0.015149285991842435
195,5237,50,-7.0,1,0.0027156423167027013,0.002356424059600393
196,5238,50,-4.0,1,0.019429366244020786,0.019429366244020786
197,5239,50,-4.0,1,0.02219301568289902,0.021994437125357865
198,5240,50,-5.0,1,0.019085245712700215,0.019085245712700215
199,5241,50,-6.0,1,0.015421222738317223,0.014775098048297792
200,5242,50,-7.0,1,0.01673677041040459,0.01669653287738557
201,5243,50,-4.0,1,0.009984848827017369,0.009670903474689808
202,5244,50,-7.0,1,0.01918759594583424,0.014235130886031948
203,5245,50,-4.0,1,0.015038731098863532,0.015038731098863532
204,5246,50,0.0,1,0.027531335956540257,0.027531335956540257
205,5247,50,-4.0,1,0.02077578708576438,0.02048096950693046
206,5248,50,-5.0,1,0.022683329053381506,0.022683329053381506
207,5249,50,-4.0,1,0.01710564331293459,0.01710564331293459
208,5250,50,-4.0,1,0.01936999019887321,0.019172953505754785
209,5251,50,-5.0,1,0.008829619250345236,0.008829619250345236
210,5252,50,-4.0,1,0.006544446810527865,0.006544446810527865
211,5253,50,-5.0,1,0.025849699274316927,0.025849699274316927
212,5254,50,-9.0,1,0.028996758651910946,0.027579476590688042
213,5255,50,-9.0,1,0.013086517489138432,0.00886293567855756
214,5256,50,-4.0,1,0.016801367815362324,0.016801367815362324
215,5257,50,-4.0,1,0.014877377550611243,0.014419926738007308
216,5258,50,-4.0,1,0.029424901053412555,0.029424901053412555
217,5259,50,-4.0,1,0.010407927059313527,0.010407927059313527
218,5260,50,-8.0,1,0.011564237573717967,0.011326160092214944
219,5261,50,-4.0,1,0.024627061825239924,0.024627061825239924
220,5262,50,-4.0,1,0.0077879237925897165,0.00727447053489195
221,5263,50,-12.0,1,0.009030887950089307,0.009030887950089307
222,5264,50,-4.0,1,0.013723923344704701,0.013692528499123245
223,5265,50,-7.0,1,0.02169196138431042,0.019817733216387412
224,5266,50,0.0,1,0.014094324338211792,0.014094324338211789
225,5267,50,-4.0,1,0.017415242483109335,0.017360911036711564
226,5268,50,-4.0,1,0.018379556803871887,0.018379556803871887
227,5269,50,-5.0,1,0.011069420881459171,0.011008095092194999
228,5270,50,-12.0,1,0.034204461933937835,0.034204461933937835
229,5271,50,-6.0,1,0.014750446485127536,0.014368214018108226
230,5272,50,-6.0,1,0.011800864655908497,0.011800864655908497
231,5273,50,-7.0,1,0.027298891035601836,0.02714781276517832
232,5274,50,-4.0,1,0.018869376971566487,0.018869376971566487
233,5275,50,-6.0,1,0.02229469413248486,0.01964136117443267
234,5276,50,-5.0,1,0.021801675318666655,0.021801675318666655
235,5277,50,-5.0,1,0.00941375557918827,0.009171706956143279
236,5278,50,-5.0,1,0.021534677566824527,0.021534677566824527
237,5279,50,-8.0,1,0.018991271172994213,0.018800776290123444
238,5280,50,-4.0,1,0.02924190247022491,0.02924190247022491
239,5281,50,-3.0,1,0.02420733829256045,0.023925750456396947
240,5282,50,0.0,1,0.006807748046453295,0.006807748046453295
241,5283,50,-4.0,1,0.020552005202803845,0.02050255482872428
242,5284,50,-4.0,1,0.017283609275049735,0.017283609275049735
243,5285,50,-3.0,1,0.024967294053183486,0.024763338718597695
244,5286,50,-3.0,1,0.01717313134471911,0.016716377613868634
245,5287,50,-4.0,1,0.007187626642922014,0.006749908365700209
246,5288,50,-9.0,1,0.008626593513118534,0.008626593513118534
247,5289,50,0.0,1,0.012991169084524993,0.012991169084524948
248,5290,50,0.0,1,0.01739882924707521,0.015023347617886634
249,5291,50,-15.0,1,0.01120784156722349,0.01120784156722349
250,5292,50,-8.0,1,0.022937328395981504,0.01962678741659475
251,5293,50,-7.0,1,0.01917014805665226,0.0190435688622597
252,5294,50,-12.0,1,0.024363648156174665,0.020166681593289246
253,5295,50,0.0,1,0.005766628820936119,0.005766628820936119
254,5296,50,-3.0,1,0.021033076803132135,0.020289714093708208
255,5297,50,-4.0,1,0.012933839276256461,0.012933839276256461
256,5298,50,-8.0,1,0.011071062213119308,0.010556105717452462
257,5299,50,-7.0,1,0.0220341430757231,0.0220341430757231
258,5300,50,-8.0,1,0.017490971105960422,0.015885183360391755
259,5301,50,-4.0,1,0.01545546441874413,0.01545546441874413
260,5302,50,-7.0,1,0.018833132088936586,0.013478028663665837
261,5303,50,-4.0,1,0.009231365478265747,0.008695773974140801
262,5304,50,-4.0,1,0.012731362311736027,0.012393511534079225
263,5305,50,-7.0,1,0.024845440512983062,0.024643751828993074
264,5306,50,-4.0,1,0.021931366146342165,0.021931366146342165
265,5307,50,-3.0,1,0.01743187320575609,0.01743187320575609
266,5308,50,-4.0,1,0.017348361881546415,0.01711935956053086
267,5309,50,-5.0,1,0.014492330867758798,0.01359400923736903
268,5310,50,-14.0,1,0.022318036679288885,0.022318036679288885
269,5311,50,-5.0,1,0.024467659080041657,0.024467659080041657
270,5312,50,-5.0,1,0.02634175402673858,0.02617013088009602
271,5313,50,-7.0,1,0.01373647804205436,0.01373647804205436
272,5314,50,0.0,1,0.017829605974873684,0.017829605974873684
273,5315,50,-5.0,1,0.006378167682681847,0.006378167682681847
274,5316,50,-5.0,1,0.02510393841325467,0.025017901639741755
275,5317,50,-8.0,1,0.04306416657214238,0.04306416657214238
276,5318,50,-7.0,1,0.01108892773077042,0.010963218625546558
277,5319,50,-4.0,1,0.031123401936266462,0.031012177717893486
278,5320,50,-4.0,1,0.02189506264239491,0.02189506264239491
279,5321,50,-4.0,1,0.015731569304766484,0.015731569304766484
280,5322,50,-10.0,1,0.017390416231446656,0.017390416231446656
281,5323,50,-4.0,1,0.02744554951869404,0.02744554951869404
282,5324,50,-12.0,1,0.013797409043085991,0.01360632128134917
283,5325,50,-10.0,1,0.024817015653798517,0.024817015653798517
284,5326,50,-9.0,1,0.01237157883633555,0.01232916262790735
285,5327,50,-4.0,1,0.01518259934925494,0.01518259934925494
286,5328,50,-6.0,1,0.024516328106457336,0.024089839394557326
287,5329,50,-11.0,1,0.01330641469118063,0.012783729450479661
288,5330,50,-5.0,1,0.019518234028479558,0.013808091634579411
289,5331,50,-3.0,1,0.018345491151167532,0.01813772425365085
290,5332,50,-9.0,1,0.024848422688093265,0.024548817030744
291,5333,50,0.0,1,0.0170132277569087,0.01678800710820197
292,5334,50,-5.0,1,0.022404863028522605,0.022404863028522605
293,5335,50,-3.0,1,0.022130863694182757,0.022130863694182757
294,5336,50,-4.0,1,0.025067854363195332,0.024704838803635575
295,5337,50,-4.0,1,0.013218189756467467,0.013106836317709708
296,5338,50,-4.0,1,0.012555092327922056,0.012189564153570736
297,5339,50,-7.0,1,0.020144316963820037,0.020144316963820037
298,5340,50,-4.0,1,0.02613372397807456,0.02613372397807456
299,5341,50,-50.0,0,0.10807784685733247,0.10807784685733247
300,5342,50,-6.0,1,0.014681342033849527,0.01464736411746013
301,5343,50,-5.0,1,0.029189296734516975,0.029189296734516975
302,5344,50,-6.0,1,0.04149962888389614,0.041320714886154575
303,5345,50,-4.0,1,0.01340543068266508,0.013325727640296275
304,5346,50,-3.0,1,0.0167807164593485,0.01673044259047767
305,5347,50,0.0,1,0.01668854754470831,0.01668854754470831
306,5348,50,-6.0,1,0.032312582871429685,0.032312582871429685
307,5349,50,-6.0,1,0.020517111321448695,0.020517111321448695
308,5350,50,0.0,1,0.024735975147170214,0.024562223083196527
309,5351,50,-3.0,1,0.01610482834396049,0.012376263966690216
310,5352,50,-5.0,1,0.03081450539645244,0.029222626896803737
311,5353,50,-4.0,1,0.022434691817027994,0.021883371461085585
312,5354,50,-7.0,1,0.017860654329179937,0.017860654329179937
313,5355,50,-9.0,1,0.027230209621000034,0.02701527133781196
314,5356,50,-5.0,1,0.012930754366488408,0.012930754366488408
315,5357,50,-5.0,1,0.041058854182389706,0.041058854182389706
316,5358,50,-7.0,1,0.016315080430017077,0.01605257366990285
317,5359,50,-8.0,1,0.017384645684393293,0.017276879857607626
318,5360,50,-4.0,1,0.013867855987640516,0.013409400435064006
319,5361,50,-7.0,1,0.015556889492636969,0.015556889492636969
320,5362,50,-5.0,1,0.01767306128267253,0.01767306128267253
321,5363,50,-4.0,1,0.021698201790200388,0.021698201790200388
322,5364,50,-4.0,1,0.02956586085692044,0.02956586085692044
323,5365,50,-4.0,1,0.017580195227962645,0.017580195227962645
324,5366,50,-6.0,1,0.0198905699757872,0.01730950124947749
325,5367,50,-7.0,1,0.02781024664446084,0.02781024664446084
326,5368,50,-4.0,1,0.0163986722206262,0.01631758610436552
327,5369,50,-6.0,1,0.005799654075712199,0.005799654075712199
328,5370,50,-4.0,1,0.026052496319947663,0.026052496319947663
329,5371,50,-4.0,1,0.016142450141279782,0.016142450141279782
330,5372,50,-5.0,1,0.016559327150504517,0.016558325587087728
331,5373,50,-11.0,1,0.02711777397855502,0.02330361238763966
332,5374,50,-5.0,1,0.018954646480601443,0.018560721529685614
333,5375,50,-5.0,1,0.02289779384427989,0.02289779384427989
334,5376,50,-4.0,1,0.004272910761124829,0.004272910761124829
335,5377,50,0.0,1,0.00885697874095275,0.00885697874095275
336,5378,50,-4.0,1,0.02984689508014308,0.02984689508014308
337,5379,50,-4.0,1,0.031144835469718798,0.031144835469718798
338,5380,50,-10.0,1,0.0034422977031802336,0.0034422977031802336
339,5381,50,-7.0,1,0.03534408066919642,0.034821155765962425
340,5382,50,-3.0,1,0.020764517971533756,0.01696477608445496
341,5383,50,-10.0,1,0.01291077050043231,0.009350415736944694
342,5384,50,-5.0,1,0.024151068390640164,0.023831577477972075
343,5385,50,-15.0,1,0.03039375528829609,0.03009824464567811
344,5386,50,-13.0,1,0.005494476036244064,0.005494476036244064
345,5387,50,-4.0,1,0.007270399982969444,0.007270399982969444
346,5388,50,-4.0,1,0.010657382188950928,0.010657382188950928
347,5389,50,-3.0,1,0.021556525337466236,0.021037078070658854
348,5390,50,-8.0,1,0.017279601790544347,0.017279601790544347
349,5391,50,-6.0,1,0.014837042687137147,0.014476834141078143
350,5392,50,0.0,1,0.02308643655266763,0.02308643655266763
351,5393,50,-4.0,1,0.009505918969113816,0.00919454184234213
352,5394,50,-5.0,1,0.029369708101534397,0.0292009183876444
353,5395,50,-4.0,1,0.03646395334220731,0.036147740899751854
354,5396,50,0.0,1,0.018943677896656016,0.018943677896656016
355,5397,50,-4.0,1,0.015759611500249914,0.015700458388256913
356,5398,50,-11.0,1,0.019621599455116275,0.01948069278404028
357,5399,50,-4.0,1,0.01858273558062371,0.018571579347029937
358,5400,50,-4.0,1,0.020411529930024937,0.020411529930024937
359,5401,50,-10.0,1,0.010268985316929047,0.01012653752114486
360,5402,50,-5.0,1,0.024721411462285597,0.024721411462285597
361,5403,50,-4.0,1,0.004528211659834715,0.003961979612829725
362,5404,50,-3.0,1,0.019819756479939388,0.019819756479939388
363,5405,50,-4.0,1,0.02389931477734983,0.023572673487805514
364,5406,50,-8.0,1,0.021339079571239112,0.020926625111529623
365,5407,50,-4.0,1,0.015375360458413073,0.015375360458413073
366,5408,50,-7.0,1,0.022538776971742988,0.02227466288055814
367,5409,50,-9.0,1,0.008636455109754262,0.008508797597403714
368,5410,50,-5.0,1,0.024840374019616855,0.022632016373294612
369,5411,50,-5.0,1,0.018137480825157967,0.018137480825157967
370,5412,50,-4.0,1,0.02326189542675218,0.02326189542675218
371,5413,50,-3.0,1,0.027735640991630384,0.027522153512504036
372,5414,50,-4.0,1,0.026792081894409656,0.022704777862559016
373,5415,50,-3.0,1,0.0169104214201088,0.015837853773341605
374,5416,50,0.0,1,0.01815875294808352,0.01795502185569516
375,5417,50,-4.0,1,0.006686156331523806,0.006117623256891811
376,5418,50,-4.0,1,0.015565836846070817,0.0150065246552128
377,5419,50,-4.0,1,0.01667913539063868,0.01667913539063868
378,5420,50,-7.0,1,0.015050768390899786,0.015050768390899786
379,5421,50,-3.0,1,0.02364172177980215,0.023136662382981843
380,5422,50,-4.0,1,0.01971609311701024,0.01760836709513813
381,5423,50,-4.0,1,0.024461650674477746,0.02430567391184068
382,5424,50,-7.0,1,0.02187309759724148,0.02187309759724148
383,5425,50,-7.0,1,0.009766160838307652,0.009766160838307652
384,5426,50,-4.0,1,0.005826051011107986,0.005826051011107986
385,5427,50,-10.0,1,0.0218411620416777,0.015525833676785016
386,5428,50,-3.0,1,0.007289790589738886,0.007289790589738886
387,5429,50,-3.0,1,0.022541368007638063,0.02218916293390431
388,5430,50,-8.0,1,0.006246391112802206,0.005205442606682085
389,5431,50,-3.0,1,0.02812078381579117,0.02217113860658228
390,5432,50,-4.0,1,0.022608020394619996,0.022608020394619996
391,5433,50,-8.0,1,0.010265547792718602,0.010265547792718602
392,5434,50,0.0,1,0.017815969864564376,0.017815969864564372
393,5435,50,-7.0,1,0.027118727197361584,0.02705034356918683
394,5436,50,0.0,1,0.019970602487183065,0.019970602487183065
395,5437,50,0.0,1,0.01243279790035192,0.012384786343176924
396,5438,50,-8.0,1,0.01841723746680033,0.01841723746680033
397,5439,50,-4.0,1,0.026694243336486383,0.020704734971234345
398,5440,50,-13.0,1,0.016960488990104945,0.016960488990104945
399,5441,50,-9.0,1,0.009552718821090269,0.008006189201053178
400,5442,50,-5.0,1,0.018005984349599508,0.018005984349599508
401,5443,50,0.0,1,0.017584798520014485,0.017327429303674084
402,5444,50,-5.0,1,0.01016892463620797,0.01016892463620797
403,5445,50,0.0,1,0.018947680652992308,0.018947680652992308
404,5446,50,-3.0,1,0.02746916273730855,0.02725078978446362
405,5447,50,-4.0,1,0.02113846133384496,0.013412806224026219
406,5448,50,-4.0,1,0.012594488713050899,0.012594488713050899
407,5449,50,-8.0,1,0.014744125275345153,0.009822865751258573
408,5450,50,-4.0,1,0.01584856508946895,0.01584856508946895
409,5451,50,-9.0,1,0.04867862023563919,0.04867862023563919
410,5452,50,-9.0,1,0.008860001265822886,0.008860001265822886
411,5453,50,-4.0,1,0.02318956448349875,0.02318956448349875
412,5454,50,-4.0,1,0.00990460356418736,0.00990460356418736
413,5455,50,-3.0,1,0.021280292727824522,0.021280292727824522
414,5456,50,0.0,1,0.016540823551703582,0.015969278690169095
415,5457,50,-9.0,1,0.02014508208379347,0.018674549779186922
416,5458,50,-10.0,1,0.016063224119030106,0.011621113562835189
417,5459,50,0.0,1,0.029053785500608702,0.028287450730502373
418,5460,50,-11.0,1,0.005200511233074012,0.005200511233074012
419,5461,50,-8.0,1,0.01746381930807516,0.016180149706466754
420,5462,50,-5.0,1,0.008914755021355728,0.008787754327324156
421,5463,50,-4.0,1,0.011384063584519407,0.011384063584519407
422,5464,50,-8.0,1,0.021750389499749764,0.021750389499749764
423,5465,50,-4.0,1,0.02120239267688694,0.02120239267688694
424,5466,50,-10.0,1,0.014847160108744529,0.014692580749260704
425,5467,50,-5.0,1,0.016245384254109853,0.016245384254109853
426,5468,50,-8.0,1,0.008699884524589412,0.008648931406648479
427,5469,50,-5.0,1,0.024014830583417548,0.024014830583417548
428,5470,50,-9.0,1,0.012134674437577243,0.012134674437577243
429,5471,50,-4.0,1,0.0070905597916748565,0.006834648245526376
430,5472,50,-5.0,1,0.009328812016945395,0.008998898125859628
431,5473,50,-3.0,1,0.01818997662676116,0.01818997662676116
432,5474,50,-8.0,1,0.027695542483341884,0.026261765199623883
433,5475,50,-5.0,1,0.018122425293325386,0.018122425293325386
434,5476,50,-4.0,1,0.02394539141603701,0.023814082198202156
435,5477,50,-5.0,1,0.018615027245899786,0.018560384904509356
436,5478,50,-4.0,1,0.02382443099572404,0.02359600937044498
437,5479,50,-4.0,1,0.02227301797295742,0.02118381417691129
438,5480,50,-6.0,1,0.023833052339674633,0.023833052339674633
439,5481,50,-4.0,1,0.02383582255912149,0.023397955037977234
440,5482,50,-5.0,1,0.025289709949225914,0.02507371729338611
441,5483,50,-4.0,1,0.019773360142628968,0.01576809207079647
442,5484,50,-6.0,1,0.01908803048137453,0.018960129664253665
443,5485,50,-5.0,1,0.030587094589838992,0.018225458726277143
444,5486,50,-8.0,1,0.04089511669732325,0.04089511669732325
445,5487,50,-5.0,1,0.03053398371132515,0.030437010922622226
446,5488,50,-6.0,1,0.03319533327298661,0.03319533327298661
447,5489,50,-4.0,1,0.026794412904095562,0.026553495570054344
448,5490,50,-8.0,1,0.038769921076689036,0.03852386652853077
449,5491,50,-5.0,1,0.015686427118530487,0.015686427118530487
450,5492,50,0.0,1,0.016571361287404465,0.016571361287404465
451,5493,50,-11.0,1,0.03299672143854516,0.0320346851345825
452,5494,50,-3.0,1,0.029709111240919014,0.029709111240919014
453,5495,50,-4.0,1,0.013246731692791352,0.013246731692791352
454,5496,50,-9.0,1,0.019368534496059617,0.01906438095557928
455,5497,50,-3.0,1,0.028343283663606472,0.028104085754227626
456,5498,50,-5.0,1,0.005167808478638659,0.0049433355765053175
457,5499,50,-3.0,1,0.017433170574560366,0.017433170574560366
458,5500,50,0.0,1,0.020832801544661123,0.020832801544659798
459,5501,50,-4.0,1,0.01389264488679501,0.01389264488679501
460,5502,50,-5.0,1,0.01533141087828313,0.013562983393007386
461,5503,50,-4.0,1,0.020189676168043496,0.020189676168043496
462,5504,50,-3.0,1,0.014526208454151892,0.014468897886335376
463,5505,50,-10.0,1,0.024012195602350836,0.023804298438735643
464,5506,50,-4.0,1,0.010239059208858599,0.010239059208858599
465,5507,50,-4.0,1,0.016662924808343086,0.016662924808343086
466,5508,50,-5.0,1,0.010728392230410411,0.010728392230410411
467,5509,50,-4.0,1,0.011544699319569576,0.010672186869640473
468,5510,50,-11.0,1,0.014485257504074311,0.014432873793673457
469,5511,50,-4.0,1,0.01267258006957952,0.0121952294479484
470,5512,50,-4.0,1,0.012261782773104128,0.012261782773104128
471,5513,50,-5.0,1,0.012491454362440027,0.012350660508484568
472,5514,50,0.0,1,0.009999299372556085,0.009999299372556085
473,5515,50,-7.0,1,0.007051883192865138,0.006558806067897365
474,5516,50,-7.0,1,0.02360931277049553,0.02360931277049553
475,5517,50,-5.0,1,0.019378692645962745,0.019378692645962745
476,5518,50,-6.0,1,0.025726461542129018,0.025726461542129018
477,5519,50,0.0,1,0.02198869763547692,0.02198869763547692
478,5520,50,-9.0,1,0.013996787520127696,0.013996787520127696
479,5521,50,-4.0,1,0.023740799741876106,0.023740799741876106
480,5522,50,-12.0,1,0.021414875872501425,0.017900980792419967
481,5523,50,-4.0,1,0.021690428107411012,0.021469101200231457
482,5524,50,-4.0,1,0.00840922380244397,0.00833981010851883
483,5525,50,-9.0,1,0.021351494579628906,0.021351494579628906
484,5526,50,-50.0,0,0.07169697163187735,0.07145051488269369
485,5527,50,-50.0,0,0.07073487888834472,0.07073487888834472
486,5528,50,-4.0,1,0.029698789766495266,0.029636343232505254
487,5529,50,-3.0,1,0.029827222318277804,0.02977506394907096
488,5530,50,-7.0,1,0.026251111160000826,0.026251111160000826
489,5531,50,-4.0,1,0.023679260171912544,0.023661474211669947
490,5532,50,-6.0,1,0.024696969599851973,0.024696969599851973
491,5533,50,-6.0,1,0.02331163950851447,0.02331163950851447
492,5534,50,-5.0,1,0.006984820172994017,0.006984820172994017
493,5535,50,-10.0,1,0.00942435066686329,0.009151642586362635
494,5536,50,-5.0,1,0.017564667788058545,0.017494272632097834
495,5537,50,-5.0,1,0.017360713612358695,0.017360713612358695
496,5538,50,-4.0,1,0.021010489383208725,0.021010489383208725
497,5539,50,-4.0,1,0.01947889848796115,0.01947889848796115
498,5540,50,-4.0,1,0.026392837939378654,0.025567056144469826
499,5541,50,-9.0,1,0.015404161751310411,0.013197536389845643
500,5542,50,-6.0,1,0.022118946855075285,0.022118946855075285
501,5543,50,0.0,1,0.017633495434636357,0.017199572960241685
502,5544,50,0.0,1,0.006773768556438627,0.006773768556438627
503,5545,50,-4.0,1,0.0058698455038824395,0.0058698455038824395
504,5546,50,-5.0,1,0.017519544153829225,0.01737865224517525
505,5547,50,-9.0,1,0.026478925301618633,0.026478925301618633
506,5548,50,-5.0,1,0.010606540008573096,0.010507808119081117
507,5549,50,-4.0,1,0.013025941858086896,0.013025941858086896
508,5550,50,0.0,1,0.025373221993263462,0.02537322199326346
509,5551,50,0.0,1,0.020258907907202448,0.020106596357572885
510,5552,50,-6.0,1,0.02286848138932894,0.02286848138932894
511,5553,50,-4.0,1,0.016735532322078837,0.014743664941861545
512,5554,50,-4.0,1,0.011834141752477777,0.011390637971633174
513,5555,50,-11.0,1,0.02076236679521904,0.01808408899785532
514,5556,50,-3.0,1,0.014872860960922852,0.014872860960922852
515,5557,50,-3.0,1,0.00823746653676495,0.0076738331510295245
516,5558,50,-5.0,1,0.00039602335831471694,0.0003591129910469022
517,5559,50,0.0,1,0.01733436218250274,0.017334362182500698
518,5560,50,-10.0,1,0.016663793059967794,0.016524610779685627
519,5561,50,-10.0,1,0.03554245327215891,0.03550177650339793
520,5562,50,-4.0,1,0.022585896726680776,0.022585896726680776
521,5563,50,-10.0,1,0.017357590629407654,0.017357590629407654
522,5564,50,-6.0,1,0.01005009092587018,0.01005009092587018
523,5565,50,-5.0,1,0.025287056514594522,0.025287056514594522
524,5566,50,-3.0,1,0.02435862103079922,0.02092928137212155
525,5567,50,-8.0,1,0.022228412875859922,0.022228412875859922
526,5568,50,0.0,1,0.021124253355717347,0.021124253355717347
527,5569,50,-6.0,1,0.03533784506121439,0.03353397471944344
528,5570,50,0.0,1,0.01388012054175634,0.013618326197875804
529,5571,50,-4.0,1,0.0025670273613722264,0.00249798526020631
530,5572,50,-4.0,1,0.02498758988489623,0.024836396491578847
531,5573,50,-5.0,1,0.015435101855296738,0.015435101855296738
532,5574,50,-6.0,1,0.023926966787697193,0.023926966787697193
533,5575,50,0.0,1,0.02306400840151672,0.02259465059765151
534,5576,50,-3.0,1,0.02092967613298301,0.020434255096348934
535,5577,50,-4.0,1,0.01926512610746922,0.01904037937132942
536,5578,50,-6.0,1,0.00882649454939583,0.008517258564215945
537,5579,50,-3.0,1,0.020232969597067295,0.01955294997683178
538,5580,50,-6.0,1,0.024718438061508648,0.020035429849873
539,5581,50,-4.0,1,0.02155588378797915,0.02143127614121278
540,5582,50,-9.0,1,0.02971970581790445,0.02971970581790445
541,5583,50,-4.0,1,0.02510957990853679,0.02510957990853679
542,5584,50,-7.0,1,0.0197209932100898,0.0197209932100898
543,5585,50,-4.0,1,0.006564170924959856,0.006564170924959856
544,5586,50,-3.0,1,0.029743084901331127,0.029743084901331127
545,5587,50,-7.0,1,0.006912679344336109,0.006747012999283764
546,5588,50,-4.0,1,0.019578366544474188,0.01936885052854983
547,5589,50,-4.0,1,0.0393390360528152,0.038836743994119814
548,5590,50,-4.0,1,0.022252862533775807,0.020668480296912248
549,5591,50,-4.0,1,0.021464773137356504,0.021464773137356504
550,5592,50,-6.0,1,0.020361284860817088,0.020361284860817088
551,5593,50,-4.0,1,0.01015645723896294,0.009766096645399878
552,5594,50,-6.0,1,0.02127313751448295,0.0199600572262985
553,5595,50,-9.0,1,0.010899268993730397,0.010899268993730397
554,5596,50,-3.0,1,0.019932127570840938,0.01750289244354718
555,5597,50,-3.0,1,0.031016270928096876,0.025753103505203594
556,5598,50,-4.0,1,0.021891229340269696,0.021806651274221163
557,5599,50,-10.0,1,0.02222878820932188,0.02222878820932188
558,5600,50,-4.0,1,0.03169521367197004,0.031554810538401847
559,5601,50,-4.0,1,0.02399480858674765,0.02399480858674765
560,5602,50,-5.0,1,0.023194023006247486,0.023194023006247486
561,5603,50,-4.0,1,0.017208070595435554,0.016664695234054113
562,5604,50,-7.0,1,0.018780913921520093,0.018780913921520093
563,5605,50,-4.0,1,0.018995865501242114,0.018995865501242114
564,5606,50,-4.0,1,0.018187748010943732,0.00892011096128921
565,5607,50,-5.0,1,0.019225685361232,0.015855919183971633
566,5608,50,-8.0,1,0.023227662510615893,0.023227662510615893
567,5609,50,-5.0,1,0.01676115370360087,0.013924711219782438
568,5610,50,-5.0,1,0.025975557914801318,0.025677550711657633
569,5611,50,-10.0,1,0.020964563050958493,0.02082137825907703
570,5612,50,0.0,1,0.022899123980497246,0.022899123980497246
571,5613,50,-4.0,1,0.01790785079207921,0.01790785079207921
572,5614,50,-3.0,1,0.014560091341880294,0.014323395938962018
573,5615,50,-6.0,1,0.016925419162871436,0.01687031229136647
574,5616,50,-3.0,1,0.021267986561536674,0.021267986561536674
575,5617,50,-4.0,1,0.024706116853946716,0.024390692455208658
576,5618,50,-10.0,1,0.029897727554619176,0.02988618163768908
577,5619,50,-9.0,1,0.02074541934620803,0.020713027591249576
578,5620,50,-4.0,1,0.014789970696277554,0.013929171687789633
579,5621,50,-4.0,1,0.0068091139268874985,0.0068091139268874985
580,5622,50,-5.0,1,0.024354757190731102,0.02407615582546133
581,5623,50,-4.0,1,0.02271300478709079,0.02271300478709079
582,5624,50,-4.0,1,0.011205859374471872,0.011205859374471872
583,5625,50,-4.0,1,0.029773477878995192,0.029708434565580658
584,5626,50,-4.0,1,0.01733126542209532,0.01733126542209532
585,5627,50,-8.0,1,0.015720841407760304,0.01565579632899724
586,5628,50,-10.0,1,0.021665711694311973,0.021302996967896552
587,5629,50,-4.0,1,0.012485553097067666,0.012485553097067666
588,5630,50,-9.0,1,0.03207189196502959,0.03207189196502959
589,5631,50,-4.0,1,0.026004414494666814,0.026004414494666814
590,5632,50,-5.0,1,0.020212453051080426,0.02006427425994274
591,5633,50,-3.0,1,0.027416204184030436,0.027164751846734284
592,5634,50,-4.0,1,0.03170938676688233,0.031638701483953244
593,5635,50,-14.0,1,0.04223811491964418,0.041143620525706665
594,5636,50,-4.0,1,0.0349608039782633,0.032344373063099646
595,5637,50,-5.0,1,0.04604512384067653,0.04531349415564582
596,5638,50,0.0,1,0.016577457438812133,0.01657745743881213
597,5639,50,-4.0,1,0.026294435278413734,0.026294435278413734
598,5640,50,-5.0,1,0.0004061304895467011,0.0003863604979510886
599,5641,50,-6.0,1,0.02183151162164866,0.02183151162164866
600,5642,50,-5.0,1,0.008023612451440164,0.008023612451440164
601,5643,50,-7.0,1,0.019225644355767152,0.019225644355767152
602,5644,50,-4.0,1,0.011522144266876208,0.011522144266876208
603,5645,50,-9.0,1,0.015438524109042472,0.014955661801655584
604,5646,50,0.0,1,0.01896915507623149,0.01896915507623149
605,5647,50,-8.0,1,0.0188095544130537,0.018746327517906048
606,5648,50,-12.0,1,0.031258370229776,0.031258370229776
607,5649,50,-9.0,1,0.024088654286468347,0.023954957793187456
608,5650,50,-4.0,1,0.019145412265066903,0.018957115015559283
609,5651,50,-44.0,1,0.08702369938628268,0.038394991174778195
610,5652,50,-4.0,1,0.025440137269420755,0.025245398084639298
611,5653,50,-4.0,1,0.022108315844752674,0.019058373297125307
612,5654,50,-6.0,1,0.02544484466886557,0.024066701911061
613,5655,50,-3.0,1,0.013655163857218662,0.013655163857218662
614,5656,50,-4.0,1,0.01791437645017004,0.015414213499500245
615,5657,50,-4.0,1,0.01708462057152144,0.01708462057152144
616,5658,50,-3.0,1,0.01862892077579731,0.01862892077579731
617,5659,50,0.0,1,0.03277663435423295,0.032522842496774146
618,5660,50,-5.0,1,0.014135784404027461,0.013935507868202085
619,5661,50,-5.0,1,0.017417461346381325,0.016861415517446198
620,5662,50,-5.0,1,0.024370673838362618,0.019472311831706883
621,5663,50,-4.0,1,0.012182883104623581,0.010472239019747663
622,5664,50,0.0,1,0.013396538916440394,0.013396538916440394
623,5665,50,-4.0,1,0.045366973146153795,0.045366973146153795
624,5666,50,-3.0,1,0.014753954458204882,0.014753954458204882
625,5667,50,-4.0,1,0.023043949854427696,0.023043949854427696
626,5668,50,-10.0,1,0.011134496816767368,0.010695591395899453
627,5669,50,-4.0,1,0.014802000147057872,0.014269075774319111
628,5670,50,-3.0,1,0.01813667717708613,0.017769239121157583
629,5671,50,-5.0,1,0.00665276610787588,0.00665276610787588
630,5672,50,-6.0,1,0.019108010231283862,0.019108010231283862
631,5673,50,-7.0,1,0.024029763846892416,0.023870040868469146
632,5674,50,-5.0,1,0.01684115451875687,0.016468721558133177
633,5675,50,-9.0,1,0.01754280570328289,0.01754280570328289
634,5676,50,-4.0,1,0.026204978011648263,0.026079166980296893
635,5677,50,-4.0,1,0.008623851115772586,0.008200243482925317
636,5678,50,-4.0,1,0.028909301848210858,0.027792034725970832
637,5679,50,-50.0,0,0.0997118594611029,0.09931848536854437
638,5680,50,-3.0,1,0.016611700002021633,0.014374815812790874
639,5681,50,-5.0,1,0.011068540382769146,0.011068540382769146
640,5682,50,-3.0,1,0.013806363581665782,0.013806363581665782
641,5683,50,-3.0,1,0.029934783942062365,0.029736404120386983
642,5684,50,-4.0,1,0.023586923873650103,0.023586923873650103
643,5685,50,-7.0,1,0.018579503982112586,0.018504875846779893
644,5686,50,-5.0,1,0.02354420085501215,0.02335103543832088
645,5687,50,-4.0,1,0.028546957939421053,0.027734518283881206
646,5688,50,-7.0,1,0.025367133444480685,0.019759006755178405
647,5689,50,-4.0,1,0.02209252713689209,0.022005759172885792
648,5690,50,-10.0,1,0.014926792706299251,0.014877614303272033
649,5691,50,-4.0,1,0.012482867090766956,0.012430622774424131
650,5692,50,-4.0,1,0.010392047363670399,0.010209517656610378
651,5693,50,-4.0,1,0.02584504032734561,0.025476538287960194
652,5694,50,-5.0,1,0.01680289725585074,0.01568935576526299
653,5695,50,-13.0,1,0.01719761508198913,0.016559159978835964
654,5696,50,-5.0,1,0.012337815983843328,0.012337815983843328
655,5697,50,-7.0,1,0.02550531863548081,0.024461159100142127
656,5698,50,-5.0,1,0.02041852733124147,0.02041852733124147
657,5699,50,0.0,1,0.021549932188594537,0.021549932188594533
658,5700,50,0.0,1,0.01769052612100434,0.01769052612100434
659,5701,50,-5.0,1,0.03342533446012234,0.03319636441894682
660,5702,50,-4.0,1,0.0195795316124382,0.0195795316124382
661,5703,50,0.0,1,0.01901610932077003,0.015664657057352965
662,5704,50,0.0,1,0.024250034720914148,0.024250034720914148
663,5705,50,-4.0,1,0.019690687666055303,0.01924290977010374
664,5706,50,0.0,1,0.024645331095876067,0.024645331095876067
665,5707,50,-3.0,1,0.01720209205892793,0.01703080713629366
666,5708,50,-4.0,1,0.016634023859017112,0.012759872603593694
667,5709,50,-4.0,1,0.02152066233136945,0.017977450032180552
668,5710,50,-4.0,1,0.023103665952176885,0.023103665952176885
669,5711,50,-7.0,1,0.011358536925934686,0.011358536925934686
670,5712,50,-4.0,1,0.022184604556664694,0.022050546360126242
671,5713,50,-4.0,1,0.019105341071860488,0.019105341071860488
672,5714,50,-6.0,1,0.008876166459529494,0.008876166459529494
673,5715,50,0.0,1,0.036882040857584224,0.036882040857584224
674,5716,50,-11.0,1,0.014194412511235805,0.014194412511235805
675,5717,50,-4.0,1,0.0245100207383688,0.024129951849840958
676,5718,50,-4.0,1,0.026885313836998805,0.026885313836998805
677,5719,50,-6.0,1,0.02583712159711737,0.025815404721470505
678,5720,50,-5.0,1,0.0098722183043121,0.009489272390518402
679,5721,50,-4.0,1,0.007806439303034086,0.007513193300752294
680,5722,50,-4.0,1,0.011875542405040308,0.011375586441362238
681,5723,50,-4.0,1,0.008038517149629606,0.008038517149629606
682,5724,50,-50.0,0,0.06889955492121547,0.06889955492121547
683,5725,50,-5.0,1,0.003307855310164086,0.003307855310164086
684,5726,50,-4.0,1,0.02380875293826044,0.02380875293826044
685,5727,50,-3.0,1,0.020485911039516788,0.01691753654910733
686,5728,50,-8.0,1,0.01011644688082482,0.009024225629915237
687,5729,50,0.0,1,0.01977955132510381,0.019730354030871297
688,5730,50,-4.0,1,0.01571381522799793,0.01571381522799793
689,5731,50,-11.0,1,0.024327838215190897,0.02052595172034201
690,5732,50,-7.0,1,0.017980725744987346,0.01453222038616931
691,5733,50,-4.0,1,0.024398616255516165,0.02398929311390854
692,5734,50,-4.0,1,0.017456402469746914,0.017456402469746914
693,5735,50,-6.0,1,0.02312288570896971,0.022911285567002445
694,5736,50,-6.0,1,0.013373394579963355,0.013373394579963355
695,5737,50,-4.0,1,0.015483074299407477,0.015116981455972513
696,5738,50,-4.0,1,0.0229613559393864,0.0228187336474875
697,5739,50,-7.0,1,0.0247161718956419,0.024491449417171463
698,5740,50,-3.0,1,0.014809662581589568,0.011971944671136532
699,5741,50,-4.0,1,0.017654875762598797,0.017654875762598797
700,5742,50,-6.0,1,0.02286182012467256,0.02286182012467256
701,5743,50,0.0,1,0.019979397350886306,0.019979397350886302
702,5744,50,-3.0,1,0.009479364712920837,0.009264650030215127
703,5745,50,-4.0,1,0.02240852431864041,0.02240852431864041
704,5746,50,-8.0,1,0.023437494451365747,0.023075456082921057
705,5747,50,-50.0,0,0.07478055367843972,0.07478055367843972
706,5748,50,-9.0,1,0.018694535335199505,0.018694535335199505
707,5749,50,-3.0,1,0.010256873502126349,0.01003255723257052
708,5750,50,0.0,1,0.017364684983508186,0.017364684983508186
709,5751,50,-50.0,0,0.07267543025315439,0.07267543025315439
710,5752,50,-4.0,1,0.01890437660996547,0.01890437660996547
711,5753,50,-5.0,1,0.008432480795126183,0.007937274786025206
712,5754,50,-4.0,1,0.028965707010150853,0.028579583945160393
713,5755,50,-4.0,1,0.023422149832695784,0.023175814767489325
714,5756,50,-3.0,1,0.01899627948817676,0.018996180716360684
715,5757,50,-4.0,1,0.015235263284203663,0.015235263284203663
716,5758,50,-4.0,1,0.014844631988092927,0.013375870750584709
717,5759,50,-12.0,1,0.022464389542418885,0.022464389542418885
718,5760,50,-4.0,1,0.014053670059821017,0.014053670059821017
719,5761,50,-4.0,1,0.01925508352831216,0.018011252543876005
720,5762,50,-4.0,1,0.015209337157379044,0.015133641806633373
721,5763,50,-3.0,1,0.012164318548657488,0.012160549313154677
722,5764,50,-4.0,1,0.017027602127285792,0.017027602127285792
723,5765,50,-3.0,1,0.020997953858452247,0.02041822749542918
724,5766,50,0.0,1,0.016047313582794664,0.01604731358279466
725,5767,50,-4.0,1,0.018825474867201254,0.013797885374656439
726,5768,50,-3.0,1,0.013708974611775998,0.01293941233229649
727,5769,50,-5.0,1,0.002526026060775609,0.0021069098467382343
728,5770,50,-3.0,1,0.021405687243856768,0.02140335913145627
729,5771,50,-6.0,1,0.017306677989201887,0.016477920866378632
730,5772,50,-7.0,1,0.022178973446294378,0.02185592896034823
731,5773,50,-4.0,1,0.018244054111975785,0.018244054111975785
732,5774,50,-10.0,1,0.028720513031501277,0.02857318427847914
733,5775,50,-4.0,1,0.020682268880272945,0.020472961800916126
734,5776,50,-4.0,1,0.026107005591540673,0.025761253912011478
735,5777,50,-5.0,1,0.027997257881564826,0.027997257881564826
736,5778,50,-4.0,1,0.012617935085913419,0.012173304575782112
737,5779,50,-7.0,1,0.016630432969254382,0.016524794721302995
738,5780,50,-7.0,1,0.023444396925359573,0.023277083314155796
739,5781,50,-4.0,1,0.008535710868209046,0.008535710868209046
740,5782,50,-4.0,1,0.010505665929956377,0.010413594254466982
741,5783,50,-7.0,1,0.021618568315196998,0.021618568315196998
742,5784,50,-6.0,1,0.0043576000685361235,0.0043576000685361235
743,5785,50,-4.0,1,0.013755239077557624,0.013225773184833308
744,5786,50,-4.0,1,0.016159166523275714,0.015967956318823664
745,5787,50,0.0,1,0.00974537452197933,0.00974537452197933
746,5788,50,-3.0,1,0.01399537765811733,0.013727895465609154
747,5789,50,-6.0,1,0.018452358786064528,0.018452358786064528
748,5790,50,-4.0,1,0.01583017609039746,0.01583017609039746
749,5791,50,-5.0,1,0.01631965412821013,0.016251113474400194
750,5792,50,-4.0,1,0.028193731174393926,0.016890515823195888
751,5793,50,-7.0,1,0.014222627276421332,0.014222627276421332
752,5794,50,-7.0,1,0.017362360271793272,0.01707684466729699
753,5795,50,-9.0,1,0.009202414094576871,0.009202414094576871
754,5796,50,-10.0,1,0.008810040328907462,0.00877359341598709
755,5797,50,-7.0,1,0.02343197082475328,0.02343197082475328
756,5798,50,0.0,1,0.021665538137481368,0.021504678667823303
757,5799,50,-7.0,1,0.028685149170015828,0.028685149170015828
758,5800,50,-5.0,1,0.009990086572286856,0.00851535573142406
759,5801,50,-6.0,1,0.014793420964342913,0.01456775740540489
760,5802,50,-10.0,1,0.014543308054462025,0.014543308054462025
761,5803,50,-5.0,1,0.01564670587114583,0.01564670587114583
762,5804,50,-7.0,1,0.020286099056945835,0.02001503292345192
763,5805,50,-6.0,1,0.025874504094961535,0.02571730787427729
764,5806,50,-5.0,1,0.026520539377631016,0.026299574312326147
765,5807,50,-4.0,1,0.02297584672524411,0.02297584672524411
766,5808,50,-4.0,1,0.010430791886073574,0.009939400047026451
767,5809,50,-5.0,1,0.027581610627890312,0.02748027654946105
768,5810,50,-9.0,1,0.017900280237211897,0.01788308095506651
769,5811,50,-6.0,1,0.012273577589909256,0.012273577589909256
770,5812,50,-6.0,1,0.00841700606140557,0.00841700606140557
771,5813,50,0.0,1,0.023046073299165755,0.023046073299165755
772,5814,50,-6.0,1,0.019353490351920646,0.016317474583403366
773,5815,50,0.0,1,0.025701513575020537,0.02359304642260248
774,5816,50,-4.0,1,0.021574360682527067,0.02130190217950718
775,5817,50,-4.0,1,0.023304861096761345,0.023070112919887906
776,5818,50,-7.0,1,0.042502096107497916,0.041522964585399294
777,5819,50,-8.0,1,0.012142880561477401,0.012142880561477401
778,5820,50,-5.0,1,0.02695365944516315,0.02695365944516315
779,5821,50,-7.0,1,0.02087638544627916,0.012182993734091796
780,5822,50,-10.0,1,0.010232228215655554,0.010031185171886331
781,5823,50,-6.0,1,0.029839293724057258,0.029450359722296354
782,5824,50,-4.0,1,0.02116626610650848,0.02116626610650848
783,5825,50,0.0,1,0.013453100760253663,0.010685570154041896
784,5826,50,-10.0,1,0.021941116101609447,0.021940785653626588
785,5827,50,-5.0,1,0.01857162309662618,0.018510267120270634
786,5828,50,-6.0,1,0.022476028024909406,0.022468921622070908
787,5829,50,-5.0,1,0.010552244764225487,0.010552244764225487
788,5830,50,-8.0,1,0.016978986017989795,0.016759661000663725
789,5831,50,-4.0,1,0.020109501670273977,0.01975897171598495
790,5832,50,-4.0,1,0.008254580520123457,0.008254580520123457
791,5833,50,-5.0,1,0.004278294238427074,0.003733597164458547
792,5834,50,-6.0,1,0.013189295920354928,0.01295499018318967
793,5835,50,-4.0,1,0.022982617946378976,0.022397756926754525
794,5836,50,-8.0,1,0.023095293836590425,0.023095293836590425
795,5837,50,-7.0,1,0.01867614971728549,0.01867614971728549
796,5838,50,-5.0,1,0.026611141127737305,0.026611141127737305
797,5839,50,-4.0,1,0.0067893966076096966,0.006346496177337172
798,5840,50,-13.0,1,0.01738041672021265,0.01738041672021265
799,5841,50,-7.0,1,0.02712493698438425,0.026880364044639806
800,5842,50,-4.0,1,0.024196213434557655,0.024196213434557655
801,5843,50,-5.0,1,0.025489730203892558,0.025489730203892558
802,5844,50,-12.0,1,0.012667904159428317,0.007211308367546832
803,5845,50,-4.0,1,0.023703269070600184,0.01847579944411844
804,5846,50,-3.0,1,0.018311966932977937,0.018311966932977937
805,5847,50,-11.0,1,0.0194796289962107,0.019264026081052755
806,5848,50,-8.0,1,0.02166825158161504,0.02166825158161504
807,5849,50,-6.0,1,0.02391326960868524,0.023496155978010566
808,5850,50,-4.0,1,0.023751905183127246,0.023751905183127246
809,5851,50,0.0,1,0.02702635095123777,0.027026350951232077
810,5852,50,-11.0,1,0.014980602127851465,0.014980602127851465
811,5853,50,-6.0,1,0.0201446406174283,0.019735695975579524
812,5854,50,-6.0,1,0.0472638004404387,0.04722469561332869
813,5855,50,-7.0,1,0.021744291998018157,0.021204379508634345
814,5856,50,-7.0,1,0.015359054285656652,0.015310745296478426
815,5857,50,-8.0,1,0.03655501722599179,0.026725275248108103
816,5858,50,-6.0,1,0.01797728552974209,0.017763460346537127
817,5859,50,-6.0,1,0.023385233080983284,0.02270174744777622
818,5860,50,-4.0,1,0.01759954958677552,0.01748778636845407
819,5861,50,-5.0,1,0.014385060930728182,0.014385060930728182
820,5862,50,0.0,1,0.020944326533161278,0.020944326533161278
821,5863,50,0.0,1,0.012766334289615353,0.012569040618139857
822,5864,50,-50.0,0,0.05174772082905366,0.05139898757045876
823,5865,50,-5.0,1,0.018540964469070685,0.018046979445015043
824,5866,50,-4.0,1,0.02207532966539149,0.02207532966539149
825,5867,50,-4.0,1,0.02794038158567802,0.02794038158567802
826,5868,50,-4.0,1,0.019254056993639617,0.019254056993639617
827,5869,50,-4.0,1,0.022911946198416504,0.02283755785027496
828,5870,50,-4.0,1,0.009169563164526807,0.009169563164526807
829,5871,50,-6.0,1,0.03372417399720257,0.03360309736891789
830,5872,50,-6.0,1,0.01867946716443827,0.01723715089196026
831,5873,50,-10.0,1,0.031527429310431995,0.031508389010181555
832,5874,50,-4.0,1,0.023993668145470028,0.02221186633630259
833,5875,50,-8.0,1,0.006904411829196843,0.00582635539773794
834,5876,50,-4.0,1,0.024780696693116055,0.014922752737640273
835,5877,50,0.0,1,0.023066302334197392,0.022799315925219183
836,5878,50,-8.0,1,0.013228720692595937,0.012809841776838625
837,5879,50,-3.0,1,0.020708614786752427,0.02070324695593313
838,5880,50,-8.0,1,0.020211217935002235,0.020065347479309048
839,5881,50,-7.0,1,0.016372325167417167,0.016061591211780805
840,5882,50,-4.0,1,0.0205837407754456,0.019882167850213125
841,5883,50,-4.0,1,0.01712279426598997,0.01712279426598997
842,5884,50,-4.0,1,0.02016823773928355,0.02016823773928355
843,5885,50,-4.0,1,0.0048363946403358615,0.0048363946403358615
844,5886,50,-3.0,1,0.018876401312121666,0.018366496585340456
845,5887,50,0.0,1,0.012569530214085045,0.012569530214085045
846,5888,50,-3.0,1,0.016331387699685382,0.016331387699685382
847,5889,50,-5.0,1,0.02259481866052674,0.017219389986943768
848,5890,50,-5.0,1,0.03293189934448689,0.022590695375365274
849,5891,50,-3.0,1,0.02346010044343405,0.022331088336475617
850,5892,50,-4.0,1,0.013937481693209004,0.011000901902457923
851,5893,50,-8.0,1,0.017997524846342594,0.017746812642114144
852,5894,50,-8.0,1,0.01799245582071196,0.017368486298078595
853,5895,50,-5.0,1,0.02412929147958628,0.019515237945723147
854,5896,50,0.0,1,0.01569582206828111,0.015573458283646327
855,5897,50,-7.0,1,0.012699093221064835,0.00870927108749294
856,5898,50,-7.0,1,0.01602694592913413,0.01602694592913413
857,5899,50,-5.0,1,0.029099431472847697,0.029099431472847697
858,5900,50,-4.0,1,0.017820663880754692,0.0174082384287751
859,5901,50,-4.0,1,0.026916770251314788,0.026916770251314788
860,5902,50,-7.0,1,0.02183611086219991,0.021685026438895236
861,5903,50,-12.0,1,0.016802487630600355,0.016802487630600355
862,5904,50,-8.0,1,0.012797284753188266,0.012797284753188266
863,5905,50,-4.0,1,0.011812015190960106,0.011812015190960106
864,5906,50,-3.0,1,0.01532656128239571,0.014692582898826788
865,5907,50,-4.0,1,0.008837212181971536,0.008837212181971536
866,5908,50,-6.0,1,0.020037831246077466,0.019858786423916055
867,5909,50,0.0,1,0.01269534254053966,0.012695342540539657
868,5910,50,-5.0,1,0.023405964287021644,0.023106986305611477
869,5911,50,-7.0,1,0.02386114015552926,0.02386114015552926
870,5912,50,-4.0,1,0.0194678326761903,0.014131261908411522
871,5913,50,-4.0,1,0.019303532140286874,0.018680762192676767
872,5914,50,-5.0,1,0.0009669811618123617,0.0009669811618123617
873,5915,50,-8.0,1,0.005576974358880302,0.005174318778065294
874,5916,50,-11.0,1,0.02619719397520342,0.02594670330357428
875,5917,50,-7.0,1,0.016604936090609843,0.016604936090609843
876,5918,50,-4.0,1,0.022658072510485603,0.02259591760553828
877,5919,50,-4.0,1,0.014705834417830441,0.014705834417830441
878,5920,50,-3.0,1,0.0163742953522342,0.014606224777634813
879,5921,50,-4.0,1,0.002786311144258034,0.002786311144258034
880,5922,50,-3.0,1,0.018762754675680882,0.0159426114369385
881,5923,50,-4.0,1,0.006967867813446162,0.006967867813446162
882,5924,50,-4.0,1,0.012351601829980388,0.012351601829980388
883,5925,50,-50.0,0,0.05762153158083184,0.05762153158083184
884,5926,50,-5.0,1,0.024151645852869393,0.024151645852869393
885,5927,50,-4.0,1,0.014250978709534444,0.013574571056166855
886,5928,50,-7.0,1,0.023154707472940052,0.021492789453767838
887,5929,50,-7.0,1,0.010207541810555538,0.010157082276313057
888,5930,50,-4.0,1,0.019909874012976374,0.013608849509713614
889,5931,50,-4.0,1,0.02446135076300352,0.02446135076300352
890,5932,50,0.0,1,0.0209985056722975,0.019952781923090485
891,5933,50,-3.0,1,0.008450156596742288,0.008450156596742288
892,5934,50,-8.0,1,0.021173037191867077,0.021173037191867077
893,5935,50,-5.0,1,0.013759738550013743,0.013694852474286345
894,5936,50,-4.0,1,0.030663062615650365,0.030621217465539953
895,5937,50,-11.0,1,0.03183603262492381,0.03183603262492381
896,5938,50,-4.0,1,0.02003785852552859,0.02003785852552859
897,5939,50,-4.0,1,0.027985351572057483,0.02247783901910519
898,5940,50,-7.0,1,0.02975243484192,0.02975243484192
899,5941,50,-4.0,1,0.015185287586457067,0.015185287586457067
900,5942,50,-8.0,1,0.021976657792388624,0.021976657792388624
901,5943,50,-5.0,1,0.023855524001321692,0.023855524001321692
902,5944,50,-7.0,1,0.02114720961551113,0.02091713607512245
903,5945,50,-14.0,1,0.013913986521840989,0.013492835906162603
904,5946,50,-4.0,1,0.022687274765723454,0.022687274765723454
905,5947,50,-7.0,1,0.015724076315206902,0.01532989775195386
906,5948,50,-4.0,1,0.0220939691874739,0.0220939691874739
907,5949,50,0.0,1,0.021832879012661965,0.02116875840061804
908,5950,50,-3.0,1,0.024576666152423113,0.024576666152423113
909,5951,50,-3.0,1,0.014984973601691974,0.014570875754012728
910,5952,50,-4.0,1,0.006639160036443694,0.006086340537917
911,5953,50,-9.0,1,0.018238723365606845,0.018238723365606845
912,5954,50,-3.0,1,0.02456636422293977,0.024491236183508187
913,5955,50,-6.0,1,0.018483502881753277,0.0183585134521233
914,5956,50,-3.0,1,0.015317159941746743,0.015317159941746743
915,5957,50,-10.0,1,0.015216879075794835,0.015216879075794835
916,5958,50,-4.0,1,0.018232474173129655,0.01795045580485078
917,5959,50,-7.0,1,0.0332204536048081,0.0332204536048081
918,5960,50,-5.0,1,0.031007118859394826,0.031007118859394826
919,5961,50,-4.0,1,0.01864843274496347,0.01730043483904247
920,5962,50,-3.0,1,0.01776379020548407,0.01776379020548407
921,5963,50,-15.0,1,0.018042625226305824,0.018042625226305824
922,5964,50,-4.0,1,0.02069489573245746,0.02069489573245746
923,5965,50,0.0,1,0.01695081964868294,0.016950819648682936
924,5966,50,-5.0,1,0.011888019908943172,0.011888019908943172
925,5967,50,-7.0,1,0.010941228748411929,0.010714524065164616
926,5968,50,-9.0,1,0.022128818763393416,0.021808695996881868
927,5969,50,-4.0,1,0.006971086224420729,0.006971086224420729
928,5970,50,-11.0,1,0.0035407882400392957,0.003382564273891463
929,5971,50,-7.0,1,0.020638277072826835,0.020638277072826835
930,5972,50,-3.0,1,0.02494298930306874,0.02468771401391855
931,5973,50,-5.0,1,0.025648057159646513,0.025648057159646513
932,5974,50,-9.0,1,0.020486865227802645,0.020486865227802645
933,5975,50,0.0,1,0.013319981116166897,0.013319981116166897
934,5976,50,-3.0,1,0.010119200779829411,0.010119200779829411
935,5977,50,-3.0,1,0.021488420525622727,0.021488420525622727
936,5978,50,-4.0,1,0.025332011899518222,0.02497006116123786
937,5979,50,-7.0,1,0.019665883440977982,0.017513263153775802
938,5980,50,0.0,1,0.018820001597387875,0.018820001597387875
939,5981,50,-5.0,1,0.01310310223843103,0.01310310223843103
940,5982,50,0.0,1,0.023404649072000683,0.02262868781787084
941,5983,50,-6.0,1,0.018875880476456233,0.018598733134361015
942,5984,50,-3.0,1,0.007531423609789614,0.007531423609789614
943,5985,50,-6.0,1,0.013685227595025122,0.013685227595025122
944,5986,50,-10.0,1,0.02075500289090756,0.020356787602675886
945,5987,50,-7.0,1,0.014059777312183863,0.014059777312183863
946,5988,50,-9.0,1,0.014874186763260478,0.014874186763260478
947,5989,50,-9.0,1,0.017829152152230382,0.015531930485909668
948,5990,50,-6.0,1,0.019346572027471618,0.019346572027471618
949,5991,50,-4.0,1,0.010553740826855963,0.010244177028824753
950,5992,50,-4.0,1,0.03876784233894271,0.038494103101917906
951,5993,50,-5.0,1,0.017024115700583185,0.01695318154786857
952,5994,50,-8.0,1,0.022905381603412298,0.022905381603412298
953,5995,50,-5.0,1,0.01932502671308238,0.01932502671308238
954,5996,50,-7.0,1,0.029466942441031558,0.023370979407366804
955,5997,50,-4.0,1,0.014412604364595964,0.014412604364595964
956,5998,50,-14.0,1,0.025721021914320713,0.025721021914320713
957,5999,50,-4.0,1,0.025874431544640416,0.02574849847815956
958,6000,50,-8.0,1,0.012362238825765447,0.01215868293714337
959,6001,50,-4.0,1,0.026231106274521656,0.026231106274521656
960,6002,50,-4.0,1,0.007020065310943529,0.0068552402547997346
961,6003,50,-6.0,1,0.02198909203078926,0.021858674894351778
962,6004,50,-4.0,1,0.01898802345872493,0.01898802345872493
963,6005,50,-7.0,1,0.02768278492902027,0.018329722586236392
964,6006,50,-8.0,1,0.021539796587648832,0.02118412824970078
965,6007,50,-5.0,1,0.027746845222890434,0.027746845222890434
966,6008,50,-4.0,1,0.020554506447019862,0.020426302340396153
967,6009,50,-4.0,1,0.012791921173351697,0.012791921173351697
968,6010,50,-4.0,1,0.021232405534373448,0.021232405534373448
969,6011,50,-6.0,1,0.020473713497572512,0.0204221577430381
970,6012,50,-4.0,1,0.021833152353701722,0.021833152353701722
971,6013,50,-4.0,1,0.01712633330479134,0.01712633330479134
972,6014,50,-7.0,1,0.02517381333020801,0.024860963172189398
973,6015,50,-5.0,1,0.020777574519355878,0.020777574519355878
974,6016,50,-4.0,1,0.011508179889724733,0.011470401654614711
975,6017,50,-9.0,1,0.02631654129238165,0.02631654129238165
976,6018,50,-8.0,1,0.01883612426013536,0.01870939625417722
977,6019,50,-6.0,1,0.017270647078332955,0.017270647078332955
978,6020,50,-50.0,0,0.05399563475852298,0.053948364179075746
979,6021,50,-4.0,1,0.01662439950232423,0.016243965940276203
980,6022,50,-5.0,1,0.012916160952791512,0.012401042643335271
981,6023,50,-3.0,1,0.02097612327017695,0.020894054152781307
982,6024,50,-4.0,1,0.018508837251749802,0.018109652752960802
983,6025,50,-6.0,1,0.019118256349720475,0.019118256349720475
984,6026,50,-4.0,1,0.013817380213426664,0.013582280005464098
985,6027,50,-10.0,1,0.01845190471706153,0.017744647651353786
986,6028,50,-3.0,1,0.023360926491121498,0.01815954054186949
987,6029,50,-6.0,1,0.01819509540553343,0.01819509540553343
988,6030,50,-4.0,1,0.003698425361532001,0.003405918040162522
989,6031,50,-5.0,1,0.024657677081228496,0.024605478239406262
990,6032,50,-3.0,1,0.006140629836320426,0.006140629836320426
991,6033,50,-5.0,1,0.018435001168525568,0.018209517010556002
992,6034,50,-4.0,1,0.026112216581377818,0.026112216581377818
993,6035,50,-4.0,1,0.014862502799054935,0.014862502799054935
994,6036,50,-8.0,1,0.015384918554334276,0.015384918554334276
995,6037,50,-4.0,1,0.025123692582892355,0.025123692582892355
996,6038,50,-4.0,1,0.018769812903616706,0.018769812903616706
997,6039,50,0.0,1,0.017558121712112837,0.017439796199896117
998,6040,50,-8.0,1,0.018578859674636617,0.018578859674636617
999,6041,50,-4.0,1,0.019129226497797806,0.019129226497797806
1000,6042,50,-7.0,1,0.019210016629615866,0.019210016629615866
1001,6043,50,-4.0,1,0.017228617515452266,0.016986436168107966
1002,6044,50,-12.0,1,0.020031352506755466,0.020031352506755466
1003,6045,50,-4.0,1,0.028847310440826775,0.028847310440826775
1004,6046,50,-4.0,1,0.01807721590258457,0.01807721590258457
1005,6047,50,-4.0,1,0.020446049289936756,0.020080855760000994
1006,6048,50,0.0,1,0.020058962048929086,0.020058962048929086
1007,6049,50,-9.0,1,0.0173116145537048,0.0173116145537048
1008,6050,50,-9.0,1,0.007480074545342478,0.0072718404973843515
1009,6051,50,-3.0,1,0.026440995113874283,0.026334125866020738
1010,6052,50,-5.0,1,0.015112036577219547,0.014104177807788843
1011,6053,50,-6.0,1,0.016110963310629115,0.016110963310629115
1012,6054,50,-6.0,1,0.02690635918028258,0.01996881918997087
1013,6055,50,-4.0,1,0.01743781100699435,0.01743781100699435
1014,6056,50,-8.0,1,0.009122936310287167,0.009122936310287167
1015,6057,50,0.0,1,0.01896521006304144,0.01896521006304144
1016,6058,50,-5.0,1,0.020161846461034666,0.01976108655023309
1017,6059,50,-4.0,1,0.028392154922058828,0.02816391262049862
1018,6060,50,-4.0,1,0.030038570952737452,0.02963551669201177
1019,6061,50,-10.0,1,0.03676685657972966,0.03641390837705247
1020,6062,50,-4.0,1,0.01339271316469495,0.01339271316469495
1021,6063,50,-4.0,1,0.016792634585191934,0.01665622858770893
1022,6064,50,-6.0,1,0.012214454570271068,0.012214454570271068
1023,6065,50,-4.0,1,0.02051920607997913,0.02051920607997913
1024,6066,50,-4.0,1,0.024849213958010218,0.02322924087683942
1025,6067,50,-4.0,1,0.014819844434420946,0.014819844434420946
1026,6068,50,-4.0,1,0.019962003346312342,0.019597220895795023
1027,6069,50,-4.0,1,0.01743447797591472,0.01743447797591472
1028,6070,50,-4.0,1,0.018141441471241887,0.01785431356843408
1029,6071,50,-4.0,1,0.026193163995859758,0.026193163995859758
1030,6072,50,-10.0,1,0.024763979079964887,0.020210087796465506
1031,6073,50,-4.0,1,0.02021162566441661,0.01983699099470964
1032,6074,50,-4.0,1,0.023382214788721198,0.023382214788721198
1033,6075,50,-6.0,1,0.003675352324111006,0.003675352324111006
1034,6076,50,-9.0,1,0.014063125983152685,0.014063125983152685
1035,6077,50,-3.0,1,0.00994356041364087,0.009481413936336728
1036,6078,50,-4.0,1,0.01637130836859457,0.01637130836859457
1037,6079,50,-3.0,1,0.008156202014456491,0.008156202014456491
1038,6080,50,-5.0,1,0.016476286047480464,0.016476286047480464
1039,6081,50,-4.0,1,0.015653478676350266,0.015653478676350266
1040,6082,50,-10.0,1,0.018971796678348814,0.018971796678348814
1041,6083,50,-11.0,1,0.03328720550598115,0.03328720550598115
1042,6084,50,-4.0,1,0.022567158967609992,0.020614653154163977
1043,6085,50,-6.0,1,0.018533611309480065,0.018533611309480065
1044,6086,50,-10.0,1,0.03163527630859668,0.03142705220180352
1045,6087,50,-8.0,1,0.024767581455314512,0.024710823913009293
1046,6088,50,-6.0,1,0.017599522124389907,0.017101157526263466
1047,6089,50,-4.0,1,0.01604317995724136,0.011333499414237953
1048,6090,50,-4.0,1,0.013966352572904963,0.01364310449144287
1049,6091,50,-5.0,1,0.02432721563731363,0.023807876195566572
1050,6092,50,-3.0,1,0.030628306871954347,0.030628306871954347
1051,6093,50,-3.0,1,0.02080846113798796,0.02080846113798796
1052,6094,50,0.0,1,0.02742960623981301,0.023580299365358593
1053,6095,50,-5.0,1,0.014097762135107742,0.013920531778624946
1054,6096,50,-5.0,1,0.03071538292173258,0.017437129751655102
1055,6097,50,-4.0,1,0.01341419903225294,0.013044927215051582
1056,6098,50,-4.0,1,0.007162641354770693,0.007154823087849973
1057,6099,50,-50.0,0,0.06059472105093182,0.06059472105093182
1058,6100,50,-7.0,1,0.04479403737109845,0.044781661145983115
1059,6101,50,-4.0,1,0.02127999969738623,0.02127999969738623
1060,6102,50,-8.0,1,0.007843749510778151,0.007843749510778151
1061,6103,50,-5.0,1,0.012571398694193775,0.012146138183827327
1062,6104,50,-6.0,1,0.017710914511288166,0.017710914511288166
1063,6105,50,-6.0,1,0.011232002371429996,0.011232002371429996
1064,6106,50,-6.0,1,0.005153703559884074,0.004647522189203476
1065,6107,50,-10.0,1,0.019317888410488745,0.018872957316461946
1066,6108,50,-4.0,1,0.005756695388334689,0.005756695388334689
1067,6109,50,-5.0,1,0.01575779651948943,0.01575779651948943
1068,6110,50,-4.0,1,0.02483373705971912,0.02442935986948077
1069,6111,50,-8.0,1,0.020139294900976296,0.020139294900976296
1070,6112,50,-3.0,1,0.01962461464705937,0.019100105545328396
1071,6113,50,-4.0,1,0.02403578513274342,0.023771877596388012
1072,6114,50,-8.0,1,0.020001130170356814,0.0198270778169422
1073,6115,50,-6.0,1,0.022055721021651032,0.022055721021651032
1074,6116,50,-4.0,1,0.018004453453664665,0.018004453453664665
1075,6117,50,-4.0,1,0.020573823070137085,0.020573823070137085
1076,6118,50,-6.0,1,0.015580971323995546,0.015407883378413617
1077,6119,50,-7.0,1,0.006197528152404928,0.006197528152404928
1078,6120,50,-4.0,1,0.004662232378467969,0.004139930884420445
1079,6121,50,-4.0,1,0.018487703464338003,0.017368112549388255
1080,6122,50,-7.0,1,0.004556098673522581,0.004556098673522581
1081,6123,50,-4.0,1,0.02141830072756244,0.021388191237169948
1082,6124,50,-5.0,1,0.0020252004327954687,0.0020252004327954687
1083,6125,50,-5.0,1,0.01627452030176112,0.015932151047881954
1084,6126,50,-4.0,1,0.028371953693931033,0.02248190615712731
1085,6127,50,0.0,1,0.015560229666243907,0.015560229666243907
1086,6128,50,-4.0,1,0.022008370354719878,0.022008370354719878
1087,6129,50,-6.0,1,0.02818490577337438,0.02818490577337438
1088,6130,50,-5.0,1,0.015615658778435751,0.015615658778435751
1089,6131,50,-4.0,1,0.01093201785255522,0.01093201785255522
1090,6132,50,-5.0,1,0.01595607828536301,0.01595607828536301
1091,6133,50,-4.0,1,0.025928202745312864,0.025928202745312864
1092,6134,50,-4.0,1,0.018779226798965085,0.018595961091488842
1093,6135,50,-4.0,1,0.015665119694469477,0.015665119694469477
1094,6136,50,-9.0,1,0.032566087313422316,0.032566087313422316
1095,6137,50,-4.0,1,0.02249896931938562,0.02249896931938562
1096,6138,50,-5.0,1,0.012365738164840606,0.012365738164840606
1097,6139,50,-4.0,1,0.012092382121362147,0.01200526131344783
1098,6140,50,-3.0,1,0.015960486161363086,0.015960486161363086
1099,6141,50,-5.0,1,0.032132494494552716,0.02770174970655957
1100,6142,50,-5.0,1,0.015155247523227338,0.014905937710552097
1101,6143,50,-4.0,1,0.018814803065965672,0.016879873601437136
1102,6144,50,-9.0,1,0.02040956624917368,0.02040956624917368
1103,6145,50,-4.0,1,0.0199632452601111,0.019662967868768665
1104,6146,50,-4.0,1,0.00812642178790737,0.007705269165029025
1105,6147,50,-3.0,1,0.011988545756846113,0.011984111352091398
1106,6148,50,0.0,1,0.013426781645749808,0.01334111847558877
1107,6149,50,-4.0,1,0.020933790595393666,0.02059428056850864
1108,6150,50,-3.0,1,0.010585741958131197,0.006923958918040441
1109,6151,50,0.0,1,0.025447717624101047,0.025392470769709106
1110,6152,50,-13.0,1,0.022705653433306366,0.022705653433306366
1111,6153,50,-4.0,1,0.026063842123752335,0.026063842123752335
1112,6154,50,-7.0,1,0.030589299118535643,0.030589299118535643
1113,6155,50,-8.0,1,0.022243108213054547,0.022243108213054547
1114,6156,50,-5.0,1,0.02570290399669951,0.025077314216086527
1115,6157,50,-4.0,1,0.006342099375874571,0.006342099375874571
1116,6158,50,-3.0,1,0.011462916076811432,0.01123367960758802
1117,6159,50,0.0,1,0.01973704318332523,0.01973704318332523
1118,6160,50,-7.0,1,0.01726938115303005,0.01726938115303005
1119,6161,50,-3.0,1,0.025514162479056295,0.025514162479056295
1120,6162,50,-3.0,1,0.017233090755296134,0.017049892457763605
1121,6163,50,-5.0,1,0.01950711215048268,0.01624439658178625
1122,6164,50,-4.0,1,0.012327376434879836,0.012324502744946368
1123,6165,50,-4.0,1,0.024049083995582775,0.023649559676398306
1124,6166,50,-4.0,1,0.011062252513662307,0.011062252513662307
1125,6167,50,-4.0,1,0.01515722333193926,0.015037072155743849
1126,6168,50,-6.0,1,0.014417524643796687,0.01187718893017839
1127,6169,50,-4.0,1,0.017643887918704824,0.017643887918704824
1128,6170,50,-7.0,1,0.017293440730177925,0.01672831528407697
1129,6171,50,-4.0,1,0.01714336049014111,0.009390684963897519
1130,6172,50,-4.0,1,0.029537771164593992,0.028358977866037156
1131,6173,50,-7.0,1,0.026326855032635394,0.026326855032635394
1132,6174,50,-4.0,1,0.00805252982033751,0.007503622970422015
1133,6175,50,-5.0,1,0.008030378520682935,0.008030378520682935
1134,6176,50,-4.0,1,0.0018435372227047194,0.0017995463124313952
1135,6177,50,0.0,1,0.020959043516796325,0.020959043516796325
1136,6178,50,-11.0,1,0.005280002763163939,0.0048042988567026474
1137,6179,50,0.0,1,0.01594322386487358,0.015943223864873575
1138,6180,50,-5.0,1,0.022996884322256276,0.022996884322256276
1139,6181,50,-3.0,1,0.014852940464748695,0.014852940464748695
1140,6182,50,-4.0,1,0.013857873277039637,0.013857873277039637
1141,6183,50,-9.0,1,0.03556543034433533,0.03556543034433533
1142,6184,50,-4.0,1,0.019934089602742174,0.018429372375638554
1143,6185,50,-8.0,1,0.020433828706689704,0.02033311149045968
1144,6186,50,-4.0,1,0.00501437079444186,0.00501437079444186
1145,6187,50,-6.0,1,0.00847608709295567,0.00807510108659135
1146,6188,50,-4.0,1,0.018600141614930746,0.018443243945586916
1147,6189,50,0.0,1,0.013766960547037277,0.013766960547037275
1148,6190,50,-4.0,1,0.021599029495621692,0.021599029495621692
1149,6191,50,0.0,1,0.027858881565374163,0.027858881565374163
1150,6192,50,-4.0,1,0.01924827818221234,0.019036506109359155
1151,6193,50,-4.0,1,0.010065232698351322,0.010065232698351322
1152,6194,50,-7.0,1,0.030097264808739598,0.021893756025874726
1153,6195,50,-8.0,1,0.0173498181600507,0.012761392809133831
1154,6196,50,0.0,1,0.010703588806900798,0.010703588806900798
1155,6197,50,-3.0,1,0.01749011414628348,0.01749011414628348
1156,6198,50,-4.0,1,0.048289825822007935,0.048289825822007935
1157,6199,50,-5.0,1,0.032464741682812916,0.031831167780692816
1158,6200,50,-5.0,1,0.007517362019632101,0.007405224868644777
1159,6201,50,-4.0,1,0.02519337276954687,0.025045057269779472
1160,6202,50,-6.0,1,0.019662388557155797,0.018213898959901616
1161,6203,50,-4.0,1,0.020326566801656096,0.020095875510275953
1162,6204,50,-4.0,1,0.009445860334050982,0.009445860334050982
1163,6205,50,-4.0,1,0.018138456884576746,0.017874727175842844
1164,6206,50,-4.0,1,0.01227867433436935,0.01227867433436935
1165,6207,50,-7.0,1,0.017897629973241135,0.017897629973241135
1166,6208,50,-3.0,1,0.03281627362168303,0.03271387914993113
1167,6209,50,-4.0,1,0.02020864037431186,0.020197379548641294
1168,6210,50,-5.0,1,0.016566632320247673,0.016566632320247673
1169,6211,50,-4.0,1,0.01178405893011086,0.011555918326949797
1170,6212,50,-6.0,1,0.013730478066935281,0.013730478066935281
1171,6213,50,-5.0,1,0.021873527782791388,0.021873527782791388
1172,6214,50,-3.0,1,0.018217867588278324,0.018217867588278324
1173,6215,50,-4.0,1,0.02322807513921338,0.021419559253700635
1174,6216,50,0.0,1,0.01504140021081404,0.015041400210814038
1175,6217,50,-5.0,1,0.018150440489354443,0.017805243315053683
1176,6218,50,-3.0,1,0.011183122478722395,0.010876575695640794
1177,6219,50,-3.0,1,0.012855256622400245,0.012740950323600701
1178,6220,50,-7.0,1,0.02358649091920928,0.02358649091920928
1179,6221,50,-9.0,1,0.019501130883678486,0.019278095183985596
1180,6222,50,-6.0,1,0.0190386471103643,0.0190386471103643
1181,6223,50,-4.0,1,0.01669079621342855,0.016202550653508955
1182,6224,50,-4.0,1,0.01714384653669806,0.016922555905927433
1183,6225,50,-4.0,1,0.019215976000923955,0.019215976000923955
1184,6226,50,-8.0,1,0.013491284644743551,0.013311087433806783
1185,6227,50,-4.0,1,0.015567558082797882,0.013924294589832862
1186,6228,50,-8.0,1,0.020500162499801865,0.020500162499801865
1187,6229,50,0.0,1,0.027345881527049986,0.023271546821104536
1188,6230,50,-3.0,1,0.02986348128571213,0.02962842563853056
1189,6231,50,-6.0,1,0.004120077270155278,0.004120077270155278
1190,6232,50,-7.0,1,0.02254839044413657,0.022281828178638784
1191,6233,50,-50.0,0,0.06654582892773353,0.06654582892773353
1192,6234,50,-5.0,1,0.015589146381991955,0.01528112855136974
1193,6235,50,0.0,1,0.02457127349354205,0.024161264711001378
1194,6236,50,-3.0,1,0.02361071203062597,0.02361071203062597
1195,6237,50,-5.0,1,0.02453758389554242,0.02453758389554242
1196,6238,50,-3.0,1,0.027141329821010047,0.026832538571833507
1197,6239,50,-5.0,1,0.022872891961250665,0.022872891961250665
1198,6240,50,-4.0,1,0.02810827161433756,0.02785193264887442
1199,6241,50,-7.0,1,0.025841275374432628,0.018466698161200126
1200,6242,50,-6.0,1,0.010817826973700269,0.00627896557210663
1201,6243,50,-4.0,1,0.0029739387716905216,0.0027935414008180203
1202,6244,50,-8.0,1,0.03769899051804543,0.03741761713928037
1203,6245,50,-5.0,1,0.010394160337392858,0.010021102392395167
1204,6246,50,-4.0,1,0.015677085540248898,0.014792755680329976
1205,6247,50,-4.0,1,0.021497119939000574,0.021328606782192606
1206,6248,50,-3.0,1,0.020369558449641684,0.02025768912084076
1207,6249,50,-4.0,1,0.015155117899858753,0.015155117899858753
1208,6250,50,-4.0,1,0.00826833734445734,0.007957464169527792
1209,6251,50,-3.0,1,0.026477734336539115,0.026477734336539115
1210,6252,50,-7.0,1,0.021809220214012128,0.02148154708851661
1211,6253,50,-5.0,1,0.008970588122256542,0.008573866843203895
1212,6254,50,-4.0,1,0.02329346935119321,0.02329346935119321
1213,6255,50,-4.0,1,0.01632510574105275,0.014093109945323194
1214,6256,50,-4.0,1,0.012683614322804721,0.012123206508561945
1215,6257,50,-5.0,1,0.006842098548898958,0.006842098548898958
1216,6258,50,-4.0,1,0.03513218646761744,0.03513218646761744
1217,6259,50,-5.0,1,0.008452930544466136,0.008452930544466136
1218,6260,50,-6.0,1,0.030421700532014206,0.03033125640950422
1219,6261,50,-4.0,1,0.024574853242422486,0.024574853242422486
1220,6262,50,-6.0,1,0.026114560137952738,0.0257933525106656
1221,6263,50,-5.0,1,0.008619912849010357,0.00838400333848579
1222,6264,50,-9.0,1,0.02339891309985819,0.02339891309985819
1223,6265,50,-7.0,1,0.01868598073704525,0.017891979474339504
1224,6266,50,-6.0,1,0.04837801515009824,0.04796326732693543
1225,6267,50,-4.0,1,0.009704369863452036,0.009704369863452036
1226,6268,50,-9.0,1,0.009254828816624193,0.009254828816624193
1227,6269,50,-4.0,1,0.007889792006736628,0.00774793074535705
1228,6270,50,-4.0,1,0.008800739407233861,0.008800739407233861
1229,6271,50,-20.0,1,0.03460533986353293,0.03453332044628706
1230,6272,50,-8.0,1,0.01752416903968763,0.017506685393807238
1231,6273,50,0.0,1,0.021792384028838496,0.02147161592850438
1232,6274,50,-5.0,1,0.01982940989646782,0.017653932390230047
1233,6275,50,-7.0,1,0.014211749288219095,0.013602652769562979
1234,6276,50,-13.0,1,0.031644444697057864,0.031644444697057864
1235,6277,50,-4.0,1,0.027484964075886204,0.02715407317092508
1236,6278,50,-7.0,1,0.015298911836463336,0.015298911836463336
1237,6279,50,0.0,1,0.020261016375703263,0.019686066342406192
1238,6280,50,-6.0,1,0.019154523556200072,0.018957653135038773
1239,6281,50,-8.0,1,0.013622061998288972,0.012486585867779535
1240,6282,50,-3.0,1,0.02199168369177498,0.021986561975239117
1241,6283,50,-4.0,1,0.016251968823293935,0.016251968823293935
1242,6284,50,-6.0,1,0.025926902320521174,0.025817202428018046
1243,6285,50,-12.0,1,0.007679476273574042,0.007679476273574042
1244,6286,50,-4.0,1,0.014852427677155725,0.014852427677155725
1245,6287,50,-8.0,1,0.014083361177731242,0.014083361177731242
1246,6288,50,-3.0,1,0.028027928434147014,0.02179891302010348
1247,6289,50,-8.0,1,0.016696741231998467,0.016696741231998467
1248,6290,50,-4.0,1,0.018188751468021493,0.01815144804577686
1249,6291,50,-4.0,1,0.005310107195078107,0.005262589938478607
1250,6292,50,-4.0,1,0.016431233990880794,0.016431233990880794
1251,6293,50,-7.0,1,0.007350938298594152,0.007350938298594152
1252,6294,50,-4.0,1,0.006548251075643331,0.006028666239256086
1253,6295,50,-7.0,1,0.01596683696585347,0.01596683696585347
1254,6296,50,0.0,1,0.01148318392997639,0.011362521019301621
1255,6297,50,-4.0,1,0.00749736296026566,0.00697644468922817
1256,6298,50,-8.0,1,0.022955108171837445,0.022955108171837445
1257,6299,50,-4.0,1,0.01862472055329732,0.01862472055329732
1258,6300,50,-7.0,1,0.02157173933702205,0.02157173933702205
1259,6301,50,-13.0,1,0.009135387030151433,0.00895337156817604
1260,6302,50,-4.0,1,0.021831870414850612,0.021831870414850612
1261,6303,50,-4.0,1,0.019959292556836,0.017856633043355094
1262,6304,50,-6.0,1,0.017843367348537028,0.014957363493050206
1263,6305,50,-8.0,1,0.020517492971541602,0.020517492971541602
1264,6306,50,-8.0,1,0.0211841489631246,0.0211841489631246
1265,6307,50,-8.0,1,0.022406174010264984,0.022406174010264984
1266,6308,50,-6.0,1,0.015757298738191417,0.015757298738191417
1267,6309,50,-4.0,1,0.011509805908572996,0.011509805908572996
1268,6310,50,-10.0,1,0.014436572632152188,0.014436572632152188
1269,6311,50,-3.0,1,0.009925478240891066,0.009925478240891066
1270,6312,50,-4.0,1,0.0246628570663972,0.02326908628729064
1271,6313,50,-4.0,1,0.012271571249831107,0.012271571249831107
1272,6314,50,-4.0,1,0.0214252670053963,0.021171286722547675
1273,6315,50,-8.0,1,0.021129976699379955,0.018307070969120324
1274,6316,50,-5.0,1,0.01940336982880197,0.017734185909573964
1275,6317,50,-4.0,1,0.026578829336346286,0.026144097435858056
1276,6318,50,-5.0,1,0.02164406905486802,0.02164406905486802
1277,6319,50,-5.0,1,0.0035575522327349536,0.003276935057905994
1278,6320,50,-4.0,1,0.021082725945289097,0.02068823643487731
1279,6321,50,-7.0,1,0.0211804586250694,0.0211804586250694
1280,6322,50,-5.0,1,0.017271611560639943,0.017271611560639943
1281,6323,50,-4.0,1,0.016280355399765325,0.015472765382696175
1282,6324,50,-3.0,1,0.020333904710928895,0.019937825000649733
1283,6325,50,-6.0,1,0.031637996949163284,0.03133217695999968
1284,6326,50,-7.0,1,0.01971801852899363,0.015372402910388933
1285,6327,50,-4.0,1,0.021241007800780712,0.021241007800780712
1286,6328,50,-7.0,1,0.020986131275640647,0.020986131275640647
1287,6329,50,-3.0,1,0.009848985097622762,0.009707133673832672
1288,6330,50,-6.0,1,0.020014824638637338,0.020014824638637338
1289,6331,50,-4.0,1,0.0019772951529996165,0.0019772951529996165
1290,6332,50,-7.0,1,0.017824149591179495,0.01779986393772607
1291,6333,50,-3.0,1,0.024907109012865275,0.024417323346234112
1292,6334,50,-8.0,1,0.029315588026770877,0.029080551485780343
1293,6335,50,-3.0,1,0.019938371027308822,0.019938371027308822
1294,6336,50,-4.0,1,0.024252985612111252,0.024242710695716978
1295,6337,50,-12.0,1,0.02259878651218097,0.02259878651218097
1296,6338,50,-5.0,1,0.03150244761029456,0.03150244761029456
1297,6339,50,-4.0,1,0.027718780719641595,0.027718780719641595
1298,6340,50,-4.0,1,0.020285406228429996,0.01984658952390071
1299,6341,50,-8.0,1,0.008138451092745512,0.005768531851591587
1300,6342,50,-9.0,1,0.026229410015597424,0.026229410015597424
1301,6343,50,-5.0,1,0.016562463048641264,0.016562463048641264
1302,6344,50,-4.0,1,0.018151578525789504,0.016190197000179096
1303,6345,50,0.0,1,0.019933536401308176,0.019933536401308176
1304,6346,50,0.0,1,0.021134542191438503,0.021132904320748665
1305,6347,50,-10.0,1,0.01694049095567415,0.01642922474140215
1306,6348,50,-13.0,1,0.008533340330340705,0.008533340330340705
1307,6349,50,-6.0,1,0.01487251083772188,0.014684043456556405
1308,6350,50,-5.0,1,0.0198336079749576,0.019755511171092255
1309,6351,50,-4.0,1,0.014021507273184457,0.013599020284814464
1310,6352,50,-9.0,1,0.019794834656538682,0.019794834656538682
1311,6353,50,-8.0,1,0.020693049571960092,0.020693049571960092
1312,6354,50,-7.0,1,0.01809022786625973,0.01788576081662233
1313,6355,50,-4.0,1,0.01906706001145176,0.01906706001145176
1314,6356,50,-4.0,1,0.016505919277219956,0.016505919277219956
1315,6357,50,-5.0,1,0.023834920314513598,0.019437367398561906
1316,6358,50,-7.0,1,0.01815627134456222,0.01815627134456222
1317,6359,50,-4.0,1,0.023752886881106102,0.023752886881106102
1318,6360,50,-7.0,1,0.020262964296755618,0.020262964296755618
1319,6361,50,-9.0,1,0.020475661179357566,0.020475661179357566
1320,6362,50,-5.0,1,0.019846130698148595,0.019846130698148595
1321,6363,50,-9.0,1,0.01925699804973852,0.01925699804973852
1322,6364,50,-5.0,1,0.009993973643678775,0.00981440531388825
1323,6365,50,-4.0,1,0.02304797768117437,0.02304797768117437
1324,6366,50,-4.0,1,0.013929675893716636,0.013913471917763683
1325,6367,50,-3.0,1,0.025622822174254666,0.025622822174254666
1326,6368,50,-5.0,1,0.009264009485981821,0.009264009485981821
1327,6369,50,-4.0,1,0.006879455741488907,0.006879455741488907
1328,6370,50,-4.0,1,0.02140307592314226,0.020883022210739878
1329,6371,50,-4.0,1,0.025224396496165397,0.024865271005762045
1330,6372,50,-4.0,1,0.025775425760301014,0.02519866632114256
1331,6373,50,-7.0,1,0.02332233971650573,0.022686273132624193
1332,6374,50,0.0,1,0.011145233120397518,0.011145233120397518
1333,6375,50,-4.0,1,0.018677978030345738,0.017321802243507326
1334,6376,50,-6.0,1,0.007833117499227438,0.007367635874566265
1335,6377,50,-4.0,1,0.02955763772555492,0.02955763772555492
1336,6378,50,-4.0,1,0.014175479399806267,0.013871395247085904
1337,6379,50,-6.0,1,0.02135955260787692,0.019996639233158104
1338,6380,50,-4.0,1,0.021660627543004983,0.02155028633336408
1339,6381,50,-3.0,1,0.017109452643957725,0.016641981521495163
1340,6382,50,-4.0,1,0.017522355276121823,0.017522355276121823
1341,6383,50,-5.0,1,0.017037680391806326,0.017037680391806326
1342,6384,50,-6.0,1,0.015905556857297314,0.015905556857297314
1343,6385,50,-6.0,1,0.01991999382035159,0.01986463052825854
1344,6386,50,-8.0,1,0.01491009344640879,0.01491009344640879
1345,6387,50,-3.0,1,0.020073494319265684,0.01880464527703668
1346,6388,50,-4.0,1,0.020434833440477713,0.02024125460557814
1347,6389,50,-11.0,1,0.03120935479644104,0.026250871410102808
1348,6390,50,-4.0,1,0.012711648247449431,0.008973650743080175
1349,6391,50,-4.0,1,0.02016792872478563,0.019988533207660822
1350,6392,50,-12.0,1,0.02833005676218968,0.02833005676218968
1351,6393,50,-6.0,1,0.026682777158197182,0.02660131141856613
1352,6394,50,-4.0,1,0.014758418995794373,0.014758418995794373
1353,6395,50,-4.0,1,0.026976809479092177,0.026976809479092177
1354,6396,50,-3.0,1,0.024711295689771765,0.024711295689771765
1355,6397,50,-4.0,1,0.01941335314034445,0.01941335314034445
1356,6398,50,-5.0,1,0.013153568830971235,0.012762594035086009
1357,6399,50,-6.0,1,0.009593180177485464,0.009593180177485464
1358,6400,50,-7.0,1,0.024362659191129215,0.024362659191129215
1359,6401,50,-14.0,1,0.006256984265648335,0.0061826750042001935
1360,6402,50,0.0,1,0.02423097474691833,0.024230974746918328
1361,6403,50,-5.0,1,0.0234165599519889,0.0234165599519889
1362,6404,50,-5.0,1,0.009957649156885183,0.009957649156885183
1363,6405,50,-4.0,1,0.013355821210865928,0.013292588872406442
1364,6406,50,-12.0,1,0.018025472165368605,0.01772157509264245
1365,6407,50,-4.0,1,0.024499800379019995,0.024499800379019995
1366,6408,50,-6.0,1,0.029450835124819892,0.029450835124819892
1367,6409,50,-5.0,1,0.016910302289741257,0.016910302289741257
1368,6410,50,-4.0,1,0.02796007961481203,0.02796007961481203
1369,6411,50,-4.0,1,0.004271852712284681,0.004271852712284681
1370,6412,50,-5.0,1,0.009905335327393064,0.009905335327393064
1371,6413,50,-4.0,1,0.021049494796880838,0.015448110153533477
1372,6414,50,-5.0,1,0.013235054687256305,0.013053952046538867
1373,6415,50,-4.0,1,0.005934024842165211,0.005934024842165211
1374,6416,50,-9.0,1,0.017271959209941387,0.016040923538715095
1375,6417,50,-3.0,1,0.009912890158552581,0.006571076847218265
1376,6418,50,0.0,1,0.016371085273594734,0.015723600930880766
1377,6419,50,-10.0,1,0.01997832755527975,0.01997832755527975
1378,6420,50,-10.0,1,0.02417620290956907,0.01803611019266561
1379,6421,50,-4.0,1,0.012305231997975714,0.012226814107259789
1380,6422,50,-4.0,1,0.02781673114612707,0.02781673114612707
1381,6423,50,-4.0,1,0.017451896390011535,0.017451896390011535
1382,6424,50,-4.0,1,0.0029448981588013428,0.002725787002868909
1383,6425,50,-4.0,1,0.009576923137705796,0.009576923137705796
1384,6426,50,-5.0,1,0.01955173412129537,0.01955173412129537
1385,6427,50,-3.0,1,0.027762576360121666,0.027762576360121666
1386,6428,50,-4.0,1,0.021746291884913786,0.021489584302100004
1387,6429,50,-4.0,1,0.021105996528350834,0.021105996528350834
1388,6430,50,-5.0,1,0.020867804106023888,0.02068073990252268
1389,6431,50,-4.0,1,0.020571356508202812,0.020214765681271
1390,6432,50,-4.0,1,0.013360714984537694,0.013161871581168327
1391,6433,50,-4.0,1,0.015823724006446747,0.015823724006446747
1392,6434,50,-4.0,1,0.024694477340395274,0.024433958504214252
1393,6435,50,-4.0,1,0.014929155934299337,0.01477711481871355
1394,6436,50,-4.0,1,0.017016455781119197,0.01677147218060889
1395,6437,50,-6.0,1,0.019197061882676926,0.018339304442923008
1396,6438,50,-4.0,1,0.01843679575040641,0.01843679575040641
1397,6439,50,-4.0,1,0.016884761338954706,0.016884761338954706
1398,6440,50,-6.0,1,0.01056164015545251,0.01056164015545251
1399,6441,50,-4.0,1,0.033262371206959296,0.03301468087329852
1400,6442,50,-5.0,1,0.015298825550049295,0.014898566054774038
1401,6443,50,0.0,1,0.020560411168926648,0.020418203922932775
1402,6444,50,-15.0,1,0.02442308602692752,0.02442308602692752
1403,6445,50,-4.0,1,0.0316503158475891,0.031408171875412276
1404,6446,50,-3.0,1,0.006188824011839707,0.006188729005942857
1405,6447,50,-4.0,1,0.008061266620187897,0.008061266620187897
1406,6448,50,-5.0,1,0.017582483429499064,0.017582483429499064
1407,6449,50,0.0,1,0.011282087955221155,0.011282087955221155
1408,6450,50,-8.0,1,0.015899696959249122,0.01476159937076916
1409,6451,50,-4.0,1,0.0374080186882672,0.0374080186882672
1410,6452,50,-8.0,1,0.022396275095467537,0.022396275095467537
1411,6453,50,-7.0,1,0.009920918313378905,0.009920918313378905
1412,6454,50,-7.0,1,0.008420533485842827,0.00817761911797533
1413,6455,50,-13.0,1,0.019371057280194268,0.019371057280194268
1414,6456,50,0.0,1,0.014136054189794765,0.013286181919766885
1415,6457,50,-6.0,1,0.009270840129688358,0.009270840129688358
1416,6458,50,-6.0,1,0.008166475222504908,0.008166475222504908
1417,6459,50,-4.0,1,0.019766760160687655,0.019766760160687655
1418,6460,50,-3.0,1,0.005845463384907167,0.005468225613703718
1419,6461,50,-4.0,1,0.021163991223432353,0.021163991223432353
1420,6462,50,-5.0,1,0.02674764547198743,0.02674764547198743
1421,6463,50,-6.0,1,0.026191260388488798,0.026091807142909568
1422,6464,50,-4.0,1,0.023188564993278028,0.022812784749427245
1423,6465,50,-4.0,1,0.021779840735153825,0.017608488959292533
1424,6466,50,-6.0,1,0.023069534701375623,0.022641661358279032
1425,6467,50,-3.0,1,0.01323274703541247,0.011675704288250424
1426,6468,50,-4.0,1,0.04204887622648732,0.04204887622648732
1427,6469,50,-9.0,1,0.00502315182095249,0.00502315182095249
1428,6470,50,-4.0,1,0.018374240540003327,0.018374240540003327
1429,6471,50,-4.0,1,0.026477930150011753,0.02608241037445587
1430,6472,50,-19.0,1,0.010132564811831484,0.010132564811831484
1431,6473,50,-8.0,1,0.045131279265827086,0.044832847460116135
1432,6474,50,-5.0,1,0.0366116575522022,0.03651517808849697
1433,6475,50,-6.0,1,0.02374517114567868,0.02374517114567868
1434,6476,50,0.0,1,0.025383500468436706,0.021116944106680392
1435,6477,50,0.0,1,0.020301738064582707,0.020294254114568703
1436,6478,50,-4.0,1,0.01177377992619755,0.011773321710404806
1437,6479,50,-9.0,1,0.03184981953090891,0.03173869322719485
1438,6480,50,-3.0,1,0.016483424602788288,0.016394954184299374
1439,6481,50,-5.0,1,0.006767564876997666,0.006537212441555239
1440,6482,50,-4.0,1,0.016732014406359283,0.01654127074783708
1441,6483,50,-8.0,1,0.015422313677345841,0.014728882275536433
1442,6484,50,-9.0,1,0.016299950302123226,0.015182956107603446
1443,6485,50,0.0,1,0.024854819072393966,0.022096335735863986
1444,6486,50,-7.0,1,0.0191399176428973,0.01608324847164219
1445,6487,50,-4.0,1,0.027205305581543243,0.027205305581543243
1446,6488,50,-50.0,0,0.051468559549270904,0.051468559549270904
1447,6489,50,-6.0,1,0.022985106680843376,0.022985106680843376
1448,6490,50,-6.0,1,0.024316746659626853,0.024316746659626853
1449,6491,50,-5.0,1,0.026816951215154285,0.026816951215154285
1450,6492,50,0.0,1,0.017254460666695812,0.016496939310172813
1451,6493,50,-5.0,1,0.00970108143569768,0.00970108143569768
1452,6494,50,-9.0,1,0.028411914988402058,0.028411914988402058
1453,6495,50,-6.0,1,0.010849553699282446,0.010747833627524253
1454,6496,50,-4.0,1,0.0210573525665559,0.020075594720935352
1455,6497,50,-6.0,1,0.012906773720348886,0.012553716626017947
1456,6498,50,-4.0,1,0.015823128341979832,0.015823128341979832
1457,6499,50,-4.0,1,0.020608358901555456,0.020608358901555456
1458,6500,50,-4.0,1,0.02570907710995126,0.02570907710995126
1459,6501,50,-4.0,1,0.015991247062635664,0.014966300061295104
1460,6502,50,-4.0,1,0.023538320233760363,0.023538320233760363
1461,6503,50,0.0,1,0.021101729871424453,0.020881771747814377
1462,6504,50,-50.0,0,0.0594725990152476,0.05938704510747039
1463,6505,50,-4.0,1,0.015962226233051564,0.015744103647450627
1464,6506,50,-4.0,1,0.028787083533504246,0.028309011737031792
1465,6507,50,-5.0,1,0.014632289651998694,0.012324932212213244
1466,6508,50,-4.0,1,0.011083079812074839,0.011083079812074839
1467,6509,50,-4.0,1,0.009764634875884396,0.009764634875884396
1468,6510,50,-4.0,1,0.024317227836547668,0.023542824885460084
1469,6511,50,-5.0,1,0.02271563569273133,0.02271563569273133
1470,6512,50,0.0,1,0.022424449137226257,0.02208290473513612
1471,6513,50,-7.0,1,0.01851228263165113,0.01804304878914987
1472,6514,50,-6.0,1,0.006976323519223818,0.006976323519223818
1473,6515,50,0.0,1,0.019012569684256075,0.01896291510033208
1474,6516,50,-6.0,1,0.019829343038943154,0.017316684693102224
1475,6517,50,-4.0,1,0.022838281809602474,0.01792144746239985
1476,6518,50,-5.0,1,0.01708968154930995,0.01708968154930995
1477,6519,50,-4.0,1,0.01032366502840625,0.01028338915165872
1478,6520,50,0.0,1,0.019183387485426768,0.019183387485426768
1479,6521,50,-3.0,1,0.014881874356669286,0.014881874356669286
1480,6522,50,-8.0,1,0.005696946459729475,0.0056191163012113314
1481,6523,50,-4.0,1,0.015894312168193998,0.015894312168193998
1482,6524,50,-4.0,1,0.004933822416994185,0.004717492897823749
1483,6525,50,-5.0,1,0.0254593389936608,0.0254593389936608
1484,6526,50,-8.0,1,0.01763453717830986,0.017606080798933606
1485,6527,50,-3.0,1,0.011190312903337631,0.010762979136887058
1486,6528,50,-7.0,1,0.008022740881436612,0.007958881047528845
1487,6529,50,-8.0,1,0.01728536982719735,0.01728536982719735
1488,6530,50,-5.0,1,0.024507798613505643,0.024507798613505643
1489,6531,50,-8.0,1,0.021072203871144515,0.020808896061670898
1490,6532,50,-3.0,1,0.025802518859869478,0.025802518859869478
1491,6533,50,-6.0,1,0.029373684427235952,0.029373684427235952
1492,6534,50,-4.0,1,0.020118814286437,0.020118814286437
1493,6535,50,-4.0,1,0.020254526260421322,0.020254526260421322
1494,6536,50,-8.0,1,0.00839335427392341,0.00839335427392341
1495,6537,50,-3.0,1,0.010367064126383666,0.007084374939958705
1496,6538,50,0.0,1,0.006133065353229803,0.006133065353229796
1497,6539,50,-4.0,1,0.0031987605850849086,0.0031987605850849086
1498,6540,50,0.0,1,0.027469393269291598,0.027106269927085383
1499,6541,50,-4.0,1,0.014374280961017206,0.014374280961017206
1500,6542,50,-4.0,1,0.02955083173691289,0.029240701455302495
1501,6543,50,-13.0,1,0.02422411950019392,0.02422411950019392
1502,6544,50,-4.0,1,0.014604130508669192,0.013904847255595392
1503,6545,50,-10.0,1,0.02203039108674585,0.02203039108674585
1504,6546,50,-5.0,1,0.021399291628185917,0.021071211276149054
1505,6547,50,-6.0,1,0.016018113653990133,0.011111838733205072
1506,6548,50,-6.0,1,0.016126596125727023,0.016070329764019845
1507,6549,50,-4.0,1,0.03814442008420752,0.038134550206098745
1508,6550,50,-5.0,1,0.005708149353650638,0.005708149353650638
1509,6551,50,-4.0,1,0.005024606026090221,0.0047058633145021745
1510,6552,50,-4.0,1,0.020605503002921362,0.020605503002921362
1511,6553,50,-3.0,1,0.014494600794220798,0.014424001616861611
1512,6554,50,-4.0,1,0.00934793630801037,0.00934793630801037
1513,6555,50,-7.0,1,0.011474844718752257,0.011474844718752257
1514,6556,50,-6.0,1,0.017081745233586326,0.01667528283781406
1515,6557,50,-3.0,1,0.020912064602034843,0.020783094469956732
1516,6558,50,-8.0,1,0.022933364176245218,0.022876076179205552
1517,6559,50,-4.0,1,0.01385884050932324,0.01385884050932324
1518,6560,50,-4.0,1,0.027646346441690974,0.027646346441690974
1519,6561,50,-9.0,1,0.02435028067568603,0.024199177045903266
1520,6562,50,-4.0,1,0.012916179528907399,0.012916179528907399
1521,6563,50,-7.0,1,0.023704905287666236,0.022875015867263173
1522,6564,50,-3.0,1,0.015792760648863504,0.015792760648863504
1523,6565,50,-4.0,1,0.012488454780981088,0.012488454780981088
1524,6566,50,-5.0,1,0.010871506634320311,0.010825287833912928
1525,6567,50,-4.0,1,0.01649561552424048,0.013419961511348728
1526,6568,50,-5.0,1,0.020196476811407307,0.018356591710499
1527,6569,50,-5.0,1,0.016514197014634326,0.016514197014634326
1528,6570,50,-4.0,1,0.01818786555870128,0.01799906455933655
1529,6571,50,-3.0,1,0.013687013497926169,0.010004597199093706
1530,6572,50,-4.0,1,0.01566029776192522,0.014605746778326562
1531,6573,50,-4.0,1,0.021154393174531293,0.01633206735251018
1532,6574,50,-3.0,1,0.02334797334680254,0.02157957806411124
1533,6575,50,-6.0,1,0.03901186596318345,0.03901186596318345
1534,6576,50,-8.0,1,0.017682015149550163,0.017682015149550163
1535,6577,50,0.0,1,0.031130392168182797,0.031130392168182797
1536,6578,50,-4.0,1,0.017950888091002766,0.0175839291896838
1537,6579,50,-4.0,1,0.019769796404876683,0.019769796404876683
1538,6580,50,-4.0,1,0.023149139615878913,0.023149139615878913
1539,6581,50,-4.0,1,0.021524039400733278,0.021298171896069612
1540,6582,50,0.0,1,0.01760614530800276,0.01760614530800276
1541,6583,50,-4.0,1,0.008690994862565889,0.008690994862565889
1542,6584,50,-4.0,1,0.014677409419121277,0.014677409419121277
1543,6585,50,-4.0,1,0.018757357742768436,0.018757357742768436
1544,6586,50,-11.0,1,0.024409239134065126,0.019932185585630386
1545,6587,50,-5.0,1,0.024502591307508422,0.024502591307508422
1546,6588,50,-5.0,1,0.007292283049673329,0.006866425913129327
1547,6589,50,-7.0,1,0.012461198611659037,0.012461198611659037
1548,6590,50,-3.0,1,0.0069438690608727704,0.0069438690608727704
1549,6591,50,-8.0,1,0.02645739614451969,0.020090384794714863
1550,6592,50,-4.0,1,0.016481359090864654,0.016481359090864654
1551,6593,50,-4.0,1,0.02053108065435673,0.014570932915916785
1552,6594,50,-3.0,1,0.020573334274428298,0.018249202317036063
1553,6595,50,-3.0,1,0.025033296726451222,0.022862609892667942
1554,6596,50,-7.0,1,0.013441801852607353,0.010286108049569453
1555,6597,50,-6.0,1,0.015564232576130292,0.015564232576130292
1556,6598,50,-5.0,1,0.008837683185571817,0.008837683185571817
1557,6599,50,-4.0,1,0.019406390195299668,0.019157897102865074
1558,6600,50,-7.0,1,0.017901408036445656,0.017901408036445656
1559,6601,50,-7.0,1,0.005073039630842053,0.004590204963237368
1560,6602,50,-6.0,1,0.013516137862755963,0.013516137862755963
1561,6603,50,-4.0,1,0.018297690824936427,0.010590097848053186
1562,6604,50,0.0,1,0.014163553395711638,0.014163553395711636
1563,6605,50,-4.0,1,0.024542301551697017,0.0243107147979325
1564,6606,50,-4.0,1,0.010889286564293348,0.010889286564293348
1565,6607,50,-4.0,1,0.02566215437450656,0.02530373487398363
1566,6608,50,-6.0,1,0.01878659880528179,0.01874212986836004
1567,6609,50,-3.0,1,0.023827430837388346,0.023827430837388346
1568,6610,50,-5.0,1,0.018695928409338817,0.018695928409338817
1569,6611,50,-4.0,1,0.02740129304950573,0.02740129304950573
1570,6612,50,-3.0,1,0.009460114275757039,0.009264753925131795
1571,6613,50,-4.0,1,0.032318922485333794,0.03214024215191759
1572,6614,50,-4.0,1,0.01380463537335831,0.013259637238753836
1573,6615,50,0.0,1,0.016648913844416587,0.016648913844416583
1574,6616,50,-4.0,1,0.028756932608493532,0.028756932608493532
1575,6617,50,-4.0,1,0.016003713680643156,0.016003713680643156
1576,6618,50,-4.0,1,0.023820215869903315,0.023820215869903315
1577,6619,50,-3.0,1,0.014448659323987773,0.014448659323987773
1578,6620,50,-50.0,0,0.08273255115326104,0.08123974924004301
1579,6621,50,-5.0,1,0.02378447654250239,0.022726262981464677
1580,6622,50,-4.0,1,0.025508018218992737,0.025088650266291895
1581,6623,50,-9.0,1,0.024623008058507777,0.02018792592395634
1582,6624,50,-14.0,1,0.018608744621370025,0.017310300082437842
1583,6625,50,-13.0,1,0.017309965702244075,0.017309965702244075
1584,6626,50,-8.0,1,0.02636855129495004,0.02636855129495004
1585,6627,50,-13.0,1,0.020713013907535837,0.02067488299541411
1586,6628,50,-4.0,1,0.02908043873166149,0.024529893308540395
1587,6629,50,-5.0,1,0.003303032439490469,0.003303032439490469
1588,6630,50,-3.0,1,0.02785430445084462,0.023910973396830296
1589,6631,50,-5.0,1,0.01868757453376181,0.01845268868870206
1590,6632,50,-4.0,1,0.026472327811394112,0.026472327811394112
1591,6633,50,-5.0,1,0.024407051861262408,0.018269338917100687
1592,6634,50,-3.0,1,0.02670111943242201,0.02670111943242201
1593,6635,50,-6.0,1,0.014349855540525026,0.014349855540525026
1594,6636,50,-5.0,1,0.003470270755059628,0.003470270755059628
1595,6637,50,-5.0,1,0.023834144694748677,0.023834144694748677
1596,6638,50,-14.0,1,0.002679826298457957,0.002679826298457957
1597,6639,50,-4.0,1,0.013336644830744697,0.011881556681106749
1598,6640,50,-10.0,1,0.014301249990956806,0.014301249990956806
1599,6641,50,0.0,1,0.02415918661325507,0.02406760920982564
1600,6642,50,-3.0,1,0.019380279733490085,0.019380279733490085
1601,6643,50,-12.0,1,0.023970730933874043,0.023970730933874043
1602,6644,50,-4.0,1,0.02539483507010019,0.02539483507010019
1603,6645,50,-5.0,1,0.019828554177737427,0.019828554177737427
1604,6646,50,-4.0,1,0.009151924577980275,0.009151924577980275
1605,6647,50,0.0,1,0.02090187823795705,0.02090187823795705
1606,6648,50,-4.0,1,0.018525525003588852,0.018525525003588852
1607,6649,50,-4.0,1,0.008141412969111328,0.007990121176348806
1608,6650,50,-4.0,1,0.020938867188683485,0.02086187654467722
1609,6651,50,-5.0,1,0.0075315045940393885,0.007169582363675984
1610,6652,50,-4.0,1,0.02518976311685506,0.02518976311685506
1611,6653,50,-10.0,1,0.01377098843467662,0.01377098843467662
1612,6654,50,-8.0,1,0.013003201469140285,0.013000767316922212
1613,6655,50,-7.0,1,0.01946681272478581,0.018687447650002246
1614,6656,50,-9.0,1,0.01902046828261136,0.017598269584382473
1615,6657,50,-3.0,1,0.02194146500961821,0.017330159407395834
1616,6658,50,-9.0,1,0.021126046653906407,0.021074855998679795
1617,6659,50,-4.0,1,0.01552562605545983,0.007837767520626718
1618,6660,50,-7.0,1,0.008606324894771925,0.008606324894771925
1619,6661,50,-4.0,1,0.021876939328477573,0.021876939328477573
1620,6662,50,-6.0,1,0.011530997671395675,0.011460153909200391
1621,6663,50,-4.0,1,0.012902958636237156,0.012667891100351285
1622,6664,50,-3.0,1,0.015997171385850165,0.015997171385850165
1623,6665,50,-5.0,1,0.017931358653241244,0.017931358653241244
1624,6666,50,-9.0,1,0.029859079514453817,0.02983019791966905
1625,6667,50,-4.0,1,0.028763618841865457,0.028763618841865457
1626,6668,50,-11.0,1,0.013695277441601384,0.013695277441601384
1627,6669,50,-4.0,1,0.01879944470487274,0.01879944470487274
1628,6670,50,-4.0,1,0.01704943471352367,0.01704943471352367
1629,6671,50,-4.0,1,0.024689519790485278,0.024514724902235586
1630,6672,50,-9.0,1,0.020030742580122857,0.019542951839129182
1631,6673,50,-4.0,1,0.016495468138324674,0.016495468138324674
1632,6674,50,-4.0,1,0.027175084297581947,0.025929446509639475
1633,6675,50,-5.0,1,0.01937572770059284,0.01937572770059284
1634,6676,50,-3.0,1,0.015134982568008458,0.015134982568008458
1635,6677,50,-9.0,1,0.019527697868153858,0.019527697868153858
1636,6678,50,-5.0,1,0.030481222111471317,0.030481222111471317
1637,6679,50,-4.0,1,0.022387468042947015,0.022387468042947015
1638,6680,50,-6.0,1,0.0211603407155205,0.0211603407155205
1639,6681,50,-4.0,1,0.01849201706373243,0.017930185589481656
1640,6682,50,-4.0,1,0.015642773215812564,0.015205354200281629
1641,6683,50,-31.0,1,0.036242528707489806,0.03612404285786252
1642,6684,50,-4.0,1,0.03064907822645108,0.030551337596066385
1643,6685,50,-4.0,1,0.01464157617432888,0.01464157617432888
1644,6686,50,-4.0,1,0.02282324673510991,0.02282324673510991
1645,6687,50,-4.0,1,0.016993594172884728,0.016993594172884728
1646,6688,50,-4.0,1,0.028531125054814994,0.028531125054814994
1647,6689,50,-7.0,1,0.012450805446893724,0.012450805446893724
1648,6690,50,-7.0,1,0.014761338245549723,0.014761338245549723
1649,6691,50,-5.0,1,0.024832159353983006,0.024416369556282073
1650,6692,50,-4.0,1,0.012437628831088931,0.012437628831088931
1651,6693,50,-4.0,1,0.0221471281959623,0.0221471281959623
1652,6694,50,0.0,1,0.010217912745471494,0.010217912745471494
1653,6695,50,-10.0,1,0.02226158775405598,0.021256707239991755
1654,6696,50,-5.0,1,0.002152694761922716,0.002152694761922716
1655,6697,50,-6.0,1,0.013293930705230994,0.013209553885935532
1656,6698,50,-6.0,1,0.016409301914120693,0.016053117835284635
1657,6699,50,-4.0,1,0.0180508621881762,0.0180508621881762
1658,6700,50,-4.0,1,0.020419600119528526,0.020419600119528526
1659,6701,50,-4.0,1,0.0290061624974647,0.0290061624974647
1660,6702,50,-4.0,1,0.004458121868067424,0.004414362190501481
1661,6703,50,-10.0,1,0.01379151681646337,0.01379151681646337
1662,6704,50,0.0,1,0.014422495563464552,0.01342296357074992
1663,6705,50,-4.0,1,0.025407784477200508,0.025407784477200508
1664,6706,50,-5.0,1,0.025932147326251858,0.02487813828987395
1665,6707,50,-3.0,1,0.030621382850994503,0.030621382850994503
1666,6708,50,-4.0,1,0.033498025320442465,0.033498025320442465
1667,6709,50,-3.0,1,0.012722340796314657,0.012722340796314657
1668,6710,50,-3.0,1,0.025139997784387264,0.02507023710050956
1669,6711,50,-5.0,1,0.02740091322876535,0.027366790824440136
1670,6712,50,-8.0,1,0.011791574687871932,0.011791574687871932
1671,6713,50,-5.0,1,0.020208806128959474,0.019936138939098146
1672,6714,50,-5.0,1,0.02451078846829868,0.02451078846829868
1673,6715,50,-6.0,1,0.016411256423535837,0.016411256423535837
1674,6716,50,-4.0,1,0.023037960092673837,0.023037960092673837
1675,6717,50,-5.0,1,0.025443326634407015,0.025443326634407015
1676,6718,50,-4.0,1,0.007169438894096932,0.007169438894096932
1677,6719,50,-10.0,1,0.010992451495993255,0.010992451495993255
1678,6720,50,-3.0,1,0.032916241296269466,0.03287735475582555
1679,6721,50,-7.0,1,0.017528718856513453,0.017528718856513453
1680,6722,50,-3.0,1,0.012143788241775656,0.012143788241775656
1681,6723,50,-4.0,1,0.026464339866691618,0.021654856143439306
1682,6724,50,-4.0,1,0.014549567344057697,0.014549567344057697
1683,6725,50,-8.0,1,0.01802226001440018,0.016487184394795937
1684,6726,50,-5.0,1,0.017122412179963162,0.01647082618756058
1685,6727,50,-11.0,1,0.01787711645974741,0.01787711645974741
1686,6728,50,0.0,1,0.01893679833570331,0.016321612206740516
1687,6729,50,-4.0,1,0.01660588257750865,0.016124914091894458
1688,6730,50,-14.0,1,0.014837039759684504,0.014837039759684504
1689,6731,50,-6.0,1,0.03143648834666367,0.03143648834666367
1690,6732,50,-5.0,1,0.015894870493438643,0.015520696250827125
1691,6733,50,-7.0,1,0.011263705502933503,0.01089766067561727
1692,6734,50,-7.0,1,0.02265233216009652,0.019537558361520654
1693,6735,50,-4.0,1,0.0108868457518187,0.010443705772317622
1694,6736,50,-5.0,1,0.024549834174675683,0.022378599084713128
1695,6737,50,-3.0,1,0.010958576374555341,0.007257510340042986
1696,6738,50,0.0,1,0.01413780750352233,0.01413780750352233
1697,6739,50,-4.0,1,0.016263580365083935,0.016263580365083935
1698,6740,50,-15.0,1,0.017436990262362406,0.01697670081545083
1699,6741,50,-4.0,1,0.026458378100118137,0.026192218516065454
1700,6742,50,-4.0,1,0.01630097091412406,0.01630097091412406
1701,6743,50,-8.0,1,0.01192300906408714,0.0114325473511688
1702,6744,50,-4.0,1,0.020324203724882303,0.020324203724882303
1703,6745,50,-5.0,1,0.010501342121374716,0.010173235557614213
1704,6746,50,-4.0,1,0.021762981121605348,0.021762981121605348
1705,6747,50,-4.0,1,0.018256682111016387,0.018256682111016387
1706,6748,50,0.0,1,0.006300962611531074,0.006300962611531074
1707,6749,50,-5.0,1,0.010543659595053765,0.010543659595053765
1708,6750,50,-5.0,1,0.018797828550256374,0.018797828550256374
1709,6751,50,-5.0,1,0.01834441742404778,0.017906431448236268
1710,6752,50,-6.0,1,0.03532831632116293,0.035089520286400916
1711,6753,50,-4.0,1,0.00825370973553768,0.008070060472020477
1712,6754,50,-4.0,1,0.023247601620707152,0.02276044117832932
1713,6755,50,-4.0,1,0.023204664602206385,0.022652709287038345
1714,6756,50,-6.0,1,0.016049837061588947,0.016049837061588947
1715,6757,50,-4.0,1,0.02257281518219122,0.02257281518219122
1716,6758,50,-4.0,1,0.021455351703458324,0.020363481186395433
1717,6759,50,-4.0,1,0.02278333326809633,0.02238471896419725
1718,6760,50,-8.0,1,0.035249090204598814,0.035249090204598814
1719,6761,50,0.0,1,0.02125621073002748,0.021093892947000693
1720,6762,50,-5.0,1,0.014685105847005836,0.014685105847005836
1721,6763,50,0.0,1,0.025845618064164355,0.021252520225736024
1722,6764,50,-4.0,1,0.02333922509311217,0.017361193644980965
1723,6765,50,-7.0,1,0.020393946340505634,0.018549649683433433
1724,6766,50,-3.0,1,0.02066234183036937,0.02066234183036937
1725,6767,50,0.0,1,0.013995499369750971,0.013572139211237228
1726,6768,50,-8.0,1,0.014595216737932501,0.014255139370666378
1727,6769,50,-18.0,1,0.006204534485204058,0.006204534485204058
1728,6770,50,-9.0,1,0.019025954533875084,0.019025954533875084
1729,6771,50,0.0,1,0.01799314563652179,0.01799314563652179
1730,6772,50,-4.0,1,0.01755798203999632,0.01755798203999632
1731,6773,50,-10.0,1,0.010530119111006977,0.010318434030003503
1732,6774,50,-5.0,1,0.019438944890913926,0.019371227898127636
1733,6775,50,-4.0,1,0.02740346165023287,0.027396940532136205
1734,6776,50,-6.0,1,0.006956438431622114,0.006557212378672437
1735,6777,50,-5.0,1,0.023305943023200278,0.023305943023200278
1736,6778,50,-7.0,1,0.035351217542658596,0.03493546718360391
1737,6779,50,-4.0,1,0.010990961433595361,0.010990961433595361
1738,6780,50,-9.0,1,0.021814376040432362,0.021661892573664392
1739,6781,50,-3.0,1,0.0211149085784548,0.0211149085784548
1740,6782,50,-7.0,1,0.024095251521724162,0.024095251521724162
1741,6783,50,-11.0,1,0.006017144354818308,0.005849930898114344
1742,6784,50,-8.0,1,0.010630522281772376,0.01058414960552146
1743,6785,50,-7.0,1,0.020173718453075078,0.020062899818756495
1744,6786,50,-9.0,1,0.01785064101169007,0.01735426549414037
1745,6787,50,-6.0,1,0.01252131913907214,0.01252131913907214
1746,6788,50,-4.0,1,0.02101894540739274,0.02101894540739274
1747,6789,50,-4.0,1,0.010030116157989233,0.00990050149427327
1748,6790,50,-9.0,1,0.01722577324298692,0.01722577324298692
1749,6791,50,-4.0,1,0.010867568477417839,0.010867568477417839
1750,6792,50,0.0,1,0.015424772876191905,0.015424772876191905
1751,6793,50,-15.0,1,0.039027750477257324,0.03896347327180206
1752,6794,50,-7.0,1,0.011184229460907627,0.011184229460907627
1753,6795,50,-8.0,1,0.016550774073892254,0.016356077282528993
1754,6796,50,-4.0,1,0.019647637110063672,0.01941741234003165
1755,6797,50,-4.0,1,0.024735845058305898,0.024735845058305898
1756,6798,50,0.0,1,0.0226165061953094,0.0226165061953094
1757,6799,50,-5.0,1,0.02793180909993374,0.02527660404150971
1758,6800,50,-4.0,1,0.021089640409358543,0.021089640409358543
1759,6801,50,0.0,1,0.02558825652254985,0.02558825652254985
1760,6802,50,-3.0,1,0.020293055962795868,0.020293055962795868
1761,6803,50,-4.0,1,0.017404264692617775,0.017404264692617775
1762,6804,50,-7.0,1,0.015394771538736361,0.015081429472545503
1763,6805,50,-4.0,1,0.01660216998929438,0.014866127481326936
1764,6806,50,-6.0,1,0.015802471245133398,0.015802471245133398
1765,6807,50,-10.0,1,0.021305973763403263,0.021305973763403263
1766,6808,50,-8.0,1,0.023152381327232525,0.023152381327232525
1767,6809,50,-4.0,1,0.017318512418603577,0.016883454194090337
1768,6810,50,-4.0,1,0.016351794614707378,0.016351794614707378
1769,6811,50,-4.0,1,0.011276895719636243,0.011276895719636243
1770,6812,50,-4.0,1,0.020857497508793364,0.020857497508793364
1771,6813,50,0.0,1,0.016608438852344965,0.016608438852344965
1772,6814,50,-4.0,1,0.007406401811073494,0.00669320241897342
1773,6815,50,-4.0,1,0.02181100674150577,0.02181100674150577
1774,6816,50,-9.0,1,0.008303812798193384,0.008303812798193384
1775,6817,50,-4.0,1,0.016815131115528608,0.016815131115528608
1776,6818,50,-4.0,1,0.0174331206563385,0.017428985971559455
1777,6819,50,-6.0,1,0.018355497386863262,0.015874867413199854
1778,6820,50,-4.0,1,0.016545633784792967,0.016114022033787173
1779,6821,50,-12.0,1,0.0161582080932686,0.0161582080932686
1780,6822,50,-4.0,1,0.02319081919697016,0.02319081919697016
1781,6823,50,-6.0,1,0.019992904103536574,0.019992904103536574
1782,6824,50,-8.0,1,0.02104591020204775,0.02104591020204775
1783,6825,50,-9.0,1,0.016199619009116165,0.014432737351209835
1784,6826,50,-8.0,1,0.010987818429307997,0.010987818429307997
1785,6827,50,-4.0,1,0.011022380503395298,0.011022380503395298
1786,6828,50,-4.0,1,0.019405988095503254,0.019405988095503254
1787,6829,50,0.0,1,0.025387786038810988,0.025387786038810988
1788,6830,50,-5.0,1,0.020768855439397278,0.020768855439397278
1789,6831,50,-4.0,1,0.03413114159587454,0.0340074059741758
1790,6832,50,-4.0,1,0.02316119554961312,0.02316119554961312
1791,6833,50,-4.0,1,0.02236002206372469,0.021931852062490088
1792,6834,50,-4.0,1,0.01960681936259599,0.019368949742334933
1793,6835,50,-6.0,1,0.008935326565768217,0.008513068337547483
1794,6836,50,0.0,1,0.017577799852548304,0.01748063052064497
1795,6837,50,-4.0,1,0.022697811975139294,0.022697811975139294
1796,6838,50,-4.0,1,0.01348832004385576,0.012945645035095247
1797,6839,50,-5.0,1,0.013226369359010065,0.013226369359010065
1798,6840,50,-4.0,1,0.02282754062402618,0.022753345150367026
1799,6841,50,-6.0,1,0.018301614148238502,0.018301614148238502
1800,6842,50,-9.0,1,0.02687056719900947,0.02687056719900947
1801,6843,50,-4.0,1,0.014686719005280298,0.014255928493223812
1802,6844,50,-4.0,1,0.024701512460924887,0.024701512460924887
1803,6845,50,-4.0,1,0.0038839797731088912,0.0038839797731088912
1804,6846,50,-4.0,1,0.0038173429932206572,0.0038173429932206572
1805,6847,50,-4.0,1,0.023605492122289778,0.023554338092009148
1806,6848,50,-4.0,1,0.023722041940343993,0.023722041940343993
1807,6849,50,0.0,1,0.006956428501293596,0.006956428501293589
1808,6850,50,-5.0,1,0.01794752084112502,0.01794752084112502
1809,6851,50,-6.0,1,0.027623614814999704,0.02731585744014481
1810,6852,50,0.0,1,0.012860753424124696,0.012728284104350921
1811,6853,50,-5.0,1,0.020778666414527833,0.020473198832125093
1812,6854,50,-7.0,1,0.02067741629625275,0.02067741629625275
1813,6855,50,-7.0,1,0.022225282813230475,0.022225282813230475
1814,6856,50,-12.0,1,0.022267250179897627,0.022267250179897627
1815,6857,50,-4.0,1,0.016461944311025593,0.013930852385993037
1816,6858,50,-5.0,1,0.015949986734337167,0.015949986734337167
1817,6859,50,-4.0,1,0.022692245974010768,0.022692245974010768
1818,6860,50,-3.0,1,0.011743035828684505,0.010894227778287071
1819,6861,50,-9.0,1,0.022004014983282156,0.022004014983282156
1820,6862,50,-4.0,1,0.020958632297891914,0.020958632297891914
1821,6863,50,-5.0,1,0.03197423830600343,0.03197423830600343
1822,6864,50,-7.0,1,0.017678811913324544,0.017678811913324544
1823,6865,50,-6.0,1,0.019379522552977112,0.019379522552977112
1824,6866,50,-5.0,1,0.027947292651179928,0.02781019684518714
1825,6867,50,-4.0,1,0.020955995990332526,0.020908765819774654
1826,6868,50,-4.0,1,0.02380969946235838,0.02380969946235838
1827,6869,50,-4.0,1,0.017577686754733996,0.0174319911875506
1828,6870,50,-9.0,1,0.018370963356853832,0.018370963356853832
1829,6871,50,-5.0,1,0.015750502210761304,0.01552392076801446
1830,6872,50,-6.0,1,0.008367531436556414,0.008367531436556414
1831,6873,50,-4.0,1,0.019193429936133505,0.019193429936133505
1832,6874,50,-13.0,1,0.015572123958003774,0.01548794174231396
1833,6875,50,-6.0,1,0.016714930868474077,0.016583316011572827
1834,6876,50,-6.0,1,0.02196218640705096,0.021908071323571653
1835,6877,50,-5.0,1,0.02720536497299585,0.02720536497299585
1836,6878,50,-14.0,1,0.012436362482255452,0.012045607407622613
1837,6879,50,-3.0,1,0.025532226206401606,0.025532226206401606
1838,6880,50,-4.0,1,0.025084543569788214,0.025084543569788214
1839,6881,50,-7.0,1,0.009313458232862018,0.009313458232862018
1840,6882,50,-8.0,1,0.022839789476447686,0.019382615970757182
1841,6883,50,-50.0,0,0.08982383981921956,0.08982383981921956
1842,6884,50,-8.0,1,0.02113923691093579,0.02113923691093579
1843,6885,50,-3.0,1,0.024101367862326403,0.023281443276223588
1844,6886,50,-4.0,1,0.015308622326542853,0.014965604910726392
1845,6887,50,-10.0,1,0.018898096358608264,0.018449284087786143
1846,6888,50,-3.0,1,0.010295303251653176,0.009623020176199001
1847,6889,50,-4.0,1,0.015901381604562476,0.015901381604562476
1848,6890,50,-11.0,1,0.02688989364089093,0.02688989364089093
1849,6891,50,-8.0,1,0.015905032418044626,0.015905032418044626
1850,6892,50,-4.0,1,0.018960302359441066,0.017448138571074193
1851,6893,50,0.0,1,0.023693751180581393,0.023693751180581393
1852,6894,50,0.0,1,0.019237087230450287,0.019237087230450287
1853,6895,50,-5.0,1,0.010995137717697844,0.010897664573396531
1854,6896,50,-5.0,1,0.016469720676904786,0.014516411514573273
1855,6897,50,0.0,1,0.017555350660309877,0.01610431005808452
1856,6898,50,-5.0,1,0.019925046270226218,0.019504212848867768
1857,6899,50,0.0,1,0.01684515226338007,0.01684515226338007
1858,6900,50,-11.0,1,0.01961358672610896,0.016919967818571996
1859,6901,50,-5.0,1,0.01638442419572709,0.016342287650208117
1860,6902,50,-4.0,1,0.016146710311900153,0.015883532680066897
1861,6903,50,-4.0,1,0.021390566370098483,0.01778194577577942
1862,6904,50,-12.0,1,0.017289109579054555,0.017289109579054555
1863,6905,50,-4.0,1,0.022272699525623663,0.013132515785393761
1864,6906,50,0.0,1,0.023465166014133395,0.02346516601413307
1865,6907,50,-4.0,1,0.013875354371713772,0.013520573552788528
1866,6908,50,-4.0,1,0.020449299420484787,0.020449299420484787
1867,6909,50,0.0,1,0.026060139794453596,0.026009848084162044
1868,6910,50,-8.0,1,0.011575255627808614,0.010758113994593912
1869,6911,50,-5.0,1,0.012988224628250111,0.012431326380123885
1870,6912,50,-4.0,1,0.02069549364373492,0.020470939100541676
1871,6913,50,-6.0,1,0.020123451979767514,0.020049201349631417
1872,6914,50,-4.0,1,0.014191917853932232,0.014191917853932232
1873,6915,50,-4.0,1,0.022554361505585808,0.02231881370398041
1874,6916,50,-3.0,1,0.021280890969815742,0.020380713305638863
1875,6917,50,-4.0,1,0.024338370944885106,0.024338370944885106
1876,6918,50,-4.0,1,0.015154180285238322,0.014731413857903256
1877,6919,50,-3.0,1,0.01971148917743332,0.01958044358969281
1878,6920,50,-4.0,1,0.02330187673842057,0.02330187673842057
1879,6921,50,-4.0,1,0.014976409393531924,0.014976409393531924
1880,6922,50,0.0,1,0.020816895404983327,0.020816895404983327
1881,6923,50,-6.0,1,0.022477992371837778,0.022477992371837778
1882,6924,50,-4.0,1,0.026608480766166065,0.0263828780204552
1883,6925,50,-6.0,1,0.03341091000731535,0.03341091000731535
1884,6926,50,-17.0,1,0.031635338745942224,0.031635338745942224
1885,6927,50,-7.0,1,0.016661763507771765,0.016606665051867118
1886,6928,50,-5.0,1,0.018567226013208638,0.018567226013208638
1887,6929,50,-4.0,1,0.021406223750579396,0.021270065445385723
1888,6930,50,-5.0,1,0.00995282228098776,0.00995282228098776
1889,6931,50,-4.0,1,0.015246098109734678,0.015246098109734678
1890,6932,50,-6.0,1,0.009184429853696083,0.009184429853696083
1891,6933,50,0.0,1,0.018222587379301745,0.01822258737930174
1892,6934,50,-4.0,1,0.019097743037946244,0.019031631806775664
1893,6935,50,-12.0,1,0.025868383595495308,0.025708531844501656
1894,6936,50,-3.0,1,0.0286009789725395,0.0286009789725395
1895,6937,50,-8.0,1,0.022711621774309833,0.022711621774309833
1896,6938,50,0.0,1,0.02080402671599768,0.020299151082161654
1897,6939,50,-7.0,1,0.024561219354820096,0.0241997079784007
1898,6940,50,-4.0,1,0.018435108036600333,0.018200570993234768
1899,6941,50,-7.0,1,0.01807486963016582,0.017818980152781935
1900,6942,50,-8.0,1,0.02608517774824038,0.02608517774824038
1901,6943,50,-3.0,1,0.020636255730283857,0.020636255730283857
1902,6944,50,-5.0,1,0.01978055568242744,0.0193881440946076
1903,6945,50,-6.0,1,0.031047420124722162,0.03103472282550439
1904,6946,50,0.0,1,0.018440533711121906,0.018440533711121906
1905,6947,50,0.0,1,0.0055051054326419975,0.00550510543263712
1906,6948,50,-3.0,1,0.02450377985653323,0.02414335072185836
1907,6949,50,-5.0,1,0.014293598747358355,0.013732027048827531
1908,6950,50,-5.0,1,0.01731610846591437,0.016908510597015855
1909,6951,50,-8.0,1,0.010203617086220753,0.010203617086220753
1910,6952,50,-9.0,1,0.010843693840385608,0.010733053340922758
1911,6953,50,-14.0,1,0.023072091116974565,0.02282637643861294
1912,6954,50,-8.0,1,0.020749824747585324,0.02040501236423163
1913,6955,50,-3.0,1,0.01935230738871031,0.01935230738871031
1914,6956,50,-4.0,1,0.019505800597067566,0.019505800597067566
1915,6957,50,0.0,1,0.0211339754026559,0.021133975402655897
1916,6958,50,-3.0,1,0.022238498693341182,0.022146177908944152
1917,6959,50,-4.0,1,0.01401212427324623,0.01401212427324623
1918,6960,50,-9.0,1,0.025193561040793348,0.025193561040793348
1919,6961,50,-4.0,1,0.005337476429228866,0.00490213211483112
1920,6962,50,-4.0,1,0.012340343687619215,0.012340343687619215
1921,6963,50,0.0,1,0.023306479875295653,0.023306479875295653
1922,6964,50,-3.0,1,0.01765937580542595,0.01765937580542595
1923,6965,50,-8.0,1,0.02158127430496265,0.02158127430496265
1924,6966,50,-8.0,1,0.016729150898505896,0.016387419206754624
1925,6967,50,-4.0,1,0.009231483473110435,0.009231483473110435
1926,6968,50,-4.0,1,0.029616133587215807,0.029616133587215807
1927,6969,50,-3.0,1,0.013644207854591858,0.013644207854591858
1928,6970,50,-4.0,1,0.009316496844943994,0.009316496844943994
1929,6971,50,-4.0,1,0.019790953885978797,0.01823083707498276
1930,6972,50,-12.0,1,0.015584936090990922,0.015266425790839843
1931,6973,50,-4.0,1,0.01413515315208282,0.01413515315208282
1932,6974,50,-4.0,1,0.018949601445670497,0.013607511786116118
1933,6975,50,-5.0,1,0.008257607543690006,0.007883768787131373
1934,6976,50,-3.0,1,0.015943778737936183,0.015943778737936183
1935,6977,50,-8.0,1,0.020479360233867948,0.020303994119425413
1936,6978,50,-5.0,1,0.020396610070557545,0.018793617542886165
1937,6979,50,-3.0,1,0.015060797160119984,0.015060797160119984
1938,6980,50,-4.0,1,0.013127388991934377,0.013127388991934377
1939,6981,50,-5.0,1,0.014155973942323782,0.013739174155348251
1940,6982,50,-3.0,1,0.025700034751581103,0.0254550723618345
1941,6983,50,-4.0,1,0.026313398732912715,0.026050949024400045
1942,6984,50,-4.0,1,0.015261233422226394,0.015261233422226394
1943,6985,50,-3.0,1,0.033271379508060236,0.03302380233830726
1944,6986,50,-4.0,1,0.017749586187218367,0.01657567144374324
1945,6987,50,-4.0,1,0.02359200606305088,0.009085064804448918
1946,6988,50,-4.0,1,0.007940790211051872,0.007940790211051872
1947,6989,50,-4.0,1,0.019154331750162474,0.01883255572926713
1948,6990,50,-4.0,1,0.011623761956449322,0.011473550745903753
1949,6991,50,-5.0,1,0.010494312186437631,0.010494312186437631
1950,6992,50,-6.0,1,0.009092321277281797,0.009092321277281797
1951,6993,50,-6.0,1,0.014793443604150575,0.014793443604150575
1952,6994,50,-4.0,1,0.01509965262975959,0.01509965262975959
1953,6995,50,-3.0,1,0.006424910943254321,0.004922183144280085
1954,6996,50,-5.0,1,0.034267540683873575,0.034267540683873575
1955,6997,50,-5.0,1,0.029188242422493814,0.0287540541689617
1956,6998,50,-7.0,1,0.02128089592518066,0.02128089592518066
1957,6999,50,-4.0,1,0.010312852652130895,0.010312852652130895
1958,7000,50,-4.0,1,0.01566208959670184,0.012723711774824868
1959,7001,50,-6.0,1,0.01606427289033366,0.01606427289033366
1960,7002,50,-6.0,1,0.01664717087092478,0.01664717087092478
1961,7003,50,-8.0,1,0.02351219770399233,0.023456012000259856
1962,7004,50,-5.0,1,0.008483166938022294,0.008049752101277164
1963,7005,50,-7.0,1,0.013072307255483242,0.013072307255483242
1964,7006,50,-7.0,1,0.032269333322242945,0.032269333322242945
1965,7007,50,-5.0,1,0.008692260383003,0.008301486741087102
1966,7008,50,-4.0,1,0.022893383375040995,0.022399601008776117
1967,7009,50,0.0,1,0.015235145156940983,0.015070686749938512
1968,7010,50,-7.0,1,0.020183634034296894,0.01994320609489818
1969,7011,50,-4.0,1,0.03307615134855029,0.033033386436986376
1970,7012,50,-4.0,1,0.026092608206426168,0.025883078777735043
1971,7013,50,-6.0,1,0.011527598179535522,0.011438019034246275
1972,7014,50,-4.0,1,0.015565803011864051,0.015047381422997289
1973,7015,50,-3.0,1,0.017855545740911333,0.0166930551379089
1974,7016,50,-4.0,1,0.036139158563109446,0.036139158563109446
1975,7017,50,-4.0,1,0.028060313107681364,0.02279643605814659
1976,7018,50,-4.0,1,0.011021727394221248,0.011021727394221248
1977,7019,50,-8.0,1,0.033897857469302205,0.03371899372124147
1978,7020,50,-7.0,1,0.009218659389740194,0.009218659389740194
1979,7021,50,-6.0,1,0.006594093289261193,0.006579116565468971
1980,7022,50,-11.0,1,0.022717917991541513,0.022717917991541513
1981,7023,50,-4.0,1,0.016258435714966504,0.016027381097454135
1982,7024,50,-3.0,1,0.03131795535988525,0.031123877086647617
1983,7025,50,0.0,1,0.010053811976184818,0.010053811976184813
1984,7026,50,-9.0,1,0.019712838971652023,0.019300960017226632
1985,7027,50,-4.0,1,0.021091987309094173,0.021091987309094173
1986,7028,50,-7.0,1,0.0032768281320127244,0.0027520737559928224
1987,7029,50,-3.0,1,0.011961451858653056,0.011874426067120039
1988,7030,50,-3.0,1,0.02366233464616185,0.01897734728134619
1989,7031,50,-4.0,1,0.004734478698253335,0.004724157496510546
1990,7032,50,-4.0,1,0.019048085957219275,0.017546858895130194
1991,7033,50,-4.0,1,0.029352853777563442,0.029352853777563442
1992,7034,50,-4.0,1,0.01725047043844272,0.01725047043844272
1993,7035,50,-6.0,1,0.016224822522927923,0.016224822522927923
1994,7036,50,-5.0,1,0.01436976683482721,0.01436976683482721
1995,7037,50,-11.0,1,0.01855811488420579,0.01822959835007721
1996,7038,50,-5.0,1,0.01036518278089438,0.010347609438127254
1997,7039,50,0.0,1,0.024605099581678964,0.024528817064295657
1998,7040,50,-3.0,1,0.026847152257093373,0.026847152257093373
1999,7041,50,-3.0,1,0.012841582622310586,0.012532876286485271
