episode,seed,steps,return,success,final_distance,min_distance
0,5042,15,-14.68156087398529,1,0.006118409726621312,0.006118409726621312
1,5043,6,-5.414533376693726,1,0.02213006054281576,0.02213006054281576
2,5044,4,-3.0,1,0.03376900986315174,0.03376900986315174
3,5045,50,-50.872111797332764,0,0.11382569326585833,0.05280333178459744
4,5046,1,0.0,1,0.011343117214761856,0.011343117214761856
5,5047,11,-12.436766266822815,1,0.0438625523600177,0.0438625523600177
6,5048,9,-9.839068174362183,1,0.031273586457149116,0.031273586457149116
7,5049,12,-13.640357613563538,1,0.04039754497605265,0.04039754497605265
8,5050,10,-9.124744176864624,1,0.01524177469027703,0.01524177469027703
9,5051,5,-4.0,1,0.03694245156211874,0.03694245156211874
10,5052,5,-4.0,1,0.029551900102624463,0.029551900102624463
11,5053,1,0.0,1,0.025907306664437094,0.025907306664437094
12,5054,4,-3.0,1,0.015571192509325453,0.015571192509325453
13,5055,9,-9.418354868888855,1,0.0450054916366829,0.0450054916366829
14,5056,5,-4.083029389381409,1,0.016190513535461776,0.016190513535461776
15,5057,7,-6.0,1,0.013139276344233081,0.013139276344233081
16,5058,5,-4.0,1,0.025934693998510786,0.025934693998510786
17,5059,4,-3.0,1,0.04725197016500158,0.04725197016500158
18,5060,5,-4.659539341926575,1,0.04875008882487475,0.04875008882487475
19,5061,12,-12.409886479377747,1,0.04865639180288714,0.04865639180288714
20,5062,9,-8.890999794006348,1,0.017698117124396773,0.017698117124396773
21,5063,20,-22.64063286781311,1,0.0480172346818604,0.0480172346818604
22,5064,50,-52.13480007648468,0,0.06815154747851945,0.053982861785632955
23,5065,10,-11.01915454864502,1,0.03752062981147873,0.03752062981147873
24,5066,6,-5.0111894607543945,1,0.025498559975312536,0.025498559975312536
25,5067,7,-6.522820949554443,1,0.04228775840835747,0.04228775840835747
26,5068,8,-7.490473985671997,1,0.04996189559799132,0.04996189559799132
27,5069,5,-4.0,1,0.019127509050146325,0.019127509050146325
28,5070,20,-21.248656630516052,1,0.031588523430382265,0.031588523430382265
29,5071,1,0.0,1,0.04643608273514475,0.04643608273514475
30,5072,6,-5.0,1,0.04641748191406545,0.04641748191406545
31,5073,5,-4.05132782459259,1,0.02138488069740452,0.02138488069740452
32,5074,10,-10.66404938697815,1,0.04210917402353169,0.04210917402353169
33,5075,50,-50.08656167984009,0,0.07968848844944457,0.07966474540302626
34,5076,50,-50.32186579704285,0,0.05482881789835427,0.05474511073325538
35,5077,15,-16.609127044677734,1,0.04783501346963343,0.04783501346963343
36,5078,11,-11.638012409210205,1,0.03781556766863606,0.03781556766863606
37,5079,5,-4.433217763900757,1,0.024270397876028256,0.024270397876028256
38,5080,11,-10.656409978866577,1,0.04048059219115126,0.04048059219115126
39,5081,5,-4.0,1,0.042502072874815305,0.042502072874815305
40,5082,5,-4.0,1,0.025564349187492952,0.025564349187492952
41,5083,4,-3.0,1,0.036596266082763645,0.036596266082763645
42,5084,8,-7.570243835449219,1,0.026185290572633895,0.026185290572633895
43,5085,5,-4.0,1,0.04471769616607142,0.04471769616607142
44,5086,50,-50.26691520214081,0,0.07637823894404885,0.05050090674360905
45,5087,1,0.0,1,0.035492941968374755,0.035492941968374755
46,5088,12,-13.19651448726654,1,0.03695005403744463,0.03695005403744463
47,5089,7,-6.8734519481658936,1,0.0426116328422513,0.0426116328422513
48,5090,1,0.0,1,0.0363980330636904,0.0363980330636904
49,5091,50,-50.0,0,0.0869326033623855,0.0869326033623855
50,5092,7,-6.0,1,0.04892809326962721,0.04892809326962721
51,5093,11,-11.797055840492249,1,0.04587360367247627,0.04587360367247627
52,5094,5,-4.92879581451416,1,0.04921826733658224,0.04921826733658224
53,5095,5,-4.503888964653015,1,0.03403406708263607,0.03403406708263607
54,5096,5,-4.920798182487488,1,0.021130878781607097,0.021130878781607097
55,5097,6,-5.242087244987488,1,0.04394166857302305,0.04394166857302305
56,5098,6,-5.797032713890076,1,0.040942351200575954,0.040942351200575954
57,5099,8,-7.945382833480835,1,0.011437362965614949,0.011437362965614949
58,5100,5,-4.0,1,0.026978227607853917,0.026978227607853917
59,5101,12,-12.420377492904663,1,0.023639240315820067,0.023639240315820067
60,5102,10,-11.01395070552826,1,0.034395139468797256,0.034395139468797256
61,5103,5,-4.0,1,0.012716022094949717,0.012716022094949717
62,5104,6,-5.0,1,0.02329058678001766,0.02329058678001766
63,5105,7,-6.0,1,0.02828069211475627,0.02828069211475627
64,5106,10,-10.857110857963562,1,0.01663187581451158,0.01663187581451158
65,5107,5,-4.402158141136169,1,0.02071475566428681,0.02071475566428681
66,5108,5,-4.0,1,0.019869298595913115,0.019869298595913115
67,5109,8,-7.940299034118652,1,0.011259389132172701,0.011259389132172701
68,5110,7,-6.837622284889221,1,0.025405186698240618,0.025405186698240618
69,5111,50,-52.683443784713745,0,0.059508414960442756,0.059508414960442756
70,5112,10,-10.595852494239807,1,0.04757649852020251,0.04757649852020251
71,5113,50,-50.0,0,0.0752616752162238,0.06624300682661727
72,5114,12,-13.154428243637085,1,0.036645448826753566,0.036645448826753566
73,5115,4,-3.0,1,0.024248520544978232,0.024248520544978232
74,5116,5,-4.7129011154174805,1,0.04853157328914675,0.04853157328914675
75,5117,50,-50.7830171585083,0,0.12184765052477277,0.12184765052477277
76,5118,5,-4.664418935775757,1,0.030723833385765568,0.030723833385765568
77,5119,9,-8.387463569641113,1,0.03820151911468449,0.03820151911468449
78,5120,9,-9.460074305534363,1,0.019947362031610395,0.019947362031610395
79,5121,4,-3.0,1,0.03152052885925051,0.03152052885925051
80,5122,1,0.0,1,0.017941101647461974,0.017941101647461974
81,5123,5,-4.595758318901062,1,0.029759739317841264,0.029759739317841264
82,5124,50,-60.66616725921631,0,0.18661926829542735,0.18661926829542735
83,5125,50,-50.49939525127411,0,0.061020779912953446,0.06048717535086521
84,5126,1,0.0,1,0.033938914187575546,0.033938914187575546
85,5127,4,-3.0,1,0.03842518171987299,0.03842518171987299
86,5128,5,-4.1807801723480225,1,0.03585236281541734,0.03585236281541734
87,5129,50,-55.30832040309906,0,0.1486513195170403,0.06885486724643378
88,5130,50,-51.272732853889465,0,0.09877082837022472,0.09877082837022472
89,5131,5,-4.0,1,0.03716603120779564,0.03716603120779564
90,5132,5,-4.0,1,0.01086524207305123,0.01086524207305123
91,5133,8,-7.726955771446228,1,0.017522825261385395,0.017522825261385395
92,5134,5,-5.00663435459137,1,0.0017965488172859245,0.0017965488172859245
93,5135,5,-4.041385054588318,1,0.019236026418403943,0.019236026418403943
94,5136,5,-4.0,1,0.036341005832611704,0.036341005832611704
95,5137,9,-8.035489201545715,1,0.04852022422555547,0.04852022422555547
96,5138,5,-4.0,1,0.012919245830186702,0.012919245830186702
97,5139,5,-4.0,1,0.027692273208657005,0.027692273208657005
98,5140,5,-4.0,1,0.004678774463976592,0.004678774463976592
99,5141,50,-50.049216628074646,0,0.06937495633612023,0.06237332508241772
100,5142,7,-6.991227984428406,1,0.04919223292290473,0.04919223292290473
101,5143,8,-8.061249136924744,1,0.034388018799097704,0.034388018799097704
102,5144,5,-4.375367879867554,1,0.03790010332275842,0.03790010332275842
103,5145,50,-50.435449957847595,0,0.06296401230936152,0.05467208836109386
104,5146,13,-12.972550392150879,1,0.03370061488308506,0.03370061488308506
105,5147,50,-51.20433712005615,0,0.10202413889328635,0.10202413889328635
106,5148,9,-8.40890383720398,1,0.012611688791640688,0.012611688791640688
107,5149,5,-4.305619955062866,1,0.022707182024748737,0.022707182024748737
108,5150,8,-8.320911407470703,1,0.03582262334771724,0.03582262334771724
109,5151,5,-4.0,1,0.04807503989952467,0.04807503989952467
110,5152,5,-4.6673805713653564,1,0.04044544919362457,0.04044544919362457
111,5153,11,-11.058895111083984,1,0.01309097803748373,0.01309097803748373
112,5154,1,0.0,1,0.042227726038532316,0.042227726038532316
113,5155,13,-13.668251037597656,1,0.011453229584881456,0.011453229584881456
114,5156,7,-6.8195741176605225,1,0.03082808127273828,0.03082808127273828
115,5157,12,-13.13040542602539,1,0.04189806602709154,0.04189806602709154
116,5158,50,-50.97832751274109,0,0.08927624409220442,0.08878048399173395
117,5159,13,-14.88012957572937,1,0.002273480492529995,0.002273480492529995
118,5160,7,-6.0,1,0.016779284564051773,0.016779284564051773
119,5161,9,-8.0,1,0.0024424451932244374,0.0024424451932244374
120,5162,8,-7.998705625534058,1,0.03702282707443804,0.03702282707443804
121,5163,5,-4.697641730308533,1,0.038803865194334694,0.038803865194334694
122,5164,50,-52.011682629585266,0,0.11903856772849307,0.11903856772849307
123,5165,5,-4.0,1,0.031623855248316186,0.031623855248316186
124,5166,12,-12.761813044548035,1,0.006639212878832463,0.006639212878832463
125,5167,5,-4.244365334510803,1,0.03651606531747371,0.03651606531747371
126,5168,7,-7.360114336013794,1,0.04875935815575142,0.04875935815575142
127,5169,4,-3.0,1,0.04725719586681671,0.04725719586681671
128,5170,8,-7.0,1,0.03140810059925986,0.03140810059925986
129,5171,4,-3.0,1,0.03817507519916122,0.03817507519916122
130,5172,5,-4.036179423332214,1,0.045454311448130426,0.045454311448130426
131,5173,4,-3.0,1,0.04195272843558644,0.04195272843558644
132,5174,50,-51.02145171165466,0,0.06561136265150648,0.06561136265150648
133,5175,10,-9.0,1,0.04754482048341817,0.04754482048341817
134,5176,5,-4.0,1,0.018863726759727646,0.018863726759727646
135,5177,50,-51.22332465648651,0,0.07361994258492514,0.07361994258492514
136,5178,5,-4.115037441253662,1,0.04398943635997136,0.04398943635997136
137,5179,5,-4.0,1,0.03018808768315157,0.03018808768315157
138,5180,9,-10.235555410385132,1,0.02600812511511561,0.02600812511511561
139,5181,6,-6.150896191596985,1,0.04372770609602064,0.04372770609602064
140,5182,4,-3.0,1,0.037031773868721196,0.037031773868721196
141,5183,7,-6.0,1,0.048015748670745574,0.048015748670745574
142,5184,5,-4.0,1,0.04115535150949763,0.04115535150949763
143,5185,4,-3.0,1,0.03727834263060415,0.03727834263060415
144,5186,1,0.0,1,0.016688545205692518,0.016688545205692518
145,5187,6,-5.411861538887024,1,0.036772913784164515,0.036772913784164515
146,5188,5,-4.2737449407577515,1,0.0031053841518007197,0.0031053841518007197
147,5189,5,-4.7419655323028564,1,0.041097952097353,0.041097952097353
148,5190,6,-6.23317551612854,1,0.04143894597635633,0.04143894597635633
149,5191,32,-31.885449528694153,1,0.047773261118260114,0.047773261118260114
150,5192,5,-4.0,1,0.028268891045542918,0.028268891045542918
151,5193,8,-8.762780904769897,1,0.015340268831188235,0.015340268831188235
152,5194,1,0.0,1,0.03706665996293257,0.03706665996293257
153,5195,15,-14.0,1,0.04980251973104151,0.04980251973104151
154,5196,50,-51.47418701648712,0,0.05832996738749769,0.05832996738749769
155,5197,10,-10.65646517276764,1,0.01738124698082459,0.01738124698082459
156,5198,50,-57.238739371299744,0,0.16753711243133979,0.07595317673972708
157,5199,5,-4.578617095947266,1,0.008873898955521688,0.008873898955521688
158,5200,50,-51.26989722251892,0,0.0763998275430847,0.06629984112031762
159,5201,1,0.0,1,0.004947873442300075,0.004947873442300075
160,5202,50,-52.37581479549408,0,0.11536089796160034,0.11536089796160034
161,5203,9,-9.101945757865906,1,0.0029525257690209013,0.0029525257690209013
162,5204,7,-7.258897185325623,1,0.0415564340531525,0.0415564340531525
163,5205,7,-7.3927106857299805,1,0.03339730100001672,0.03339730100001672
164,5206,1,0.0,1,0.02093002759078235,0.02093002759078235
165,5207,9,-9.086572885513306,1,0.02516765862909711,0.02516765862909711
166,5208,50,-54.830363154411316,0,0.13701836648171226,0.12394410427048673
167,5209,5,-4.0,1,0.010891277735888372,0.010891277735888372
168,5210,6,-5.0,1,0.017845159320312203,0.017845159320312203
169,5211,5,-4.049722790718079,1,0.04973245303318666,0.04973245303318666
170,5212,5,-4.395531058311462,1,0.026131298014102827,0.026131298014102827
171,5213,13,-15.130888223648071,1,0.037186527970411054,0.037186527970411054
172,5214,4,-3.0,1,0.035945154528065876,0.035945154528065876
173,5215,5,-4.0,1,0.02613300852821517,0.02613300852821517
174,5216,50,-50.0,0,0.050666839528155566,0.050656777720643094
175,5217,50,-50.5805367231369,0,0.05348851175682035,0.05295615912667893
176,5218,11,-11.273207545280457,1,0.03165988907099615,0.03165988907099615
177,5219,7,-6.724980354309082,1,0.039666899412629325,0.039666899412629325
178,5220,9,-9.51721179485321,1,0.045150731682934236,0.045150731682934236
179,5221,8,-8.552469849586487,1,0.04143852037614076,0.04143852037614076
180,5222,5,-4.0,1,0.03541248610106499,0.03541248610106499
181,5223,11,-10.25779938697815,1,0.04249080746360575,0.04249080746360575
182,5224,50,-50.95935571193695,0,0.0804572545348245,0.07897932542913144
183,5225,5,-4.810687780380249,1,0.017543732998266125,0.017543732998266125
184,5226,5,-4.4174394607543945,1,0.031739610937774054,0.031739610937774054
185,5227,50,-53.03848433494568,0,0.06859731307672437,0.06859731307672437
186,5228,8,-8.856459617614746,1,0.03091374162552225,0.03091374162552225
187,5229,4,-3.0,1,0.03587409006086915,0.03587409006086915
188,5230,7,-6.0,1,0.044321571184171564,0.044321571184171564
189,5231,4,-3.0,1,0.03901009671192582,0.03901009671192582
190,5232,1,0.0,1,0.009674731357133355,0.009674731357133355
191,5233,9,-8.328857779502869,1,0.030496850007585258,0.030496850007585258
192,5234,5,-4.139254570007324,1,0.012399401217720535,0.012399401217720535
193,5235,4,-3.0,1,0.04445348129418516,0.04445348129418516
194,5236,5,-4.0,1,0.033520220706240014,0.033520220706240014
195,5237,8,-8.030589699745178,1,0.02449008158131668,0.02449008158131668
196,5238,7,-6.875111103057861,1,0.011415653651745253,0.011415653651745253
197,5239,6,-5.0,1,0.04690117116954584,0.04690117116954584
198,5240,6,-5.511093258857727,1,0.03860412666646786,0.03860412666646786
199,5241,50,-53.85756731033325,0,0.13860373117138777,0.13860373117138777
200,5242,9,-9.349803805351257,1,0.041469667083526035,0.041469667083526035
201,5243,5,-4.130422234535217,1,0.03728475332723133,0.03728475332723133
202,5244,50,-51.38819468021393,0,0.11371753452573108,0.08450099544554537
203,5245,5,-4.089545726776123,1,0.03054903718020718,0.03054903718020718
204,5246,1,0.0,1,0.029337556874853427,0.029337556874853427
205,5247,5,-4.0,1,0.028966292672253244,0.028966292672253244
206,5248,7,-7.7739198207855225,1,0.0270147412206171,0.0270147412206171
207,5249,50,-50.53353822231293,0,0.05149248304974151,0.05149248304974151
208,5250,4,-3.0,1,0.03456257742640469,0.03456257742640469
209,5251,9,-9.131248831748962,1,0.02903918370725135,0.02903918370725135
210,5252,6,-5.0,1,0.038272279900202495,0.038272279900202495
211,5253,6,-5.747836709022522,1,0.0352782401930852,0.0352782401930852
212,5254,11,-11.403421998023987,1,0.03143806918557119,0.03143806918557119
213,5255,9,-9.060275793075562,1,0.031004783939862425,0.031004783939862425
214,5256,13,-12.0,1,0.03152438205652954,0.03152438205652954
215,5257,5,-4.0,1,0.027012284740412274,0.027012284740412274
216,5258,5,-4.134800672531128,1,0.040471375222346645,0.040471375222346645
217,5259,5,-4.513994574546814,1,0.020331428835557958,0.020331428835557958
218,5260,5,-4.0,1,0.01691608586109321,0.01691608586109321
219,5261,5,-4.0,1,0.022102936121503252,0.022102936121503252
220,5262,7,-6.553823232650757,1,0.00347155905084841,0.00347155905084841
221,5263,12,-13.067568182945251,1,0.027533296647194824,0.027533296647194824
222,5264,5,-4.0,1,0.0201546149236564,0.0201546149236564
223,5265,7,-6.91948401927948,1,0.03656983625330301,0.03656983625330301
224,5266,1,0.0,1,0.014094324338211789,0.014094324338211789
225,5267,5,-4.560690522193909,1,0.025642107560548393,0.025642107560548393
226,5268,5,-4.787315130233765,1,0.049159508227137445,0.049159508227137445
227,5269,6,-5.0,1,0.04298592411363604,0.04298592411363604
228,5270,5,-4.123249292373657,1,0.036947078259603895,0.036947078259603895
229,5271,8,-8.516543865203857,1,0.045827253976662964,0.045827253976662964
230,5272,50,-50.63595652580261,0,0.05276823859060412,0.05276823859060412
231,5273,11,-12.890416502952576,1,0.026938111566369768,0.026938111566369768
232,5274,5,-4.0,1,0.033165519542055336,0.033165519542055336
233,5275,5,-4.863696932792664,1,0.04488433328311167,0.04488433328311167
234,5276,5,-4.7564122676849365,1,0.03356064613905147,0.03356064613905147
235,5277,5,-4.5433303117752075,1,0.017980883567626907,0.017980883567626907
236,5278,6,-5.0,1,0.017861706647934728,0.017861706647934728
237,5279,7,-6.624476790428162,1,0.03316037992480685,0.03316037992480685
238,5280,6,-5.488455533981323,1,0.04590569300489737,0.04590569300489737
239,5281,11,-10.0,1,0.043969937814187496,0.043969937814187496
240,5282,1,0.0,1,0.04428676058254176,0.04428676058254176
241,5283,50,-51.33038532733917,0,0.05764886109281067,0.0574902055013485
242,5284,5,-4.173324346542358,1,0.013582708859336686,0.013582708859336686
243,5285,4,-3.0,1,0.03461207604418569,0.03461207604418569
244,5286,5,-4.0,1,0.017620695347640474,0.017620695347640474
245,5287,5,-4.442439794540405,1,0.03979292532588713,0.03979292532588713
246,5288,11,-11.669674754142761,1,0.047381875474955815,0.047381875474955815
247,5289,1,0.0,1,0.012991169084525208,0.012991169084525208
248,5290,1,0.0,1,0.03535257568998008,0.03535257568998008
249,5291,8,-9.393113255500793,1,0.04086457161166486,0.04086457161166486
250,5292,50,-55.709396839141846,0,0.14989062813292134,0.05662665626179687
251,5293,8,-8.669889092445374,1,0.041508724886158976,0.041508724886158976
252,5294,9,-9.149683475494385,1,0.02973195571920345,0.02973195571920345
253,5295,1,0.0,1,0.00576662882094092,0.00576662882094092
254,5296,4,-3.0,1,0.037219041900198195,0.037219041900198195
255,5297,5,-4.475677490234375,1,0.033255568014790675,0.033255568014790675
256,5298,6,-5.0,1,0.042351959677689135,0.042351959677689135
257,5299,7,-6.781602144241333,1,0.0470983649483205,0.0470983649483205
258,5300,50,-51.545196890830994,0,0.05202806116726677,0.05202806116726677
259,5301,7,-6.450132727622986,1,0.04351713989416201,0.04351713989416201
260,5302,11,-12.529081344604492,1,0.022526711350963572,0.022526711350963572
261,5303,50,-50.509079933166504,0,0.06944468717551588,0.06944468717551588
262,5304,9,-8.283819675445557,1,0.015688904901773566,0.015688904901773566
263,5305,50,-51.68485772609711,0,0.09213037535474843,0.09213037535474843
264,5306,5,-4.0,1,0.0317765735150438,0.0317765735150438
265,5307,9,-8.0,1,0.02923744177964109,0.02923744177964109
266,5308,7,-6.601830959320068,1,0.005713099718960881,0.005713099718960881
267,5309,12,-13.61571753025055,1,0.025758872516730133,0.025758872516730133
268,5310,16,-18.37575113773346,1,0.04326725073956132,0.04326725073956132
269,5311,6,-5.0,1,0.016652277433354755,0.016652277433354755
270,5312,6,-5.419910192489624,1,0.03976675431884369,0.03976675431884369
271,5313,50,-52.1332631111145,0,0.08761218093093676,0.08332758589228713
272,5314,1,0.0,1,0.04415819518307277,0.04415819518307277
273,5315,6,-5.110817790031433,1,0.03480878926063457,0.03480878926063457
274,5316,12,-11.791221976280212,1,0.029462471767686592,0.029462471767686592
275,5317,5,-4.116599202156067,1,0.032711726687735164,0.032711726687735164
276,5318,50,-52.18082106113434,0,0.10758402382252324,0.09751930901116644
277,5319,8,-8.498277306556702,1,0.013950852654419582,0.013950852654419582
278,5320,5,-4.171535491943359,1,0.03955711431640884,0.03955711431640884
279,5321,5,-4.2995845079422,1,0.02580635298092662,0.02580635298092662
280,5322,9,-9.524148941040039,1,0.03472432509955194,0.03472432509955194
281,5323,5,-4.209456920623779,1,0.030188162416410577,0.030188162416410577
282,5324,50,-51.7964346408844,0,0.10854999710312041,0.10854999710312041
283,5325,11,-12.183757781982422,1,0.04037419114125332,0.04037419114125332
284,5326,12,-13.448333740234375,1,0.045563152748460164,0.045563152748460164
285,5327,5,-4.051846742630005,1,0.03292690177043165,0.03292690177043165
286,5328,16,-17.805256605148315,1,0.04244188389251478,0.04244188389251478
287,5329,50,-50.12083947658539,0,0.05263944899210611,0.052246448999458295
288,5330,6,-5.0,1,0.019509313838071383,0.019509313838071383
289,5331,4,-3.0,1,0.018948759971290963,0.018948759971290963
290,5332,5,-5.313560962677002,1,0.0494688068101206,0.0494688068101206
291,5333,1,0.0,1,0.03588714624714018,0.03588714624714018
292,5334,9,-8.707060933113098,1,0.02597096519927613,0.02597096519927613
293,5335,4,-3.0,1,0.04428673263188033,0.04428673263188033
294,5336,5,-4.029102325439453,1,0.04006367565790943,0.04006367565790943
295,5337,8,-7.876812934875488,1,0.04240684522949963,0.04240684522949963
296,5338,4,-3.0,1,0.04996740397046712,0.04996740397046712
297,5339,8,-8.405251383781433,1,0.01480165191396201,0.01480165191396201
298,5340,50,-50.55497169494629,0,0.06361210352590314,0.0630519034885655
299,5341,50,-52.490848898887634,0,0.12548309137659402,0.12533475434694
300,5342,11,-11.088255643844604,1,0.01767387974562186,0.01767387974562186
301,5343,6,-5.40532660484314,1,0.04596163511010055,0.04596163511010055
302,5344,14,-14.862359881401062,1,0.028402328842909157,0.028402328842909157
303,5345,5,-4.0,1,0.043584703220819865,0.043584703220819865
304,5346,4,-3.0,1,0.03420158199212201,0.03420158199212201
305,5347,1,0.0,1,0.028685409828559404,0.028685409828559404
306,5348,8,-8.014227867126465,1,0.028735098172795407,0.028735098172795407
307,5349,8,-7.5755109786987305,1,0.02083370931642939,0.02083370931642939
308,5350,1,0.0,1,0.042235809436090954,0.042235809436090954
309,5351,4,-3.0,1,0.049540437868486206,0.049540437868486206
310,5352,5,-4.489234209060669,1,0.01930223430597708,0.01930223430597708
311,5353,5,-4.081834554672241,1,0.024220027746471712,0.024220027746471712
312,5354,13,-12.91683804988861,1,0.021814745259235137,0.021814745259235137
313,5355,14,-16.165629506111145,1,0.02848465230240062,0.02848465230240062
314,5356,5,-4.0,1,0.013667036178082475,0.013667036178082475
315,5357,6,-5.0,1,0.03527177081096072,0.03527177081096072
316,5358,15,-15.222429275512695,1,0.028955863949087335,0.028955863949087335
317,5359,15,-15.198943972587585,1,0.04827634908276559,0.04827634908276559
318,5360,5,-4.0,1,0.017276745825408706,0.017276745825408706
319,5361,50,-51.34089946746826,0,0.08512181861853693,0.058203892683442005
320,5362,50,-50.87995719909668,0,0.08493792318920378,0.08492862461317371
321,5363,5,-4.215075612068176,1,0.030728072261086835,0.030728072261086835
322,5364,8,-7.3636356592178345,1,0.048918846275125896,0.048918846275125896
323,5365,5,-4.0,1,0.01740426686680828,0.01740426686680828
324,5366,7,-6.255847334861755,1,0.04548149805353241,0.04548149805353241
325,5367,10,-11.04902970790863,1,0.032207075802601556,0.032207075802601556
326,5368,50,-50.932244658470154,0,0.0659327322072233,0.0633015682084904
327,5369,5,-4.0,1,0.048495744651199414,0.048495744651199414
328,5370,7,-6.539775609970093,1,0.03740387437952386,0.03740387437952386
329,5371,6,-5.0,1,0.01805720596961086,0.01805720596961086
330,5372,50,-50.06794261932373,0,0.08492838118141117,0.08449144512860578
331,5373,16,-16.96760129928589,1,0.03982969923023762,0.03982969923023762
332,5374,5,-4.408153176307678,1,0.037658989901494966,0.037658989901494966
333,5375,8,-8.213725924491882,1,0.04980022575704457,0.04980022575704457
334,5376,5,-4.0,1,0.020725623727663952,0.020725623727663952
335,5377,1,0.0,1,0.048358090453334605,0.048358090453334605
336,5378,9,-8.035480618476868,1,0.019568025005748103,0.019568025005748103
337,5379,9,-9.452725172042847,1,0.04682020529420776,0.04682020529420776
338,5380,50,-51.28506135940552,0,0.06779073512075003,0.06775557669164228
339,5381,8,-7.556529879570007,1,0.04404937822928007,0.04404937822928007
340,5382,4,-3.0,1,0.011377197151642185,0.011377197151642185
341,5383,10,-10.405330538749695,1,0.005558463951512828,0.005558463951512828
342,5384,4,-3.0,1,0.04084501100579885,0.04084501100579885
343,5385,9,-9.363646149635315,1,0.0016974963756068635,0.0016974963756068635
344,5386,7,-7.9994179010391235,1,0.028375066662616764,0.028375066662616764
345,5387,5,-4.0,1,0.002792674721882002,0.002792674721882002
346,5388,5,-4.448488235473633,1,0.007506805672704467,0.007506805672704467
347,5389,4,-3.0,1,0.04777582496838787,0.04777582496838787
348,5390,9,-9.028288841247559,1,0.02406948334029683,0.02406948334029683
349,5391,50,-50.788125872612,0,0.08544332422974514,0.08491911768006515
350,5392,1,0.0,1,0.0487591416515973,0.0487591416515973
351,5393,5,-4.056666851043701,1,0.007268668269417738,0.007268668269417738
352,5394,5,-4.255164265632629,1,0.019425410431540675,0.019425410431540675
353,5395,11,-10.026308059692383,1,0.029810585032779786,0.029810585032779786
354,5396,1,0.0,1,0.04255228531839469,0.04255228531839469
355,5397,5,-4.171679615974426,1,0.04189802203050521,0.04189802203050521
356,5398,12,-12.459566116333008,1,0.02501957241010519,0.02501957241010519
357,5399,4,-3.0,1,0.04511063331785448,0.04511063331785448
358,5400,5,-4.632511377334595,1,0.01557146373958058,0.01557146373958058
359,5401,8,-8.39815104007721,1,0.038086551716509064,0.038086551716509064
360,5402,10,-9.810444831848145,1,0.04347296934579832,0.04347296934579832
361,5403,5,-4.457806468009949,1,0.04682491330439304,0.04682491330439304
362,5404,4,-3.0,1,0.03599907720341235,0.03599907720341235
363,5405,5,-4.670825719833374,1,0.04224730123886563,0.04224730123886563
364,5406,50,-52.05999577045441,0,0.11050581261552286,0.08252826957537603
365,5407,7,-6.760374307632446,1,0.03264939793900199,0.03264939793900199
366,5408,8,-8.122161746025085,1,0.04928717690898317,0.04928717690898317
367,5409,8,-8.030386328697205,1,0.022843260483430924,0.022843260483430924
368,5410,14,-15.956175923347473,1,0.049126082040093666,0.049126082040093666
369,5411,6,-5.0,1,0.025939689919835876,0.025939689919835876
370,5412,5,-4.0,1,0.042861817435273175,0.042861817435273175
371,5413,5,-4.0,1,0.02897343915408923,0.02897343915408923
372,5414,5,-4.0,1,0.03074019682789842,0.03074019682789842
373,5415,4,-3.0,1,0.024036478875463084,0.024036478875463084
374,5416,1,0.0,1,0.03648968834917142,0.03648968834917142
375,5417,5,-4.0,1,0.019151128377330434,0.019151128377330434
376,5418,7,-6.0,1,0.04764021255076668,0.04764021255076668
377,5419,5,-4.0,1,0.0179301358877816,0.0179301358877816
378,5420,50,-50.26904237270355,0,0.10068147798005922,0.05143455648837331
379,5421,5,-4.0,1,0.019074209218456508,0.019074209218456508
380,5422,5,-4.0,1,0.031287458860739546,0.031287458860739546
381,5423,7,-7.1987693309783936,1,0.0342368211709261,0.0342368211709261
382,5424,10,-10.554964542388916,1,0.04633373650374299,0.04633373650374299
383,5425,6,-5.798318028450012,1,0.03926094411830883,0.03926094411830883
384,5426,5,-4.0,1,0.03655143104099531,0.03655143104099531
385,5427,15,-16.151196360588074,1,0.034646153608479294,0.034646153608479294
386,5428,4,-3.0,1,0.0290721689347443,0.0290721689347443
387,5429,5,-4.0,1,0.0292939000202942,0.0292939000202942
388,5430,11,-11.955448031425476,1,0.049100907188413506,0.049100907188413506
389,5431,5,-4.0,1,0.004199066484715608,0.004199066484715608
390,5432,5,-4.0,1,0.0387824149923623,0.0387824149923623
391,5433,10,-10.579856753349304,1,0.025264791859899983,0.025264791859899983
392,5434,1,0.0,1,0.017815969864564372,0.017815969864564372
393,5435,10,-10.835246801376343,1,0.01540227209831377,0.01540227209831377
394,5436,1,0.0,1,0.02417963550828681,0.02417963550828681
395,5437,1,0.0,1,0.03183422413074189,0.03183422413074189
396,5438,9,-9.508411526679993,1,0.018812560497735602,0.018812560497735602
397,5439,11,-10.0,1,0.035287252611853365,0.035287252611853365
398,5440,11,-11.891991257667542,1,0.04867897346153913,0.04867897346153913
399,5441,5,-4.680696964263916,1,0.005586896042981966,0.005586896042981966
400,5442,6,-6.104639172554016,1,0.03259895183066618,0.03259895183066618
401,5443,1,0.0,1,0.01874641109439227,0.01874641109439227
402,5444,6,-5.186811208724976,1,0.01628123735611391,0.01628123735611391
403,5445,1,0.0,1,0.018947680652994292,0.018947680652994292
404,5446,5,-4.0,1,0.045340416951515417,0.045340416951515417
405,5447,10,-9.407317042350769,1,0.04623625956921778,0.04623625956921778
406,5448,5,-4.155081748962402,1,0.013024682267707755,0.013024682267707755
407,5449,5,-4.0,1,0.022103655261820652,0.022103655261820652
408,5450,5,-4.0,1,0.0073340511065493556,0.0073340511065493556
409,5451,6,-5.0,1,0.03693240598294951,0.03693240598294951
410,5452,9,-9.653159022331238,1,0.02150706387720282,0.02150706387720282
411,5453,7,-6.204605340957642,1,0.038161521105253754,0.038161521105253754
412,5454,5,-4.336095333099365,1,0.041263021038417134,0.041263021038417134
413,5455,4,-3.0,1,0.031507117784744854,0.031507117784744854
414,5456,1,0.0,1,0.0358772537480741,0.0358772537480741
415,5457,50,-51.64589321613312,0,0.07652051046741626,0.07248865834077277
416,5458,12,-12.996155738830566,1,0.008358901213629106,0.008358901213629106
417,5459,1,0.0,1,0.04690055737560488,0.04690055737560488
418,5460,50,-51.32592332363129,0,0.12291818342899596,0.09905342790873295
419,5461,10,-11.014626145362854,1,0.04557305994695402,0.04557305994695402
420,5462,6,-5.081442356109619,1,0.021864661167962356,0.021864661167962356
421,5463,5,-4.414523005485535,1,0.0060376174290628914,0.0060376174290628914
422,5464,9,-9.551479816436768,1,0.00598231365441553,0.00598231365441553
423,5465,7,-6.2184566259384155,1,0.04670469105684059,0.04670469105684059
424,5466,11,-12.091540575027466,1,0.04106167202682739,0.04106167202682739
425,5467,10,-9.393523812294006,1,0.0434611352915921,0.0434611352915921
426,5468,10,-9.899480938911438,1,0.0215013579375983,0.0215013579375983
427,5469,13,-12.695586681365967,1,0.02446195117458147,0.02446195117458147
428,5470,7,-6.9841601848602295,1,0.043498527700084486,0.043498527700084486
429,5471,50,-50.0,0,0.07903145971908301,0.07903145971908301
430,5472,8,-8.151960849761963,1,0.009320871228236783,0.009320871228236783
431,5473,4,-3.0,1,0.025219130471309224,0.025219130471309224
432,5474,50,-61.23131036758423,0,0.20021510495714293,0.05108561725735037
433,5475,7,-6.842565536499023,1,0.03190669923518507,0.03190669923518507
434,5476,5,-4.0,1,0.045771074754190545,0.045771074754190545
435,5477,7,-6.845883369445801,1,0.043528045143100894,0.043528045143100894
436,5478,8,-7.806549787521362,1,0.01984832127796525,0.01984832127796525
437,5479,5,-4.0,1,0.028992630814715252,0.028992630814715252
438,5480,5,-4.775466203689575,1,0.044801026313357466,0.044801026313357466
439,5481,5,-4.0,1,0.03507498383278863,0.03507498383278863
440,5482,9,-9.322632551193237,1,0.03244769092666418,0.03244769092666418
441,5483,5,-4.0,1,0.04369594888556473,0.04369594888556473
442,5484,7,-6.925191283226013,1,0.047171755896070484,0.047171755896070484
443,5485,50,-50.0,0,0.09302745541036479,0.05826542365012695
444,5486,5,-4.816096305847168,1,0.025549382367202014,0.025549382367202014
445,5487,7,-6.622390508651733,1,0.04549348722352275,0.04549348722352275
446,5488,5,-4.099077939987183,1,0.013124432772713539,0.013124432772713539
447,5489,5,-4.0,1,0.016742233015831796,0.016742233015831796
448,5490,10,-11.03644335269928,1,0.03766563478575393,0.03766563478575393
449,5491,50,-50.76193964481354,0,0.06380999305077317,0.06177605621853647
450,5492,1,0.0,1,0.039185133682737405,0.039185133682737405
451,5493,11,-11.145421147346497,1,0.0327098354595287,0.0327098354595287
452,5494,4,-3.0,1,0.004347300658406531,0.004347300658406531
453,5495,5,-4.642237424850464,1,0.007977337298976395,0.007977337298976395
454,5496,11,-12.224404692649841,1,0.048266947485777686,0.048266947485777686
455,5497,4,-3.0,1,0.04782917817970322,0.04782917817970322
456,5498,5,-4.0,1,0.03834948140299148,0.03834948140299148
457,5499,4,-3.0,1,0.03694581534437365,0.03694581534437365
458,5500,1,0.0,1,0.020832801544659798,0.020832801544659798
459,5501,50,-50.680381655693054,0,0.061931127394324006,0.061931127394324006
460,5502,6,-5.0,1,0.03600213289734052,0.03600213289734052
461,5503,50,-50.50323164463043,0,0.06732656249162569,0.05128470990128525
462,5504,4,-3.0,1,0.04416061280306467,0.04416061280306467
463,5505,6,-5.4080400466918945,1,0.0470551298213585,0.0470551298213585
464,5506,7,-6.605823516845703,1,0.019627790101191235,0.019627790101191235
465,5507,7,-6.828096151351929,1,0.01709297182452381,0.01709297182452381
466,5508,6,-5.0,1,0.04678664702068549,0.04678664702068549
467,5509,6,-5.0,1,0.040609765158177415,0.040609765158177415
468,5510,50,-59.1642507314682,0,0.17122301569144657,0.17112750814615185
469,5511,12,-12.078651428222656,1,0.01553648758344594,0.01553648758344594
470,5512,4,-3.0,1,0.03882160587028447,0.03882160587028447
471,5513,6,-5.0,1,0.0204942648294418,0.0204942648294418
472,5514,1,0.0,1,0.04149625909709536,0.04149625909709536
473,5515,50,-52.882845520973206,0,0.13108863891934494,0.05991926518573279
474,5516,12,-11.824050307273865,1,0.046708691745000024,0.046708691745000024
475,5517,7,-6.666411280632019,1,0.029414396629425736,0.029414396629425736
476,5518,23,-28.5745450258255,1,0.02922881147813107,0.02922881147813107
477,5519,1,0.0,1,0.04075205243488775,0.04075205243488775
478,5520,8,-8.08864152431488,1,0.04776045886916844,0.04776045886916844
479,5521,8,-8.139289855957031,1,0.018864087336295878,0.018864087336295878
480,5522,8,-8.234778642654419,1,0.03821381602525897,0.03821381602525897
481,5523,5,-4.132724761962891,1,0.04805509373820484,0.04805509373820484
482,5524,5,-4.543757081031799,1,0.025367210634525943,0.025367210634525943
483,5525,8,-7.872362375259399,1,0.034360401996828285,0.034360401996828285
484,5526,8,-8.384110808372498,1,0.04482921147682228,0.04482921147682228
485,5527,9,-9.651738405227661,1,0.04510976852648017,0.04510976852648017
486,5528,5,-4.270582437515259,1,0.035390005226512436,0.035390005226512436
487,5529,4,-3.0,1,0.04175301719667331,0.04175301719667331
488,5530,50,-51.42265725135803,0,0.07965977298926645,0.05354604597471162
489,5531,6,-5.0,1,0.020286521724276342,0.020286521724276342
490,5532,50,-53.329941391944885,0,0.133888413249957,0.09306419913234476
491,5533,7,-6.497216701507568,1,0.01464906110913967,0.01464906110913967
492,5534,5,-4.844821929931641,1,0.03292152834203719,0.03292152834203719
493,5535,50,-51.0614253282547,0,0.08578697445705463,0.08578697445705463
494,5536,14,-15.231553316116333,1,0.031055340244753392,0.031055340244753392
495,5537,5,-4.031118631362915,1,0.027031771107262494,0.027031771107262494
496,5538,6,-5.0,1,0.03893761479017161,0.03893761479017161
497,5539,10,-9.0,1,0.03985600502498288,0.03985600502498288
498,5540,8,-7.156827330589294,1,0.03377345592614869,0.03377345592614869
499,5541,7,-7.1313618421554565,1,0.0499281686321325,0.0499281686321325
0,5542,11,-11.642630338668823,1,0.04845790298337163,0.04845790298337163
1,5543,1,0.0,1,0.033336809660990945,0.033336809660990945
2,5544,1,0.0,1,0.03399521325572889,0.03399521325572889
3,5545,5,-4.224614262580872,1,0.007776050379944053,0.007776050379944053
4,5546,8,-7.097066760063171,1,0.04005915623885145,0.04005915623885145
5,5547,10,-10.983892560005188,1,0.029080614225825432,0.029080614225825432
6,5548,7,-6.489550828933716,1,0.03093495499256158,0.03093495499256158
7,5549,5,-4.049119472503662,1,0.047066121003225055,0.047066121003225055
8,5550,1,0.0,1,0.02537322199326346,0.02537322199326346
9,5551,1,0.0,1,0.041477911109925776,0.041477911109925776
10,5552,4,-3.0,1,0.04835271679657438,0.04835271679657438
11,5553,5,-4.006910800933838,1,0.024046956904011273,0.024046956904011273
12,5554,5,-4.09399676322937,1,0.04932178283041042,0.04932178283041042
13,5555,13,-13.368217706680298,1,0.043761553191410195,0.043761553191410195
14,5556,4,-3.0,1,0.04854449437959493,0.04854449437959493
15,5557,4,-3.0,1,0.026131212968516074,0.026131212968516074
16,5558,6,-5.262628197669983,1,0.04886695013251029,0.04886695013251029
17,5559,1,0.0,1,0.01733436218250069,0.01733436218250069
18,5560,6,-5.2948899269104,1,0.03774117323487745,0.03774117323487745
19,5561,12,-13.860482811927795,1,0.02834174870945832,0.02834174870945832
20,5562,5,-4.2565678358078,1,0.018212254512559894,0.018212254512559894
21,5563,6,-6.2217724323272705,1,0.04319961498528269,0.04319961498528269
22,5564,5,-4.575109124183655,1,0.03462232832636598,0.03462232832636598
23,5565,11,-10.409096956253052,1,0.020736766057119264,0.020736766057119264
24,5566,4,-3.0,1,0.03963065951285717,0.03963065951285717
25,5567,6,-5.077356696128845,1,0.02352486379066333,0.02352486379066333
26,5568,1,0.0,1,0.04730181713862953,0.04730181713862953
27,5569,5,-4.947210073471069,1,0.044857284725831906,0.044857284725831906
28,5570,1,0.0,1,0.035967961094345094,0.035967961094345094
29,5571,5,-4.0,1,0.04046157183827558,0.04046157183827558
30,5572,5,-4.306522607803345,1,0.03051314745268726,0.03051314745268726
31,5573,8,-7.378192663192749,1,0.015522981555341988,0.015522981555341988
32,5574,5,-4.848063945770264,1,0.037376133606794974,0.037376133606794974
33,5575,1,0.0,1,0.03520102498503578,0.03520102498503578
34,5576,5,-4.0,1,0.016914948023839485,0.016914948023839485
35,5577,5,-4.290723562240601,1,0.03382857871394097,0.03382857871394097
36,5578,8,-8.274181008338928,1,0.038351085092668415,0.038351085092668415
37,5579,4,-3.0,1,0.02474897087679829,0.02474897087679829
38,5580,50,-50.40888559818268,0,0.05810046027328608,0.05758664240300601
39,5581,5,-4.0,1,0.04798879290003168,0.04798879290003168
40,5582,7,-7.574472904205322,1,0.04018283538099105,0.04018283538099105
41,5583,5,-4.0,1,0.02262758664388353,0.02262758664388353
42,5584,9,-9.492239475250244,1,0.038285843450942394,0.038285843450942394
43,5585,5,-4.49118709564209,1,0.04483108607116245,0.04483108607116245
44,5586,4,-3.0,1,0.016171858151142214,0.016171858151142214
45,5587,8,-7.934218883514404,1,0.04488322216246502,0.04488322216246502
46,5588,6,-5.0,1,0.030705451298933602,0.030705451298933602
47,5589,5,-4.322571039199829,1,0.035809914388823465,0.035809914388823465
48,5590,7,-7.137757301330566,1,0.043912517810641455,0.043912517810641455
49,5591,5,-4.7220247983932495,1,0.031998260719686214,0.031998260719686214
50,5592,5,-4.915912866592407,1,0.04532834390606102,0.04532834390606102
51,5593,5,-4.0,1,0.029090819285568233,0.029090819285568233
52,5594,5,-4.975308656692505,1,0.04955432469433221,0.04955432469433221
53,5595,10,-9.595683574676514,1,0.03269690930463806,0.03269690930463806
54,5596,5,-4.0,1,0.02746405235362831,0.02746405235362831
55,5597,4,-3.0,1,0.0328664958554439,0.0328664958554439
56,5598,5,-4.734241843223572,1,0.006937293275803196,0.006937293275803196
57,5599,5,-4.0,1,0.04000463437483887,0.04000463437483887
58,5600,5,-4.291959881782532,1,0.0023818216306847944,0.0023818216306847944
59,5601,50,-50.0,0,0.06674261575142582,0.06635621218154983
60,5602,5,-4.773311257362366,1,0.0023623357254539475,0.0023623357254539475
61,5603,5,-4.455247640609741,1,0.0359044264663163,0.0359044264663163
62,5604,5,-4.0,1,0.04539152302981777,0.04539152302981777
63,5605,5,-4.127981424331665,1,0.019590304341206326,0.019590304341206326
64,5606,7,-6.0,1,0.03856834466142536,0.03856834466142536
65,5607,6,-5.0,1,0.03700408822302067,0.03700408822302067
66,5608,11,-12.053851008415222,1,0.04459994220578279,0.04459994220578279
67,5609,5,-4.544221997261047,1,0.0245651708112006,0.0245651708112006
68,5610,9,-9.216703534126282,1,0.023688535194950525,0.023688535194950525
69,5611,8,-8.170787930488586,1,0.04563344150854238,0.04563344150854238
70,5612,1,0.0,1,0.022899123980497246,0.022899123980497246
71,5613,5,-4.135797739028931,1,0.04508379031360231,0.04508379031360231
72,5614,4,-3.0,1,0.037435519143787524,0.037435519143787524
73,5615,50,-51.08355128765106,0,0.055930647511141754,0.055930647511141754
74,5616,4,-3.0,1,0.04120663952496926,0.04120663952496926
75,5617,11,-10.367630004882812,1,0.010378712668721717,0.010378712668721717
76,5618,10,-9.689061284065247,1,0.046892368954098325,0.046892368954098325
77,5619,5,-5.150445103645325,1,0.03877974386386086,0.03877974386386086
78,5620,9,-9.165329694747925,1,0.016335293008861176,0.016335293008861176
79,5621,5,-4.0,1,0.022295790533408296,0.022295790533408296
80,5622,5,-4.0,1,0.018317380231243373,0.018317380231243373
81,5623,5,-4.0,1,0.048786878699405775,0.048786878699405775
82,5624,5,-4.795616865158081,1,0.03404799831800876,0.03404799831800876
83,5625,5,-4.0,1,0.03421512386062255,0.03421512386062255
84,5626,5,-4.306468844413757,1,0.017137841611752875,0.017137841611752875
85,5627,8,-8.98573088645935,1,0.03337904888653149,0.03337904888653149
86,5628,50,-53.47168254852295,0,0.1261913791592242,0.11516259008696957
87,5629,5,-4.0,1,0.031085409681833324,0.031085409681833324
88,5630,13,-14.352087378501892,1,0.041441248168654014,0.041441248168654014
89,5631,5,-4.0,1,0.037168362145357826,0.037168362145357826
90,5632,15,-14.523485660552979,1,0.02535607310767146,0.02535607310767146
91,5633,4,-3.0,1,0.04003055938359627,0.04003055938359627
92,5634,50,-50.01186788082123,0,0.05236626798846707,0.05236626798846707
93,5635,14,-14.592536568641663,1,0.035043412917659854,0.035043412917659854
94,5636,7,-6.0,1,0.041691664929745895,0.041691664929745895
95,5637,4,-3.0,1,0.03705392028512125,0.03705392028512125
96,5638,1,0.0,1,0.01657745743881213,0.01657745743881213
97,5639,5,-4.03191864490509,1,0.044370160796493925,0.044370160796493925
98,5640,8,-7.030222415924072,1,0.030681145502610464,0.030681145502610464
99,5641,11,-11.619885802268982,1,0.02050126270607294,0.02050126270607294
100,5642,6,-5.0,1,0.04418459391853627,0.04418459391853627
101,5643,8,-8.240658283233643,1,0.04876928904216247,0.04876928904216247
102,5644,8,-7.6832722425460815,1,0.04600775721556917,0.04600775721556917
103,5645,7,-6.547771573066711,1,0.03636020046310724,0.03636020046310724
104,5646,1,0.0,1,0.026841329929949486,0.026841329929949486
105,5647,8,-8.100965857505798,1,0.027919750266639783,0.027919750266639783
106,5648,8,-8.935948371887207,1,0.04518683937181743,0.04518683937181743
107,5649,11,-12.333250403404236,1,0.04327673478641616,0.04327673478641616
108,5650,4,-3.0,1,0.0381065184360325,0.0381065184360325
109,5651,50,-54.898868441581726,0,0.14286988380540447,0.14285855653429344
110,5652,5,-4.298178315162659,1,0.02328837756597127,0.02328837756597127
111,5653,5,-4.0,1,0.023233080072168552,0.023233080072168552
112,5654,9,-9.388155937194824,1,0.03543179930501902,0.03543179930501902
113,5655,4,-3.0,1,0.03520067465886835,0.03520067465886835
114,5656,5,-4.0,1,0.015467231647956567,0.015467231647956567
115,5657,10,-9.64224112033844,1,0.04962354344031037,0.04962354344031037
116,5658,5,-4.0,1,0.036813723034954275,0.036813723034954275
117,5659,1,0.0,1,0.035653240250044134,0.035653240250044134
118,5660,5,-4.0,1,0.019141228650848587,0.019141228650848587
119,5661,6,-5.0,1,0.027576165143186056,0.027576165143186056
120,5662,7,-6.925735950469971,1,0.03784954519673379,0.03784954519673379
121,5663,4,-3.0,1,0.04162083190129901,0.04162083190129901
122,5664,1,0.0,1,0.026973474367399674,0.026973474367399674
123,5665,8,-7.700204372406006,1,0.036394174135177974,0.036394174135177974
124,5666,5,-4.0,1,0.008141782185624459,0.008141782185624459
125,5667,8,-7.0,1,0.044668631091390715,0.044668631091390715
126,5668,13,-14.610200643539429,1,0.043912679001743664,0.043912679001743664
127,5669,5,-4.285752058029175,1,0.037873401200898764,0.037873401200898764
128,5670,6,-5.0,1,0.02917325366696285,0.02917325366696285
129,5671,6,-5.206183910369873,1,0.03698514753382033,0.03698514753382033
130,5672,8,-8.09101665019989,1,0.03913315496722095,0.03913315496722095
131,5673,7,-7.0706000328063965,1,0.035211842732402535,0.035211842732402535
132,5674,13,-12.41582715511322,1,0.04538024287130082,0.04538024287130082
133,5675,9,-9.913219094276428,1,0.03936421630420155,0.03936421630420155
134,5676,5,-4.039310097694397,1,0.004369826952647032,0.004369826952647032
135,5677,5,-4.0,1,0.04806406070142899,0.04806406070142899
136,5678,5,-4.040419816970825,1,0.042280378987736664,0.042280378987736664
137,5679,9,-10.446879148483276,1,0.045564020211996716,0.045564020211996716
138,5680,4,-3.0,1,0.04420848734117502,0.04420848734117502
139,5681,6,-5.687475204467773,1,0.020757449984774468,0.020757449984774468
140,5682,4,-3.0,1,0.014599785373864839,0.014599785373864839
141,5683,5,-4.0,1,0.03884752311903471,0.03884752311903471
142,5684,5,-4.8424012660980225,1,0.04615734987525473,0.04615734987525473
143,5685,9,-9.729382038116455,1,0.018415379803453553,0.018415379803453553
144,5686,6,-5.213507771492004,1,0.03201304922206256,0.03201304922206256
145,5687,6,-5.456741213798523,1,0.028401924295592677,0.028401924295592677
146,5688,5,-4.0,1,0.03603326415616679,0.03603326415616679
147,5689,5,-4.0,1,0.034432626696209265,0.034432626696209265
148,5690,8,-8.68361234664917,1,0.04492661972122061,0.04492661972122061
149,5691,5,-4.526092290878296,1,0.012179909351161118,0.012179909351161118
150,5692,6,-5.0,1,0.024760178133056806,0.024760178133056806
151,5693,5,-4.476492762565613,1,0.031122884992443537,0.031122884992443537
152,5694,5,-4.0,1,0.038461984537136666,0.038461984537136666
153,5695,9,-9.98651385307312,1,0.012769328488177337,0.012769328488177337
154,5696,7,-6.767102599143982,1,0.03728407417489279,0.03728407417489279
155,5697,10,-10.633860349655151,1,0.007159847369385381,0.007159847369385381
156,5698,8,-7.982840180397034,1,0.022835786211892282,0.022835786211892282
157,5699,1,0.0,1,0.021549932188594533,0.021549932188594533
158,5700,1,0.0,1,0.048310394141543776,0.048310394141543776
159,5701,50,-50.779672384262085,0,0.06927698477020669,0.06199587677193792
160,5702,5,-4.770454049110413,1,0.04222154110329863,0.04222154110329863
161,5703,1,0.0,1,0.02630755013054287,0.02630755013054287
162,5704,1,0.0,1,0.035127636629287515,0.035127636629287515
163,5705,6,-5.0,1,0.044737754130986296,0.044737754130986296
164,5706,1,0.0,1,0.03382938610588549,0.03382938610588549
165,5707,4,-3.0,1,0.04855991068911616,0.04855991068911616
166,5708,6,-5.0,1,0.04841289953488505,0.04841289953488505
167,5709,8,-7.912645936012268,1,0.008585920329932313,0.008585920329932313
168,5710,10,-9.02027177810669,1,0.02351946543137103,0.02351946543137103
169,5711,7,-6.599026441574097,1,0.04974285251336719,0.04974285251336719
170,5712,5,-4.437960147857666,1,0.03781541676663697,0.03781541676663697
171,5713,7,-7.0108349323272705,1,0.0358971228653204,0.0358971228653204
172,5714,5,-4.865482330322266,1,0.008889437521441999,0.008889437521441999
173,5715,1,0.0,1,0.036882040857584224,0.036882040857584224
174,5716,13,-13.389394640922546,1,0.029977243099315674,0.029977243099315674
175,5717,50,-50.0,0,0.05030413704527564,0.05030413704527564
176,5718,5,-4.0,1,0.015038789505819578,0.015038789505819578
177,5719,5,-4.0,1,0.04127068033668374,0.04127068033668374
178,5720,11,-11.530879616737366,1,0.015045668828407039,0.015045668828407039
179,5721,6,-5.1177815198898315,1,0.04078641551238956,0.04078641551238956
180,5722,5,-4.0,1,0.02489627124161246,0.02489627124161246
181,5723,13,-12.0,1,0.030125890242760127,0.030125890242760127
182,5724,5,-4.280770778656006,1,0.017386856178156915,0.017386856178156915
183,5725,6,-5.216923117637634,1,0.03682168871138051,0.03682168871138051
184,5726,12,-12.144052982330322,1,0.038085152149944956,0.038085152149944956
185,5727,5,-4.0,1,0.03580993875555988,0.03580993875555988
186,5728,8,-8.561663746833801,1,0.03209589229590123,0.03209589229590123
187,5729,1,0.0,1,0.028348369797163823,0.028348369797163823
188,5730,5,-4.725900650024414,1,0.01509712238744245,0.01509712238744245
189,5731,9,-8.092525839805603,1,0.014408850207550675,0.014408850207550675
190,5732,6,-5.997382402420044,1,0.019697795473283198,0.019697795473283198
191,5733,5,-4.0,1,0.03245993619151969,0.03245993619151969
192,5734,5,-4.422745585441589,1,0.04063285498103983,0.04063285498103983
193,5735,5,-4.89573860168457,1,0.034833518126030506,0.034833518126030506
194,5736,6,-5.0,1,0.04944424117684313,0.04944424117684313
195,5737,5,-4.0,1,0.017719856648307494,0.017719856648307494
196,5738,5,-4.524010062217712,1,0.04835821979221765,0.04835821979221765
197,5739,8,-8.331910490989685,1,0.049497978786591075,0.049497978786591075
198,5740,4,-3.0,1,0.019614218082982592,0.019614218082982592
199,5741,5,-4.131941795349121,1,0.04424476073369714,0.04424476073369714
200,5742,6,-5.988452196121216,1,0.03530953770662886,0.03530953770662886
201,5743,1,0.0,1,0.019979397350886302,0.019979397350886302
202,5744,4,-3.0,1,0.025405853256877352,0.025405853256877352
203,5745,6,-5.0,1,0.034365536457634134,0.034365536457634134
204,5746,50,-53.06586158275604,0,0.13134148219695507,0.050899022704687956
205,5747,50,-51.501882433891296,0,0.1091770358302097,0.10910423874168822
206,5748,11,-10.13589084148407,1,0.023474458533663162,0.023474458533663162
207,5749,5,-4.0,1,0.018671249938812577,0.018671249938812577
208,5750,1,0.0,1,0.017364684983508513,0.017364684983508513
209,5751,9,-9.308661580085754,1,0.04748623710058504,0.04748623710058504
210,5752,9,-8.044860482215881,1,0.012108705729586194,0.012108705729586194
211,5753,8,-8.813584804534912,1,0.009257157823486276,0.009257157823486276
212,5754,6,-5.053912401199341,1,0.02606004221817309,0.02606004221817309
213,5755,50,-50.0,0,0.11373549847030043,0.08141306883376458
214,5756,4,-3.0,1,0.03231458417040923,0.03231458417040923
215,5757,5,-4.158754467964172,1,0.02067900481251673,0.02067900481251673
216,5758,7,-6.525396943092346,1,0.04495258032220441,0.04495258032220441
217,5759,14,-15.329471945762634,1,0.027861704266842834,0.027861704266842834
218,5760,5,-4.196006178855896,1,0.03184766551424694,0.03184766551424694
219,5761,11,-10.278438091278076,1,0.017579114753367826,0.017579114753367826
220,5762,5,-4.0,1,0.030561226002082036,0.030561226002082036
221,5763,4,-3.0,1,0.049601779830078956,0.049601779830078956
222,5764,6,-5.65973424911499,1,0.006477994117670601,0.006477994117670601
223,5765,4,-3.0,1,0.020846394579253313,0.020846394579253313
224,5766,1,0.0,1,0.01604731358279466,0.01604731358279466
225,5767,5,-4.048232913017273,1,0.041570295879650644,0.041570295879650644
226,5768,4,-3.0,1,0.030528547838927885,0.030528547838927885
227,5769,9,-8.0,1,0.017199607487516838,0.017199607487516838
228,5770,5,-4.0,1,0.011137010965478058,0.011137010965478058
229,5771,6,-5.11124849319458,1,0.009242281279785408,0.009242281279785408
230,5772,6,-6.109025597572327,1,0.0371004701982623,0.0371004701982623
231,5773,5,-4.0,1,0.0008379629541444458,0.0008379629541444458
232,5774,16,-17.892937183380127,1,0.049967603543699515,0.049967603543699515
233,5775,9,-8.263664722442627,1,0.04028072154926986,0.04028072154926986
234,5776,5,-4.439432740211487,1,0.040507112697524966,0.040507112697524966
235,5777,8,-7.859523415565491,1,0.027414485261937713,0.027414485261937713
236,5778,5,-4.0,1,0.01541740877274879,0.01541740877274879
237,5779,5,-4.27854323387146,1,0.028664720562266474,0.028664720562266474
238,5780,10,-10.706317663192749,1,0.039778897115081945,0.039778897115081945
239,5781,4,-3.0,1,0.04254991235022436,0.04254991235022436
240,5782,50,-50.48609018325806,0,0.07310764704741031,0.05741543451993354
241,5783,8,-8.265838980674744,1,0.0370250013849147,0.0370250013849147
242,5784,50,-51.04488289356232,0,0.07749345584359733,0.07161747507334262
243,5785,5,-4.546097040176392,1,0.0339869776542258,0.0339869776542258
244,5786,9,-8.0,1,0.014372913404635423,0.014372913404635423
245,5787,1,0.0,1,0.009745374521982961,0.009745374521982961
246,5788,4,-3.0,1,0.04903785645871721,0.04903785645871721
247,5789,9,-9.132861733436584,1,0.014689948000920362,0.014689948000920362
248,5790,7,-6.974648714065552,1,0.02907598101628233,0.02907598101628233
249,5791,6,-5.0,1,0.025719234048356413,0.025719234048356413
250,5792,5,-4.0,1,0.010909569946554329,0.010909569946554329
251,5793,19,-19.48110580444336,1,0.010551774839784612,0.010551774839784612
252,5794,8,-8.143968343734741,1,0.03382071782561567,0.03382071782561567
253,5795,11,-12.290703296661377,1,0.04672561483543989,0.04672561483543989
254,5796,5,-4.699090242385864,1,0.036083833563544325,0.036083833563544325
255,5797,9,-9.20471704006195,1,0.03171444629443534,0.03171444629443534
256,5798,1,0.0,1,0.046503570778219254,0.046503570778219254
257,5799,50,-50.3290776014328,0,0.05742428164585812,0.056902107220987055
258,5800,5,-4.0,1,0.0150359479859833,0.0150359479859833
259,5801,9,-9.433279752731323,1,0.03570917280568628,0.03570917280568628
260,5802,9,-9.527353286743164,1,0.040059030940257985,0.040059030940257985
261,5803,15,-15.389992475509644,1,0.03425297918020372,0.03425297918020372
262,5804,7,-6.836714506149292,1,0.02307234771094501,0.02307234771094501
263,5805,8,-7.732738733291626,1,0.014669340074716626,0.014669340074716626
264,5806,8,-7.194440484046936,1,0.04535098282640264,0.04535098282640264
265,5807,5,-4.285623669624329,1,0.024855837691441524,0.024855837691441524
266,5808,12,-11.0,1,0.03657303369405916,0.03657303369405916
267,5809,5,-4.569265127182007,1,0.04746573227388566,0.04746573227388566
268,5810,12,-13.406819581985474,1,0.025474634312250586,0.025474634312250586
269,5811,50,-52.20645809173584,0,0.12872383450420755,0.05570108718874288
270,5812,17,-18.331604480743408,1,0.04129326531016775,0.04129326531016775
271,5813,1,0.0,1,0.024458506731358104,0.024458506731358104
272,5814,50,-50.66278648376465,0,0.061830030382438214,0.06176283179343832
273,5815,1,0.0,1,0.045752039578778325,0.045752039578778325
274,5816,5,-4.052647948265076,1,0.02125835769993453,0.02125835769993453
275,5817,5,-4.345812797546387,1,0.014044227555868129,0.014044227555868129
276,5818,6,-5.9517927169799805,1,0.026688648759988907,0.026688648759988907
277,5819,6,-5.0,1,0.04719768078668882,0.04719768078668882
278,5820,5,-4.0,1,0.031564610059350906,0.031564610059350906
279,5821,50,-50.68791878223419,0,0.05868182374688778,0.0515782782404716
280,5822,5,-4.0,1,0.021966567253510903,0.021966567253510903
281,5823,7,-6.907871842384338,1,0.04645634247047707,0.04645634247047707
282,5824,5,-4.0,1,0.04276980587902886,0.04276980587902886
283,5825,1,0.0,1,0.03163036772668582,0.03163036772668582
284,5826,9,-9.124830961227417,1,0.035207070357905663,0.035207070357905663
285,5827,50,-54.10381722450256,0,0.1373642864374806,0.1373642864374806
286,5828,15,-15.87647819519043,1,0.04558395616923135,0.04558395616923135
287,5829,9,-9.65187382698059,1,0.01060223159067604,0.01060223159067604
288,5830,6,-5.462260723114014,1,0.014240035032648481,0.014240035032648481
289,5831,5,-4.37037718296051,1,0.009641322577147508,0.009641322577147508
290,5832,5,-4.0,1,0.04854478267416166,0.04854478267416166
291,5833,6,-5.2186561822891235,1,0.043355579318531345,0.043355579318531345
292,5834,8,-8.194264769554138,1,0.04125629359121214,0.04125629359121214
293,5835,5,-4.373584628105164,1,0.0225589010493061,0.0225589010493061
294,5836,50,-52.39323973655701,0,0.0877320780229502,0.05834411438871614
295,5837,50,-59.65600025653839,0,0.19124427420142054,0.11985717843338901
296,5838,5,-4.213931202888489,1,0.032206427267005275,0.032206427267005275
297,5839,6,-5.0,1,0.03075366400521208,0.03075366400521208
298,5840,50,-52.099220871925354,0,0.1217424171741564,0.05970292637634406
299,5841,50,-51.10032272338867,0,0.07329173892973793,0.05533446053826105
300,5842,5,-4.336949825286865,1,0.02176879856799532,0.02176879856799532
301,5843,6,-5.4482715129852295,1,0.036617147631753076,0.036617147631753076
302,5844,14,-14.682647347450256,1,0.027308164920571334,0.027308164920571334
303,5845,50,-50.708470821380615,0,0.10810080103411297,0.09142256593957733
304,5846,4,-3.0,1,0.03226132515942213,0.03226132515942213
305,5847,8,-7.81935715675354,1,0.04496248055847789,0.04496248055847789
306,5848,9,-8.683117151260376,1,0.04664526292496281,0.04664526292496281
307,5849,6,-6.245590925216675,1,0.029677822957815087,0.029677822957815087
308,5850,7,-6.6618640422821045,1,0.02394686164272307,0.02394686164272307
309,5851,1,0.0,1,0.027026350951232077,0.027026350951232077
310,5852,50,-51.098355531692505,0,0.10903334682003368,0.10848452331928662
311,5853,13,-13.506776928901672,1,0.004482747992541736,0.004482747992541736
312,5854,7,-7.081026554107666,1,0.021258768327803972,0.021258768327803972
313,5855,10,-10.319250226020813,1,0.041560343001506676,0.041560343001506676
314,5856,9,-8.469848155975342,1,0.026626371501887996,0.026626371501887996
315,5857,6,-5.849379301071167,1,0.03334907524346314,0.03334907524346314
316,5858,14,-16.040215611457825,1,0.041624841139344,0.041624841139344
317,5859,6,-5.410313963890076,1,0.037183544927341675,0.037183544927341675
318,5860,4,-3.0,1,0.023722107094669303,0.023722107094669303
319,5861,6,-5.133368015289307,1,0.025566848868795247,0.025566848868795247
320,5862,1,0.0,1,0.04670452283429775,0.04670452283429775
321,5863,1,0.0,1,0.048852196607468236,0.048852196607468236
322,5864,9,-8.4156893491745,1,0.03893989443288053,0.03893989443288053
323,5865,6,-5.252559304237366,1,0.03527225613527407,0.03527225613527407
324,5866,7,-6.47271203994751,1,0.024655987953858774,0.024655987953858774
325,5867,50,-51.07208549976349,0,0.07507638421690808,0.06407944899759278
326,5868,18,-18.940210700035095,1,0.027655190697474713,0.027655190697474713
327,5869,9,-8.0,1,0.04805286348429711,0.04805286348429711
328,5870,5,-4.54952335357666,1,0.039931734571455754,0.039931734571455754
329,5871,50,-51.19877779483795,0,0.07318843143160277,0.07239741338973919
330,5872,6,-5.469024181365967,1,0.04643363637327935,0.04643363637327935
331,5873,14,-15.22020423412323,1,0.04685685206149445,0.04685685206149445
332,5874,5,-4.142061233520508,1,0.028723733185668756,0.028723733185668756
333,5875,12,-13.648311614990234,1,0.03387239837920463,0.03387239837920463
334,5876,5,-4.045912981033325,1,0.02370270506711535,0.02370270506711535
335,5877,1,0.0,1,0.02470388792606647,0.02470388792606647
336,5878,8,-7.9050822257995605,1,0.045998298726435426,0.045998298726435426
337,5879,4,-3.0,1,0.03889545477519933,0.03889545477519933
338,5880,50,-51.14841842651367,0,0.09585923671532379,0.0650282241173867
339,5881,11,-11.7219797372818,1,0.026620967793274372,0.026620967793274372
340,5882,5,-4.3666263818740845,1,0.030737893346933193,0.030737893346933193
341,5883,5,-4.8183112144470215,1,0.0491129476022289,0.0491129476022289
342,5884,5,-4.0,1,0.02258847091996833,0.02258847091996833
343,5885,5,-4.0,1,0.030786043083423906,0.030786043083423906
344,5886,5,-4.0,1,0.01560609432110033,0.01560609432110033
345,5887,1,0.0,1,0.03976050665727248,0.03976050665727248
346,5888,4,-3.0,1,0.004826869591084513,0.004826869591084513
347,5889,8,-8.053101181983948,1,0.03468269073155345,0.03468269073155345
348,5890,7,-6.0,1,0.020209285747905203,0.020209285747905203
349,5891,4,-3.0,1,0.04820202027150472,0.04820202027150472
350,5892,5,-4.116990923881531,1,0.022622183307686575,0.022622183307686575
351,5893,9,-9.47983694076538,1,0.024125467036144328,0.024125467036144328
352,5894,50,-51.06648504734039,0,0.11323195938658909,0.05251845218438461
353,5895,50,-50.23845314979553,0,0.11037497898507416,0.10976078336874179
354,5896,1,0.0,1,0.03015923546158638,0.03015923546158638
355,5897,8,-8.508966565132141,1,0.026600089157260642,0.026600089157260642
356,5898,50,-51.319745779037476,0,0.11343650647227108,0.05410181028244753
357,5899,5,-4.567809700965881,1,0.03342023648159449,0.03342023648159449
358,5900,5,-4.1857218742370605,1,0.03596713061575874,0.03596713061575874
359,5901,5,-4.0,1,0.04420383414964131,0.04420383414964131
360,5902,9,-10.25708794593811,1,0.042290958686945226,0.042290958686945226
361,5903,10,-10.381035923957825,1,0.048460448919333154,0.048460448919333154
362,5904,8,-8.502851009368896,1,0.03615494977394769,0.03615494977394769
363,5905,7,-6.82496452331543,1,0.02054795026999247,0.02054795026999247
364,5906,4,-3.0,1,0.03059097810943621,0.03059097810943621
365,5907,8,-7.0,1,0.01480736612116587,0.01480736612116587
366,5908,8,-8.061242699623108,1,0.0341584914492988,0.0341584914492988
367,5909,1,0.0,1,0.012695342540539657,0.012695342540539657
368,5910,5,-4.268024921417236,1,0.04538355267463761,0.04538355267463761
369,5911,50,-51.69734263420105,0,0.06158698469820469,0.06158698469820469
370,5912,5,-5.1502052545547485,1,0.04378983787612433,0.04378983787612433
371,5913,5,-4.0,1,0.04181841340544142,0.04181841340544142
372,5914,6,-5.233748078346252,1,0.03484471230568521,0.03484471230568521
373,5915,6,-6.04131817817688,1,0.04158934438955305,0.04158934438955305
374,5916,10,-10.841880083084106,1,0.02898403091104385,0.02898403091104385
375,5917,50,-53.1460896730423,0,0.13171238540516939,0.13171238540516939
376,5918,5,-4.433809399604797,1,0.041272959629761796,0.041272959629761796
377,5919,6,-5.264281272888184,1,0.024417039801591715,0.024417039801591715
378,5920,4,-3.0,1,0.023657753942239092,0.023657753942239092
379,5921,5,-4.0,1,0.04654148985552823,0.04654148985552823
380,5922,4,-3.0,1,0.03197055043772164,0.03197055043772164
381,5923,4,-3.0,1,0.04813601076392527,0.04813601076392527
382,5924,5,-4.0,1,0.045278361379001035,0.045278361379001035
383,5925,50,-56.84680736064911,0,0.16432616296883062,0.10812209579060553
384,5926,6,-5.0,1,0.047610827905029615,0.047610827905029615
385,5927,5,-4.689404726028442,1,0.026827267650247875,0.026827267650247875
386,5928,50,-53.25482416152954,0,0.13114697113846255,0.13098594600838634
387,5929,50,-50.7203905582428,0,0.05635114321075927,0.05635114321075927
388,5930,5,-4.703268527984619,1,0.03635282648975045,0.03635282648975045
389,5931,5,-4.309142112731934,1,0.034627684788418434,0.034627684788418434
390,5932,1,0.0,1,0.04655583738334533,0.04655583738334533
391,5933,4,-3.0,1,0.03134121197242506,0.03134121197242506
392,5934,15,-15.859392404556274,1,0.02861513303008879,0.02861513303008879
393,5935,6,-5.0,1,0.032434778470557396,0.032434778470557396
394,5936,50,-50.3595404624939,0,0.08909867825600351,0.06698945247228198
395,5937,5,-4.837379455566406,1,0.021374765181653765,0.021374765181653765
396,5938,5,-4.497685790061951,1,0.03331653842521669,0.03331653842521669
397,5939,5,-4.024072647094727,1,0.01457850264811502,0.01457850264811502
398,5940,5,-4.971583604812622,1,0.042484023257651035,0.042484023257651035
399,5941,5,-4.560218453407288,1,0.02548534845944872,0.02548534845944872
400,5942,12,-13.091218113899231,1,0.0300565946938806,0.0300565946938806
401,5943,7,-6.613752603530884,1,0.03212715694008074,0.03212715694008074
402,5944,8,-7.890541195869446,1,0.02648605229700978,0.02648605229700978
403,5945,9,-10.603233695030212,1,0.023666312156714227,0.023666312156714227
404,5946,5,-4.571777820587158,1,0.037932227448102006,0.037932227448102006
405,5947,10,-9.0,1,0.02672618722848929,0.02672618722848929
406,5948,10,-9.0,1,0.006310430134055444,0.006310430134055444
407,5949,1,0.0,1,0.03150171871477943,0.03150171871477943
408,5950,4,-3.0,1,0.0313858912802599,0.0313858912802599
409,5951,4,-3.0,1,0.03774466774444744,0.03774466774444744
410,5952,5,-4.797290325164795,1,0.021613487548337446,0.021613487548337446
411,5953,10,-11.18343472480774,1,0.04303702395399892,0.04303702395399892
412,5954,4,-3.0,1,0.03789299420859732,0.03789299420859732
413,5955,5,-4.693396329879761,1,0.018389206516062497,0.018389206516062497
414,5956,4,-3.0,1,0.03103909169075806,0.03103909169075806
415,5957,50,-52.86088979244232,0,0.12749009209034243,0.12749009209034243
416,5958,5,-4.0,1,0.03302285038610852,0.03302285038610852
417,5959,11,-11.02424681186676,1,0.028038683754910254,0.028038683754910254
418,5960,7,-6.84514045715332,1,0.048213997934659476,0.048213997934659476
419,5961,5,-4.649531841278076,1,0.02673249682259856,0.02673249682259856
420,5962,4,-3.0,1,0.027531259283414006,0.027531259283414006
421,5963,14,-14.778192520141602,1,0.040034752894111424,0.040034752894111424
422,5964,5,-4.120739459991455,1,0.023692489183739524,0.023692489183739524
423,5965,1,0.0,1,0.016950819648682936,0.016950819648682936
424,5966,6,-5.158668041229248,1,0.02283008351392893,0.02283008351392893
425,5967,9,-8.943437576293945,1,0.019612868428570466,0.019612868428570466
426,5968,9,-10.185883402824402,1,0.011836394574780723,0.011836394574780723
427,5969,5,-4.046309947967529,1,0.03414610406267174,0.03414610406267174
428,5970,8,-9.168179035186768,1,0.04666090089208187,0.04666090089208187
429,5971,10,-10.653435945510864,1,0.012130112966959547,0.012130112966959547
430,5972,4,-3.0,1,0.028652158089921737,0.028652158089921737
431,5973,50,-50.953238129615784,0,0.09116979407271955,0.09116979407271955
432,5974,5,-4.0,1,0.03586410520599205,0.03586410520599205
433,5975,1,0.0,1,0.017154641340369193,0.017154641340369193
434,5976,4,-3.0,1,0.024026816104187054,0.024026816104187054
435,5977,5,-4.0,1,0.025753585400474382,0.025753585400474382
436,5978,5,-4.0,1,0.011465809707628614,0.011465809707628614
437,5979,50,-51.384681701660156,0,0.09702033653402221,0.09679297241119213
438,5980,1,0.0,1,0.0241338411356522,0.0241338411356522
439,5981,50,-54.44233679771423,0,0.133081573418648,0.13265201375515914
440,5982,1,0.0,1,0.0341922106726326,0.0341922106726326
441,5983,7,-6.813301920890808,1,0.0268714847106473,0.0268714847106473
442,5984,4,-3.0,1,0.04063184130883994,0.04063184130883994
443,5985,7,-6.63054084777832,1,0.015326252666259197,0.015326252666259197
444,5986,7,-6.912238597869873,1,0.017359991071790613,0.017359991071790613
445,5987,9,-9.538346648216248,1,0.04136136333591021,0.04136136333591021
446,5988,10,-10.991013884544373,1,0.039016271574460214,0.039016271574460214
447,5989,8,-8.30592679977417,1,0.04167840222509217,0.04167840222509217
448,5990,50,-50.942994475364685,0,0.05046598822753453,0.05046598822753453
449,5991,5,-4.101557731628418,1,0.01799153204779855,0.01799153204779855
450,5992,5,-4.0,1,0.03664000481799346,0.03664000481799346
451,5993,7,-6.577636480331421,1,0.0339070537420489,0.0339070537420489
452,5994,10,-10.071197152137756,1,0.04276803069831679,0.04276803069831679
453,5995,6,-5.146878719329834,1,0.02972211577978355,0.02972211577978355
454,5996,50,-50.8961501121521,0,0.06379062038608879,0.06379062038608879
455,5997,5,-4.922474145889282,1,0.006422835956154066,0.006422835956154066
456,5998,9,-9.259127855300903,1,0.022539109677429014,0.022539109677429014
457,5999,5,-4.059321880340576,1,0.01136464470476337,0.01136464470476337
458,6000,50,-51.291060090065,0,0.08994004332638014,0.08939792501766397
459,6001,9,-8.357807397842407,1,0.0460845590023939,0.0460845590023939
460,6002,5,-4.025517821311951,1,0.02515716905425936,0.02515716905425936
461,6003,9,-9.008965969085693,1,0.04822115564424219,0.04822115564424219
462,6004,5,-4.0,1,0.029225494197769333,0.029225494197769333
463,6005,18,-21.021135926246643,1,0.03729993287542386,0.03729993287542386
464,6006,50,-52.24210786819458,0,0.09397611742008719,0.09397611742008719
465,6007,6,-5.419209122657776,1,0.04209230597829418,0.04209230597829418
466,6008,5,-4.0,1,0.041033863650613435,0.041033863650613435
467,6009,5,-4.967825174331665,1,0.019937239302351306,0.019937239302351306
468,6010,5,-4.293776631355286,1,0.04009871789390646,0.04009871789390646
469,6011,7,-7.259145379066467,1,0.04621303459954074,0.04621303459954074
470,6012,5,-4.100318551063538,1,0.009322364458481423,0.009322364458481423
471,6013,50,-52.806163907051086,0,0.1319861918757356,0.05647532585779383
472,6014,9,-9.482641339302063,1,0.039004336174877086,0.039004336174877086
473,6015,5,-4.635637879371643,1,0.04830206700442784,0.04830206700442784
474,6016,5,-4.975722789764404,1,0.04749649854880592,0.04749649854880592
475,6017,7,-6.872885584831238,1,0.03313126592085981,0.03313126592085981
476,6018,8,-7.500362753868103,1,0.013744371139242045,0.013744371139242045
477,6019,5,-4.571628928184509,1,0.043406053185525435,0.043406053185525435
478,6020,5,-4.0,1,0.03501906370713197,0.03501906370713197
479,6021,7,-6.028978586196899,1,0.04560996703962834,0.04560996703962834
480,6022,7,-7.150951385498047,1,0.041469554436426394,0.041469554436426394
481,6023,4,-3.0,1,0.027086920101750026,0.027086920101750026
482,6024,5,-4.0,1,0.03223142915491896,0.03223142915491896
483,6025,7,-7.505927324295044,1,0.021001047852906907,0.021001047852906907
484,6026,4,-3.0,1,0.04839307925423277,0.04839307925423277
485,6027,9,-9.299153089523315,1,0.02319832403732501,0.02319832403732501
486,6028,5,-4.0,1,0.005948968986500758,0.005948968986500758
487,6029,5,-4.904622912406921,1,0.03676493597214401,0.03676493597214401
488,6030,5,-4.0,1,0.04489909786900095,0.04489909786900095
489,6031,7,-6.733781814575195,1,0.04197097827035802,0.04197097827035802
490,6032,5,-4.0,1,0.018633898421790494,0.018633898421790494
491,6033,7,-7.079432129859924,1,0.03059047218438885,0.03059047218438885
492,6034,50,-52.32647347450256,0,0.1369320744422012,0.05542659586534107
493,6035,5,-4.802114367485046,1,0.024844776363244142,0.024844776363244142
494,6036,19,-20.0030859708786,1,0.02570409659495246,0.02570409659495246
495,6037,7,-6.746116995811462,1,0.041889727375305025,0.041889727375305025
496,6038,6,-5.0,1,0.040805777850607884,0.040805777850607884
497,6039,1,0.0,1,0.0364264446495402,0.0364264446495402
498,6040,50,-51.086989402770996,0,0.10242145808465256,0.10193026946933634
499,6041,5,-4.515243768692017,1,0.03577694972057769,0.03577694972057769
0,6042,10,-10.231568455696106,1,0.008355186465406884,0.008355186465406884
1,6043,5,-4.0,1,0.02702578098073681,0.02702578098073681
2,6044,50,-51.42564582824707,0,0.12287531738518921,0.12284695593516362
3,6045,11,-11.813041687011719,1,0.043017319488648675,0.043017319488648675
4,6046,10,-9.103845596313477,1,0.02619993856314516,0.02619993856314516
5,6047,6,-5.05634605884552,1,0.04914158002038963,0.04914158002038963
6,6048,1,0.0,1,0.04893707377252505,0.04893707377252505
7,6049,50,-51.5626266002655,0,0.09567158981873652,0.09549325806307568
8,6050,9,-8.696699619293213,1,0.039821664105820685,0.039821664105820685
9,6051,5,-4.0,1,0.031523691520538195,0.031523691520538195
10,6052,5,-4.026913642883301,1,0.007804769305418301,0.007804769305418301
11,6053,7,-6.969459652900696,1,0.04570138402157365,0.04570138402157365
12,6054,5,-4.0,1,0.030210527279925316,0.030210527279925316
13,6055,5,-4.143314838409424,1,0.04474025952992345,0.04474025952992345
14,6056,50,-52.03838622570038,0,0.09125135243259433,0.09120385775068576
15,6057,1,0.0,1,0.018965210063041464,0.018965210063041464
16,6058,12,-12.066912293434143,1,0.01432098746087014,0.01432098746087014
17,6059,5,-4.97515070438385,1,0.04329658102302475,0.04329658102302475
18,6060,5,-4.437394380569458,1,0.035513926329431504,0.035513926329431504
19,6061,8,-7.93950080871582,1,0.020539603157398795,0.020539603157398795
20,6062,5,-4.611534357070923,1,0.0380878962064212,0.0380878962064212
21,6063,7,-6.8822832107543945,1,0.032943240792948664,0.032943240792948664
22,6064,8,-8.078286051750183,1,0.035128266256873264,0.035128266256873264
23,6065,5,-4.843859910964966,1,0.04049597597976865,0.04049597597976865
24,6066,7,-6.847001075744629,1,0.04274725730914546,0.04274725730914546
25,6067,5,-4.0,1,0.034004203947282687,0.034004203947282687
26,6068,6,-5.039556503295898,1,0.03347811728201672,0.03347811728201672
27,6069,50,-50.643866181373596,0,0.09381156436251553,0.062384554948512305
28,6070,5,-4.0,1,0.028767482877291795,0.028767482877291795
29,6071,5,-4.666584730148315,1,0.019029109202554767,0.019029109202554767
30,6072,8,-8.136087536811829,1,0.03614204571612691,0.03614204571612691
31,6073,5,-4.0,1,0.009267917887709117,0.009267917887709117
32,6074,5,-4.0,1,0.012728982819936844,0.012728982819936844
33,6075,9,-9.265423655509949,1,0.03291662833885445,0.03291662833885445
34,6076,9,-10.072450399398804,1,0.04802874651384621,0.04802874651384621
35,6077,5,-4.0,1,0.016939857039492686,0.016939857039492686
36,6078,6,-5.527408003807068,1,0.03750329934504139,0.03750329934504139
37,6079,4,-3.0,1,0.0490745863033842,0.0490745863033842
38,6080,8,-7.738503456115723,1,0.04210474409948731,0.04210474409948731
39,6081,5,-4.0,1,0.037280977358138845,0.037280977358138845
40,6082,50,-51.729175329208374,0,0.10342574609395909,0.10302899618200384
41,6083,9,-9.031864881515503,1,0.047020190109216424,0.047020190109216424
42,6084,8,-8.315133333206177,1,0.02364604653811833,0.02364604653811833
43,6085,9,-9.200982213020325,1,0.03672447331054728,0.03672447331054728
44,6086,11,-10.437222123146057,1,0.03129871129840107,0.03129871129840107
45,6087,10,-9.154620885848999,1,0.030171592242773878,0.030171592242773878
46,6088,5,-4.7749611139297485,1,0.04862532339379324,0.04862532339379324
47,6089,5,-4.0,1,0.040146182011219146,0.040146182011219146
48,6090,10,-9.0,1,0.02964273127721876,0.02964273127721876
49,6091,11,-11.820882797241211,1,0.04259757208535806,0.04259757208535806
50,6092,4,-3.0,1,0.029628089073426272,0.029628089073426272
51,6093,4,-3.0,1,0.04473352500023602,0.04473352500023602
52,6094,1,0.0,1,0.04503212427577947,0.04503212427577947
53,6095,9,-9.751802802085876,1,0.03838072321115493,0.03838072321115493
54,6096,6,-5.637337565422058,1,0.036269945380230935,0.036269945380230935
55,6097,6,-5.319108366966248,1,0.048840865828708696,0.048840865828708696
56,6098,10,-9.0,1,0.004835347896069486,0.004835347896069486
57,6099,8,-7.6585036516189575,1,0.018227809777827484,0.018227809777827484
58,6100,7,-7.733723402023315,1,0.02832233367650857,0.02832233367650857
59,6101,5,-4.0,1,0.04138587607816607,0.04138587607816607
60,6102,11,-10.801098823547363,1,0.04426486620496947,0.04426486620496947
61,6103,7,-6.4369601011276245,1,0.02598641586308998,0.02598641586308998
62,6104,8,-8.006711602210999,1,0.029878144548724696,0.029878144548724696
63,6105,7,-6.301762938499451,1,0.042827054346510116,0.042827054346510116
64,6106,9,-9.413276433944702,1,0.03478261760970257,0.03478261760970257
65,6107,21,-23.345805048942566,1,0.009080644238899442,0.009080644238899442
66,6108,5,-4.0,1,0.047549846852103526,0.047549846852103526
67,6109,6,-5.403920292854309,1,0.04472146911584551,0.04472146911584551
68,6110,5,-4.823832154273987,1,0.035262456144749085,0.035262456144749085
69,6111,50,-51.376617312431335,0,0.08457184510200007,0.052078390520129955
70,6112,4,-3.0,1,0.039005439619897796,0.039005439619897796
71,6113,5,-4.152236104011536,1,0.02919170017158059,0.02919170017158059
72,6114,11,-11.777562618255615,1,0.04850220111325631,0.04850220111325631
73,6115,7,-6.639676332473755,1,0.027487001853978624,0.027487001853978624
74,6116,13,-12.420275568962097,1,0.020402450526371917,0.020402450526371917
75,6117,6,-5.0,1,0.04438298481403152,0.04438298481403152
76,6118,50,-50.96883749961853,0,0.06933139212778656,0.06933139212778656
77,6119,50,-52.17839193344116,0,0.1209290957510139,0.06440536775928563
78,6120,7,-7.0744510889053345,1,0.029499600012811152,0.029499600012811152
79,6121,5,-4.0,1,0.03493610324139311,0.03493610324139311
80,6122,13,-13.201544046401978,1,0.008384402812092004,0.008384402812092004
81,6123,5,-4.0,1,0.03045203171201843,0.03045203171201843
82,6124,11,-10.85021424293518,1,0.03842041039370625,0.03842041039370625
83,6125,12,-11.0,1,0.045387552722667895,0.045387552722667895
84,6126,12,-12.024629950523376,1,0.022562538342180853,0.022562538342180853
85,6127,1,0.0,1,0.04778661443589229,0.04778661443589229
86,6128,9,-8.0,1,0.03838597317520499,0.03838597317520499
87,6129,19,-18.97827672958374,1,0.025837053867782317,0.025837053867782317
88,6130,10,-10.509604096412659,1,0.013779421945047398,0.013779421945047398
89,6131,11,-11.334922671318054,1,0.04465105148250416,0.04465105148250416
90,6132,5,-4.0,1,0.03781757954835685,0.03781757954835685
91,6133,15,-16.96030592918396,1,0.03853326258542443,0.03853326258542443
92,6134,8,-7.0,1,0.04494771988342815,0.04494771988342815
93,6135,6,-5.766437888145447,1,0.03037151604242277,0.03037151604242277
94,6136,6,-5.859310746192932,1,0.03394842016465642,0.03394842016465642
95,6137,5,-4.189101457595825,1,0.04352010500749377,0.04352010500749377
96,6138,50,-50.068007469177246,0,0.05033304970296275,0.050006799578011296
97,6139,50,-50.76399648189545,0,0.10614744258689457,0.0598861908071451
98,6140,4,-3.0,1,0.04817530065051133,0.04817530065051133
99,6141,6,-5.0,1,0.02070392358934862,0.02070392358934862
100,6142,5,-4.511811256408691,1,0.04274725422223205,0.04274725422223205
101,6143,5,-4.0,1,0.01924730938518176,0.01924730938518176
102,6144,5,-4.524226427078247,1,0.03360166649412179,0.03360166649412179
103,6145,5,-4.211003422737122,1,0.02530641780028023,0.02530641780028023
104,6146,4,-3.0,1,0.04551642647966679,0.04551642647966679
105,6147,5,-4.0,1,0.020361038305073978,0.020361038305073978
106,6148,1,0.0,1,0.04958853606303281,0.04958853606303281
107,6149,5,-4.069246768951416,1,0.023081735566116857,0.023081735566116857
108,6150,4,-3.0,1,0.040737652437188805,0.040737652437188805
109,6151,1,0.0,1,0.04519060900218012,0.04519060900218012
110,6152,50,-57.43340182304382,0,0.15632062832462262,0.054778511352020796
111,6153,5,-4.028303027153015,1,0.03738355513271765,0.03738355513271765
112,6154,7,-7.115344405174255,1,0.0489841661857722,0.0489841661857722
113,6155,7,-7.647348523139954,1,0.04869993706953094,0.04869993706953094
114,6156,50,-51.12319087982178,0,0.07104909071700004,0.07104325245044928
115,6157,5,-4.091729044914246,1,0.03254110768250375,0.03254110768250375
116,6158,4,-3.0,1,0.036232170480091516,0.036232170480091516
117,6159,1,0.0,1,0.03429214010184241,0.03429214010184241
118,6160,14,-14.462597608566284,1,0.007951717854073824,0.007951717854073824
119,6161,5,-4.0,1,0.04266077443838201,0.04266077443838201
120,6162,4,-3.0,1,0.03931417665597012,0.03931417665597012
121,6163,6,-5.0,1,0.023933988509658638,0.023933988509658638
122,6164,4,-3.0,1,0.029140947649171946,0.029140947649171946
123,6165,5,-4.0,1,0.0382201178526157,0.0382201178526157
124,6166,5,-4.3543500900268555,1,0.010809558075033227,0.010809558075033227
125,6167,11,-10.407987713813782,1,0.03460978077323667,0.03460978077323667
126,6168,46,-46.02399826049805,1,0.016528019398994,0.016528019398994
127,6169,5,-4.891138553619385,1,0.010874627739344216,0.010874627739344216
128,6170,7,-7.67780339717865,1,0.019832995184714937,0.019832995184714937
129,6171,5,-4.0,1,0.014797792879785058,0.014797792879785058
130,6172,5,-4.0,1,0.032748278690098186,0.032748278690098186
131,6173,13,-13.305278897285461,1,0.020975090958131576,0.020975090958131576
132,6174,5,-4.0,1,0.018469023403112787,0.018469023403112787
133,6175,6,-5.19793701171875,1,0.03849091803384293,0.03849091803384293
134,6176,5,-4.153571367263794,1,0.04245270393745888,0.04245270393745888
135,6177,1,0.0,1,0.03509031205553158,0.03509031205553158
136,6178,6,-5.361537933349609,1,0.03143110539634509,0.03143110539634509
137,6179,1,0.0,1,0.015943223864873575,0.015943223864873575
138,6180,9,-9.001262784004211,1,0.04489379261052405,0.04489379261052405
139,6181,4,-3.0,1,0.020365437998956556,0.020365437998956556
140,6182,7,-6.540379524230957,1,0.04856412630603649,0.04856412630603649
141,6183,9,-9.374785780906677,1,0.04385655692841174,0.04385655692841174
142,6184,4,-3.0,1,0.04481714599970452,0.04481714599970452
143,6185,10,-10.668317794799805,1,0.04902009806020464,0.04902009806020464
144,6186,5,-4.0,1,0.019968974805140757,0.019968974805140757
145,6187,5,-4.0,1,0.024170582828697215,0.024170582828697215
146,6188,6,-5.251045823097229,1,0.02824937229379521,0.02824937229379521
147,6189,1,0.0,1,0.013766960547037275,0.013766960547037275
148,6190,8,-7.943167805671692,1,0.04727545957204653,0.04727545957204653
149,6191,1,0.0,1,0.034301212728560355,0.034301212728560355
150,6192,6,-5.266359090805054,1,0.02016380399770137,0.02016380399770137
151,6193,5,-4.0,1,0.022860615012867107,0.022860615012867107
152,6194,10,-9.854894518852234,1,0.04543995068489721,0.04543995068489721
153,6195,9,-9.434978723526001,1,0.039891400706186984,0.039891400706186984
154,6196,1,0.0,1,0.04608016890115035,0.04608016890115035
155,6197,4,-3.0,1,0.02219112023341692,0.02219112023341692
156,6198,8,-8.262995719909668,1,0.028337826007839257,0.028337826007839257
157,6199,5,-4.375359892845154,1,0.01577908190262745,0.01577908190262745
158,6200,50,-51.844226598739624,0,0.09006164485769445,0.0630371967106237
159,6201,5,-4.719882965087891,1,0.04945832451542791,0.04945832451542791
160,6202,50,-56.632635831832886,0,0.15394396211457534,0.15394396211457534
161,6203,50,-51.14588165283203,0,0.07780852769419735,0.07780852769419735
162,6204,6,-5.927307605743408,1,0.02322741611028479,0.02322741611028479
163,6205,5,-4.0,1,0.018106316240273763,0.018106316240273763
164,6206,5,-4.0,1,0.02012719076161803,0.02012719076161803
165,6207,9,-10.05029559135437,1,0.031995387099100825,0.031995387099100825
166,6208,5,-4.0,1,0.036789756725561194,0.036789756725561194
167,6209,4,-3.0,1,0.03934091565705945,0.03934091565705945
168,6210,7,-6.599358797073364,1,0.044610400373721396,0.044610400373721396
169,6211,8,-7.868797659873962,1,0.014603933152391637,0.014603933152391637
170,6212,7,-6.722830772399902,1,0.03202640772043704,0.03202640772043704
171,6213,6,-5.0,1,0.03770336951847717,0.03770336951847717
172,6214,4,-3.0,1,0.02935320797062679,0.02935320797062679
173,6215,7,-7.171440124511719,1,0.012891682623485314,0.012891682623485314
174,6216,1,0.0,1,0.015041400210814038,0.015041400210814038
175,6217,5,-4.0,1,0.04216028875129989,0.04216028875129989
176,6218,7,-6.0,1,0.018418725869921933,0.018418725869921933
177,6219,4,-3.0,1,0.02689839027872696,0.02689839027872696
178,6220,9,-8.76092541217804,1,0.04949001685251321,0.04949001685251321
179,6221,10,-11.087497234344482,1,0.03755242786163717,0.03755242786163717
180,6222,9,-8.0,1,0.014852742151615066,0.014852742151615066
181,6223,10,-9.0,1,0.02279721341343102,0.02279721341343102
182,6224,5,-4.0,1,0.02677756281579656,0.02677756281579656
183,6225,8,-7.8455023765563965,1,0.03611904482269076,0.03611904482269076
184,6226,9,-9.873112201690674,1,0.017861634108972877,0.017861634108972877
185,6227,10,-9.0,1,0.016988797672862155,0.016988797672862155
186,6228,9,-9.296908140182495,1,0.02501732808656613,0.02501732808656613
187,6229,1,0.0,1,0.035062800870622794,0.035062800870622794
188,6230,4,-3.0,1,0.048156604765355375,0.048156604765355375
189,6231,5,-4.817370176315308,1,0.04176120743456817,0.04176120743456817
190,6232,10,-10.999255895614624,1,0.03874491250807535,0.03874491250807535
191,6233,16,-18.527034521102905,1,0.03825331665299274,0.03825331665299274
192,6234,7,-6.975273847579956,1,0.04958920185925505,0.04958920185925505
193,6235,1,0.0,1,0.037901587925645915,0.037901587925645915
194,6236,4,-3.0,1,0.04574005203135445,0.04574005203135445
195,6237,7,-6.831177234649658,1,0.04051066519052201,0.04051066519052201
196,6238,6,-5.0,1,0.042263228570643935,0.042263228570643935
197,6239,6,-5.161011815071106,1,0.03101919596520009,0.03101919596520009
198,6240,5,-4.125990867614746,1,0.0323440289334523,0.0323440289334523
199,6241,50,-53.96398878097534,0,0.14280566449365167,0.08713308194964074
200,6242,19,-23.357564449310303,1,0.023022374340560824,0.023022374340560824
201,6243,5,-4.0,1,0.046112979328342775,0.046112979328342775
202,6244,10,-10.127784371376038,1,0.033595059476199056,0.033595059476199056
203,6245,6,-5.0,1,0.006342796737140268,0.006342796737140268
204,6246,5,-4.252790331840515,1,0.021150887491348407,0.021150887491348407
205,6247,9,-8.534185886383057,1,0.022028880116881887,0.022028880116881887
206,6248,4,-3.0,1,0.02217444413051132,0.02217444413051132
207,6249,9,-8.821219563484192,1,0.016123196837820444,0.016123196837820444
208,6250,50,-51.420525908470154,0,0.056717055704359566,0.056717055704359566
209,6251,5,-4.0,1,0.01184432844445267,0.01184432844445267
210,6252,8,-8.121156334877014,1,0.038306840401747234,0.038306840401747234
211,6253,11,-11.588536977767944,1,0.046077967135492934,0.046077967135492934
212,6254,6,-5.0579352378845215,1,0.018261117150454746,0.018261117150454746
213,6255,5,-4.0,1,0.03273026676339984,0.03273026676339984
214,6256,5,-4.0,1,0.022258653350283288,0.022258653350283288
215,6257,7,-6.599199056625366,1,0.03806127473462382,0.03806127473462382
216,6258,5,-4.0,1,0.028804850440498925,0.028804850440498925
217,6259,6,-5.2334144115448,1,0.024159580021886236,0.024159580021886236
218,6260,14,-14.573867201805115,1,0.03727639915809978,0.03727639915809978
219,6261,6,-5.0,1,0.01811776548705808,0.01811776548705808
220,6262,9,-8.986184477806091,1,0.04894276685101047,0.04894276685101047
221,6263,6,-5.195555567741394,1,0.04312675704230837,0.04312675704230837
222,6264,10,-10.901912689208984,1,0.03923244972311124,0.03923244972311124
223,6265,8,-7.066916465759277,1,0.049891363116088154,0.049891363116088154
224,6266,9,-9.789694428443909,1,0.021751001532853254,0.021751001532853254
225,6267,5,-4.0,1,0.02880158278303272,0.02880158278303272
226,6268,6,-5.063525199890137,1,0.01408299717399049,0.01408299717399049
227,6269,8,-7.0,1,0.015627715037266864,0.015627715037266864
228,6270,5,-4.0,1,0.011919804858784844,0.011919804858784844
229,6271,50,-55.34874629974365,0,0.14444780486519218,0.1439259205727508
230,6272,9,-9.524264812469482,1,0.0458573354023879,0.0458573354023879
231,6273,1,0.0,1,0.029516665825402216,0.029516665825402216
232,6274,5,-4.577693700790405,1,0.043612570897289135,0.043612570897289135
233,6275,13,-14.026279330253601,1,0.03298251689376749,0.03298251689376749
234,6276,17,-20.05893588066101,1,0.01561040062136182,0.01561040062136182
235,6277,5,-4.261366963386536,1,0.016155040508137854,0.016155040508137854
236,6278,9,-9.09098494052887,1,0.04188129497221331,0.04188129497221331
237,6279,1,0.0,1,0.02794922867505855,0.02794922867505855
238,6280,15,-15.255774855613708,1,0.01475336595708597,0.01475336595708597
239,6281,9,-8.658368587493896,1,0.004851191683162696,0.004851191683162696
240,6282,4,-3.0,1,0.03186363600158631,0.03186363600158631
241,6283,7,-6.240028738975525,1,0.025249163339594212,0.025249163339594212
242,6284,10,-10.857230305671692,1,0.034138463709589895,0.034138463709589895
243,6285,50,-61.311593651771545,0,0.19510324982263896,0.19458518245695403
244,6286,5,-4.5281559228897095,1,0.018021109824756593,0.018021109824756593
245,6287,12,-12.026628017425537,1,0.03174127445988166,0.03174127445988166
246,6288,6,-5.0,1,0.04667285328661329,0.04667285328661329
247,6289,6,-5.684488296508789,1,0.046031034194852265,0.046031034194852265
248,6290,5,-4.0,1,0.019438462665423126,0.019438462665423126
249,6291,9,-9.543713212013245,1,0.04338681704983452,0.04338681704983452
250,6292,5,-4.568451404571533,1,0.03395103777051192,0.03395103777051192
251,6293,50,-50.0,0,0.05761066723956133,0.05761066723956133
252,6294,5,-4.70797061920166,1,0.02920025756338927,0.02920025756338927
253,6295,50,-51.39778649806976,0,0.05107301949209377,0.05107301949209377
254,6296,1,0.0,1,0.04752790106204657,0.04752790106204657
255,6297,5,-4.371466279029846,1,0.0104132562574642,0.0104132562574642
256,6298,10,-10.6045663356781,1,0.045583584037293776,0.045583584037293776
257,6299,5,-4.0,1,0.04738969577352481,0.04738969577352481
258,6300,9,-9.22160279750824,1,0.04566568641022468,0.04566568641022468
259,6301,9,-10.230606079101562,1,0.04488300059208632,0.04488300059208632
260,6302,50,-50.0,0,0.05221098554059781,0.05201054076059962
261,6303,5,-4.026819944381714,1,0.018815888785258687,0.018815888785258687
262,6304,8,-7.3491129875183105,1,0.03143352856548959,0.03143352856548959
263,6305,9,-10.146596431732178,1,0.04704879582444367,0.04704879582444367
264,6306,8,-8.670204639434814,1,0.02112157929669568,0.02112157929669568
265,6307,5,-4.0,1,0.020973973059082034,0.020973973059082034
266,6308,7,-6.837250351905823,1,0.04800188565341772,0.04800188565341772
267,6309,11,-11.738506197929382,1,0.027388306285107633,0.027388306285107633
268,6310,9,-9.819199204444885,1,0.03653698512644,0.03653698512644
269,6311,4,-3.0,1,0.022221712558787483,0.022221712558787483
270,6312,5,-4.0,1,0.027129776142279318,0.027129776142279318
271,6313,50,-50.0,0,0.05551818342473882,0.05551818342473882
272,6314,5,-4.0,1,0.04583947427346197,0.04583947427346197
273,6315,10,-10.373598575592041,1,0.04703229563246495,0.04703229563246495
274,6316,14,-15.822265982627869,1,0.04984426863933535,0.04984426863933535
275,6317,5,-4.648293375968933,1,0.023112721110508473,0.023112721110508473
276,6318,6,-5.46959114074707,1,0.0386850639752649,0.0386850639752649
277,6319,6,-5.053255677223206,1,0.043038378796075805,0.043038378796075805
278,6320,5,-4.563720464706421,1,0.036796408395916476,0.036796408395916476
279,6321,50,-51.750600814819336,0,0.06325057690117686,0.06325057690117686
280,6322,11,-11.146048426628113,1,0.040135434431744964,0.040135434431744964
281,6323,5,-4.0,1,0.044576591237563905,0.044576591237563905
282,6324,4,-3.0,1,0.030746858865774853,0.030746858865774853
283,6325,14,-14.78738284111023,1,0.049325740073846915,0.049325740073846915
284,6326,8,-7.857603907585144,1,0.02204819317025188,0.02204819317025188
285,6327,5,-4.2057377099990845,1,0.024412170667054423,0.024412170667054423
286,6328,50,-50.81321680545807,0,0.09498223783651229,0.08868390514253893
287,6329,5,-4.0,1,0.025797487637648255,0.025797487637648255
288,6330,50,-51.57208168506622,0,0.08320090199338323,0.06522461862831651
289,6331,50,-50.58994424343109,0,0.06346907530165659,0.06346907530165659
290,6332,50,-51.43825674057007,0,0.06309600312711355,0.06309600312711355
291,6333,4,-3.0,1,0.03507722874175341,0.03507722874175341
292,6334,9,-10.12225091457367,1,0.01244796283831036,0.01244796283831036
293,6335,4,-3.0,1,0.04241836325572834,0.04241836325572834
294,6336,5,-4.2902991771698,1,0.038352864845031254,0.038352864845031254
295,6337,50,-62.14806795120239,0,0.20019973679629702,0.20019973679629702
296,6338,8,-7.875554323196411,1,0.0276825354578577,0.0276825354578577
297,6339,5,-4.269928336143494,1,0.03763883767992964,0.03763883767992964
298,6340,12,-11.0,1,0.023491655996120697,0.023491655996120697
299,6341,7,-6.851682782173157,1,0.0029501325811870653,0.0029501325811870653
300,6342,5,-4.922946214675903,1,0.03909828480833187,0.03909828480833187
301,6343,6,-5.048902869224548,1,0.021642638178955117,0.021642638178955117
302,6344,5,-4.0,1,0.016742095624744782,0.016742095624744782
303,6345,1,0.0,1,0.03275458126758634,0.03275458126758634
304,6346,1,0.0,1,0.0388051970334503,0.0388051970334503
305,6347,10,-11.210694670677185,1,0.03577556831162838,0.03577556831162838
306,6348,50,-54.69274163246155,0,0.12776674397851004,0.12776674397851004
307,6349,8,-7.636947154998779,1,0.04797561711237762,0.04797561711237762
308,6350,6,-5.438311457633972,1,0.03789305613513458,0.03789305613513458
309,6351,50,-50.674615025520325,0,0.07780075705257541,0.07735917306690601
310,6352,9,-9.780433297157288,1,0.015345107538208691,0.015345107538208691
311,6353,6,-6.172070503234863,1,0.04777510874923013,0.04777510874923013
312,6354,50,-51.2443882226944,0,0.09274714459908151,0.06546199016905774
313,6355,5,-4.3930747509002686,1,0.038356160563919654,0.038356160563919654
314,6356,50,-50.996469020843506,0,0.11365997233713261,0.07306010974569505
315,6357,5,-4.13905942440033,1,0.03100983456655158,0.03100983456655158
316,6358,50,-51.20273816585541,0,0.08556518871397552,0.07676709119498312
317,6359,5,-4.0,1,0.009794517415592053,0.009794517415592053
318,6360,7,-6.49932074546814,1,0.04770331248495635,0.04770331248495635
319,6361,10,-11.03335964679718,1,0.01786769454233472,0.01786769454233472
320,6362,5,-4.050062656402588,1,0.049846415106387154,0.049846415106387154
321,6363,14,-15.351095199584961,1,0.04223722184713284,0.04223722184713284
322,6364,6,-5.348309516906738,1,0.04268058703312422,0.04268058703312422
323,6365,7,-6.633271336555481,1,0.035324977488383306,0.035324977488383306
324,6366,6,-5.0,1,0.046183907099395356,0.046183907099395356
325,6367,8,-7.0,1,0.02428358819755779,0.02428358819755779
326,6368,7,-7.245418071746826,1,0.03361505848359549,0.03361505848359549
327,6369,5,-4.578949332237244,1,0.044720863368720824,0.044720863368720824
328,6370,5,-4.113765716552734,1,0.02112553508570539,0.02112553508570539
329,6371,5,-4.342052459716797,1,0.02700109341232467,0.02700109341232467
330,6372,5,-4.0,1,0.02676119510748546,0.02676119510748546
331,6373,9,-9.838308811187744,1,0.03843019073108855,0.03843019073108855
332,6374,1,0.0,1,0.04143679545975317,0.04143679545975317
333,6375,5,-4.0,1,0.042803322800356224,0.042803322800356224
334,6376,7,-6.0,1,0.016923719449845474,0.016923719449845474
335,6377,14,-13.654023170471191,1,0.04757660331047468,0.04757660331047468
336,6378,5,-4.91866397857666,1,0.025209027382214252,0.025209027382214252
337,6379,8,-7.401995778083801,1,0.039722318729840625,0.039722318729840625
338,6380,50,-50.53327298164368,0,0.09936417244100068,0.06175809366780982
339,6381,4,-3.0,1,0.038521864069600446,0.038521864069600446
340,6382,5,-4.0247989892959595,1,0.0347354471015912,0.0347354471015912
341,6383,50,-52.63023841381073,0,0.13229796651455822,0.13229796651455822
342,6384,10,-9.73090660572052,1,0.029230496700892842,0.029230496700892842
343,6385,7,-6.6932573318481445,1,0.04121184931036154,0.04121184931036154
344,6386,10,-10.88748323917389,1,0.0338979658389971,0.0338979658389971
345,6387,4,-3.0,1,0.0469717109601356,0.0469717109601356
346,6388,6,-5.6871044635772705,1,0.047819130761983686,0.047819130761983686
347,6389,8,-7.9383156299591064,1,0.02882410627772526,0.02882410627772526
348,6390,15,-14.0,1,0.014979744167144322,0.014979744167144322
349,6391,5,-4.682617902755737,1,0.02791903883233821,0.02791903883233821
350,6392,10,-11.047611713409424,1,0.034443204794632885,0.034443204794632885
351,6393,11,-10.0,1,0.03889168349941075,0.03889168349941075
352,6394,5,-4.199995517730713,1,0.027563405637149842,0.027563405637149842
353,6395,5,-4.0,1,0.0032363549717708503,0.0032363549717708503
354,6396,4,-3.0,1,0.03373167320379598,0.03373167320379598
355,6397,6,-5.0,1,0.04226640689976993,0.04226640689976993
356,6398,11,-12.418147683143616,1,0.022461822452303253,0.022461822452303253
357,6399,6,-5.050182819366455,1,0.008586921862921931,0.008586921862921931
358,6400,10,-10.158883690834045,1,0.0417142115663928,0.0417142115663928
359,6401,9,-10.35439133644104,1,0.04679854424386458,0.04679854424386458
360,6402,1,0.0,1,0.024230974746918328,0.024230974746918328
361,6403,5,-4.133846879005432,1,0.03323715845703902,0.03323715845703902
362,6404,10,-9.613300085067749,1,0.008646706681762454,0.008646706681762454
363,6405,5,-4.0,1,0.013289309312897716,0.013289309312897716
364,6406,8,-8.265083074569702,1,0.021018057717086727,0.021018057717086727
365,6407,6,-5.0,1,0.048862748729592245,0.048862748729592245
366,6408,9,-9.518270134925842,1,0.03999630558703118,0.03999630558703118
367,6409,8,-7.8724604845047,1,0.04842187304575255,0.04842187304575255
368,6410,5,-4.0,1,0.048823853982512405,0.048823853982512405
369,6411,6,-5.0,1,0.04060987469266034,0.04060987469266034
370,6412,8,-7.886335015296936,1,0.04283435860124975,0.04283435860124975
371,6413,15,-14.33827030658722,1,0.01776383851178581,0.01776383851178581
372,6414,6,-5.188811779022217,1,0.0416274402659279,0.0416274402659279
373,6415,5,-4.556505799293518,1,0.041871565601203566,0.041871565601203566
374,6416,50,-52.20322668552399,0,0.08034909930125515,0.0801843467789759
375,6417,4,-3.0,1,0.03627126276279235,0.03627126276279235
376,6418,1,0.0,1,0.04052050092946235,0.04052050092946235
377,6419,50,-50.474478006362915,0,0.07029040477450782,0.05961953198313299
378,6420,9,-9.2079918384552,1,0.04370448809757409,0.04370448809757409
379,6421,5,-4.343445897102356,1,0.03941606935285121,0.03941606935285121
380,6422,5,-4.0,1,0.033083642886587245,0.033083642886587245
381,6423,8,-7.854822278022766,1,0.03369241330662266,0.03369241330662266
382,6424,5,-4.0,1,0.03465877480613751,0.03465877480613751
383,6425,50,-50.660362124443054,0,0.07762743499318427,0.054639201359690755
384,6426,5,-4.0,1,0.029609058539490384,0.029609058539490384
385,6427,4,-3.0,1,0.02215759986199682,0.02215759986199682
386,6428,8,-8.48360013961792,1,0.023091970880468292,0.023091970880468292
387,6429,6,-5.87201714515686,1,0.04812894357185466,0.04812894357185466
388,6430,50,-50.56109261512756,0,0.05038322384295247,0.05038322384295247
389,6431,7,-6.055559992790222,1,0.04465094707117582,0.04465094707117582
390,6432,5,-4.12286376953125,1,0.028458647284424148,0.028458647284424148
391,6433,8,-7.0,1,0.025531344767971555,0.025531344767971555
392,6434,5,-4.388307213783264,1,0.028676685854223494,0.028676685854223494
393,6435,8,-7.0,1,0.042256491460667005,0.042256491460667005
394,6436,5,-4.0,1,0.028591027641982132,0.028591027641982132
395,6437,11,-11.568655252456665,1,0.013039713808832662,0.013039713808832662
396,6438,5,-4.4132068157196045,1,0.04456849664450321,0.04456849664450321
397,6439,4,-3.0,1,0.04767235101618276,0.04767235101618276
398,6440,5,-4.371251225471497,1,0.02736063966853669,0.02736063966853669
399,6441,5,-4.510015249252319,1,0.0314605956401412,0.0314605956401412
400,6442,6,-5.337230920791626,1,0.04075806983930649,0.04075806983930649
401,6443,1,0.0,1,0.04687529743061403,0.04687529743061403
402,6444,12,-12.829150557518005,1,0.04078287717769245,0.04078287717769245
403,6445,5,-4.0,1,0.0065936806222854335,0.0065936806222854335
404,6446,4,-3.0,1,0.04645364398632517,0.04645364398632517
405,6447,8,-7.130506992340088,1,0.0371181283859082,0.0371181283859082
406,6448,7,-6.621319532394409,1,0.030988385164100588,0.030988385164100588
407,6449,1,0.0,1,0.013641960158267486,0.013641960158267486
408,6450,5,-4.651557207107544,1,0.04965152989204889,0.04965152989204889
409,6451,5,-4.7094725370407104,1,0.035344281221448115,0.035344281221448115
410,6452,5,-4.967630743980408,1,0.036730600223796823,0.036730600223796823
411,6453,50,-50.99169707298279,0,0.07420662397204765,0.05403807669370206
412,6454,9,-9.125388264656067,1,0.02714434903207323,0.02714434903207323
413,6455,50,-52.78953671455383,0,0.07961295163358557,0.07961295163358557
414,6456,1,0.0,1,0.037668925084192874,0.037668925084192874
415,6457,8,-8.256123542785645,1,0.02887452810385861,0.02887452810385861
416,6458,7,-6.999204993247986,1,0.027666814759202612,0.027666814759202612
417,6459,5,-4.1536619663238525,1,0.026253135260037565,0.026253135260037565
418,6460,5,-4.0,1,0.026015656693838214,0.026015656693838214
419,6461,10,-9.027226209640503,1,0.012680410782511514,0.012680410782511514
420,6462,5,-4.028716802597046,1,0.03587479764153668,0.03587479764153668
421,6463,7,-6.719394683837891,1,0.038829834676947415,0.038829834676947415
422,6464,5,-4.0,1,0.034731170693815906,0.034731170693815906
423,6465,5,-4.0,1,0.017241203676933877,0.017241203676933877
424,6466,8,-8.608856320381165,1,0.02472967674235105,0.02472967674235105
425,6467,4,-3.0,1,0.03463789794285791,0.03463789794285791
426,6468,9,-9.413654685020447,1,0.048954192615860266,0.048954192615860266
427,6469,13,-15.219051957130432,1,0.04952504392106712,0.04952504392106712
428,6470,9,-8.939854145050049,1,0.04314470180267147,0.04314470180267147
429,6471,50,-50.1220737695694,0,0.07554740104317088,0.055238545367122825
430,6472,50,-51.133140325546265,0,0.0889565804718195,0.0889565804718195
431,6473,15,-16.84616792201996,1,0.018071555339527475,0.018071555339527475
432,6474,6,-5.603846430778503,1,0.030060300126148104,0.030060300126148104
433,6475,7,-6.647895812988281,1,0.04600147086834029,0.04600147086834029
434,6476,1,0.0,1,0.04362461231856349,0.04362461231856349
435,6477,1,0.0,1,0.03249263889573012,0.03249263889573012
436,6478,5,-4.0,1,0.045447614239010434,0.045447614239010434
437,6479,12,-13.518167972564697,1,0.021896296297880976,0.021896296297880976
438,6480,5,-4.0,1,0.020449815241060945,0.020449815241060945
439,6481,6,-5.183727741241455,1,0.037418469007811594,0.037418469007811594
440,6482,10,-9.051700472831726,1,0.04666267602377474,0.04666267602377474
441,6483,6,-5.0,1,0.04450658728161379,0.04450658728161379
442,6484,11,-10.491236448287964,1,0.027655840642356946,0.027655840642356946
443,6485,1,0.0,1,0.03879849430044472,0.03879849430044472
444,6486,15,-17.815959334373474,1,0.009336375555208729,0.009336375555208729
445,6487,6,-5.320022225379944,1,0.04158165107067923,0.04158165107067923
446,6488,5,-5.0714616775512695,1,0.04327810814379495,0.04327810814379495
447,6489,11,-11.150200009346008,1,0.0423086386818419,0.0423086386818419
448,6490,5,-4.7410794496536255,1,0.038438387134585854,0.038438387134585854
449,6491,5,-4.285787463188171,1,0.03291094952980669,0.03291094952980669
450,6492,1,0.0,1,0.049273671354109774,0.049273671354109774
451,6493,5,-4.0,1,0.02521252475306401,0.02521252475306401
452,6494,14,-15.055241584777832,1,0.03902954850426468,0.03902954850426468
453,6495,7,-6.0,1,0.015200211255191307,0.015200211255191307
454,6496,5,-4.0,1,0.021697904742124473,0.021697904742124473
455,6497,50,-51.37786781787872,0,0.11925825238731214,0.11881766550997425
456,6498,5,-4.0,1,0.04092807865977665,0.04092807865977665
457,6499,5,-4.84105384349823,1,0.034627673623636133,0.034627673623636133
458,6500,5,-4.353125691413879,1,0.02554714637530236,0.02554714637530236
459,6501,8,-7.9666056632995605,1,0.046614143272683865,0.046614143272683865
460,6502,50,-50.0,0,0.05361425828272513,0.053150821558261174
461,6503,1,0.0,1,0.044166057478023296,0.044166057478023296
462,6504,10,-10.752456665039062,1,0.04404070659903987,0.04404070659903987
463,6505,5,-4.463765859603882,1,0.001631842277179018,0.001631842277179018
464,6506,6,-5.321003437042236,1,0.04314741852335919,0.04314741852335919
465,6507,6,-5.0,1,0.04759160366124604,0.04759160366124604
466,6508,5,-4.0,1,0.0441467139590385,0.0441467139590385
467,6509,4,-3.0,1,0.022986189399424053,0.022986189399424053
468,6510,5,-4.09124481678009,1,0.040809519831875876,0.040809519831875876
469,6511,10,-10.608158826828003,1,0.03238767426652136,0.03238767426652136
470,6512,1,0.0,1,0.024546283773714376,0.024546283773714376
471,6513,12,-12.485807299613953,1,0.02556211220443868,0.02556211220443868
472,6514,5,-5.067480802536011,1,0.03523331790238725,0.03523331790238725
473,6515,1,0.0,1,0.028432534331723835,0.028432534331723835
474,6516,5,-4.818545579910278,1,0.023847367281576982,0.023847367281576982
475,6517,5,-4.0,1,0.03684901332667858,0.03684901332667858
476,6518,7,-7.098363161087036,1,0.010388479150865453,0.010388479150865453
477,6519,5,-4.127836346626282,1,0.014486124321593144,0.014486124321593144
478,6520,1,0.0,1,0.04044555320877216,0.04044555320877216
479,6521,4,-3.0,1,0.04731653382274808,0.04731653382274808
480,6522,50,-53.352155685424805,0,0.08608875488849853,0.06361249397818583
481,6523,5,-4.011944770812988,1,0.024125378480636415,0.024125378480636415
482,6524,5,-4.0,1,0.023299614845506456,0.023299614845506456
483,6525,7,-7.861122965812683,1,0.03562389131452251,0.03562389131452251
484,6526,9,-9.349841833114624,1,0.04098303375014095,0.04098303375014095
485,6527,6,-5.0,1,0.03652112191747832,0.03652112191747832
486,6528,9,-9.700048446655273,1,0.027273140812220573,0.027273140812220573
487,6529,9,-8.547438979148865,1,0.02735228513580793,0.02735228513580793
488,6530,7,-6.666602969169617,1,0.03546433666417608,0.03546433666417608
489,6531,9,-8.836708784103394,1,0.016395222729339985,0.016395222729339985
490,6532,4,-3.0,1,0.016154299588719882,0.016154299588719882
491,6533,5,-4.086700797080994,1,0.04140340216538599,0.04140340216538599
492,6534,8,-8.002811908721924,1,0.0394334767602322,0.0394334767602322
493,6535,5,-4.0,1,0.027888914694003765,0.027888914694003765
494,6536,9,-9.766260385513306,1,0.025280765168793084,0.025280765168793084
495,6537,4,-3.0,1,0.03678166692368683,0.03678166692368683
496,6538,1,0.0,1,0.006133065353229796,0.006133065353229796
497,6539,50,-50.32546317577362,0,0.09706595259034478,0.05115306605649818
498,6540,1,0.0,1,0.03236222292567043,0.03236222292567043
499,6541,50,-56.15710091590881,0,0.15586392184336148,0.15531729674410122
0,6542,5,-4.490224123001099,1,0.005687349518670673,0.005687349518670673
1,6543,8,-8.39182698726654,1,0.02292194279103322,0.02292194279103322
2,6544,11,-11.612296104431152,1,0.024717249709940763,0.024717249709940763
3,6545,17,-18.608245134353638,1,0.023053593794221745,0.023053593794221745
4,6546,5,-4.0,1,0.04121856580463682,0.04121856580463682
5,6547,5,-4.918437361717224,1,0.0405400732315235,0.0405400732315235
6,6548,7,-6.847467660903931,1,0.04633667118153095,0.04633667118153095
7,6549,5,-4.244307041168213,1,0.029604736297036804,0.029604736297036804
8,6550,6,-5.3008997440338135,1,0.04078975623207064,0.04078975623207064
9,6551,4,-3.0,1,0.044194554964347876,0.044194554964347876
10,6552,5,-4.0,1,0.030319640653309946,0.030319640653309946
11,6553,4,-3.0,1,0.03749235952590081,0.03749235952590081
12,6554,4,-3.0,1,0.03105555928038812,0.03105555928038812
13,6555,8,-8.247745275497437,1,0.049511643842401434,0.049511643842401434
14,6556,9,-9.414791703224182,1,0.03220406004383161,0.03220406004383161
15,6557,4,-3.0,1,0.028770101044338456,0.028770101044338456
16,6558,11,-11.888578414916992,1,0.017515348175915827,0.017515348175915827
17,6559,5,-4.123122692108154,1,0.031206080954936277,0.031206080954936277
18,6560,5,-4.367481350898743,1,0.016437569904321787,0.016437569904321787
19,6561,17,-20.39091205596924,1,0.037840682585050134,0.037840682585050134
20,6562,7,-6.0,1,0.04639903103246645,0.04639903103246645
21,6563,6,-5.4455485343933105,1,0.030389476679458675,0.030389476679458675
22,6564,4,-3.0,1,0.040009259076198504,0.040009259076198504
23,6565,5,-4.220328450202942,1,0.03545466139341826,0.03545466139341826
24,6566,7,-7.651646614074707,1,0.028761772328823654,0.028761772328823654
25,6567,7,-6.241458892822266,1,0.014475482656319741,0.014475482656319741
26,6568,7,-6.676168918609619,1,0.03257321370411655,0.03257321370411655
27,6569,6,-5.967297434806824,1,0.047810241105830154,0.047810241105830154
28,6570,9,-8.758416771888733,1,0.04082688002737891,0.04082688002737891
29,6571,4,-3.0,1,0.03566326910323949,0.03566326910323949
30,6572,50,-50.28203880786896,0,0.1072299215769357,0.056292319292657114
31,6573,50,-50.66895091533661,0,0.08077557836346955,0.05233675073354121
32,6574,4,-3.0,1,0.04001218129562852,0.04001218129562852
33,6575,7,-6.8063191175460815,1,0.04385499614187176,0.04385499614187176
34,6576,9,-9.478022813796997,1,0.0427307929350066,0.0427307929350066
35,6577,1,0.0,1,0.03350329395052183,0.03350329395052183
36,6578,12,-11.575598239898682,1,0.02604595482520639,0.02604595482520639
37,6579,5,-4.229126811027527,1,0.03785317181292573,0.03785317181292573
38,6580,5,-4.146272659301758,1,0.02242064911884904,0.02242064911884904
39,6581,5,-4.600807189941406,1,0.014320860229697824,0.014320860229697824
40,6582,1,0.0,1,0.041896899548767706,0.041896899548767706
41,6583,5,-4.0,1,0.02157095104998565,0.02157095104998565
42,6584,14,-13.563404083251953,1,0.030208362072680885,0.030208362072680885
43,6585,7,-6.538892388343811,1,0.02505359012438853,0.02505359012438853
44,6586,10,-10.595754742622375,1,0.03821491544654824,0.03821491544654824
45,6587,50,-50.186962366104126,0,0.08798366502534945,0.08752318332640972
46,6588,7,-6.748119592666626,1,0.046039499076917484,0.046039499076917484
47,6589,22,-24.668914556503296,1,0.019944896260049742,0.019944896260049742
48,6590,5,-4.0,1,0.005579277512689964,0.005579277512689964
49,6591,5,-4.662504434585571,1,0.03471550859044027,0.03471550859044027
50,6592,5,-4.0,1,0.018267513809141326,0.018267513809141326
51,6593,50,-50.0,0,0.05263840256913381,0.05263840256913381
52,6594,6,-5.0,1,0.04717166284530009,0.04717166284530009
53,6595,4,-3.0,1,0.0427386834554647,0.0427386834554647
54,6596,9,-9.127896904945374,1,0.017433700961861056,0.017433700961861056
55,6597,38,-48.63670873641968,1,0.04989547320474582,0.04989547320474582
56,6598,8,-8.319881796836853,1,0.0199186431732738,0.0199186431732738
57,6599,6,-5.0,1,0.032302572839781385,0.032302572839781385
58,6600,8,-7.962563753128052,1,0.030953618876529598,0.030953618876529598
59,6601,7,-6.549022316932678,1,0.038481666320110006,0.038481666320110006
60,6602,15,-15.464105248451233,1,0.04569930872338819,0.04569930872338819
61,6603,8,-7.887525677680969,1,0.037541306458688604,0.037541306458688604
62,6604,1,0.0,1,0.014163553395711636,0.014163553395711636
63,6605,4,-3.0,1,0.03972301963971346,0.03972301963971346
64,6606,5,-4.362966418266296,1,0.04909823949646456,0.04909823949646456
65,6607,5,-4.750343680381775,1,0.03099920469507396,0.03099920469507396
66,6608,50,-50.284348487854004,0,0.06410669719210808,0.0640157313763908
67,6609,4,-3.0,1,0.009706559361504977,0.009706559361504977
68,6610,6,-5.620659947395325,1,0.04221952341676908,0.04221952341676908
69,6611,9,-9.321900129318237,1,0.04556190160183776,0.04556190160183776
70,6612,5,-4.0,1,0.025548783029416804,0.025548783029416804
71,6613,10,-9.041769027709961,1,0.0379600780079263,0.0379600780079263
72,6614,50,-50.71551811695099,0,0.06380571596798662,0.06380571596798662
73,6615,1,0.0,1,0.016648913844416583,0.016648913844416583
74,6616,10,-9.156250596046448,1,0.03943037501434035,0.03943037501434035
75,6617,15,-15.097333192825317,1,0.029307171779761762,0.029307171779761762
76,6618,6,-5.5234493017196655,1,0.022069651624892606,0.022069651624892606
77,6619,5,-4.0,1,0.03346334823605483,0.03346334823605483
78,6620,8,-8.274383068084717,1,0.04853161183386945,0.04853161183386945
79,6621,31,-30.327241897583008,1,0.04882028476517909,0.04882028476517909
80,6622,5,-4.1998220682144165,1,0.03400840076567488,0.03400840076567488
81,6623,11,-11.146641254425049,1,0.013906607191131699,0.013906607191131699
82,6624,11,-12.665974140167236,1,0.032726342638904754,0.032726342638904754
83,6625,50,-51.734344363212585,0,0.052844446442585354,0.052844446442585354
84,6626,50,-52.01841926574707,0,0.0918318258457959,0.09174706111849097
85,6627,9,-10.41526997089386,1,0.02318050716641174,0.02318050716641174
86,6628,5,-4.0,1,0.02815131523064365,0.02815131523064365
87,6629,5,-4.143757104873657,1,0.007704741004108193,0.007704741004108193
88,6630,6,-5.0,1,0.028701571727358228,0.028701571727358228
89,6631,8,-8.223599076271057,1,0.04311953616635964,0.04311953616635964
90,6632,5,-4.97651207447052,1,0.019185303290525268,0.019185303290525268
91,6633,6,-5.157286763191223,1,0.048385007603136646,0.048385007603136646
92,6634,5,-4.0,1,0.02813982432880843,0.02813982432880843
93,6635,13,-12.78848123550415,1,0.024356072385835415,0.024356072385835415
94,6636,6,-5.378823280334473,1,0.015365694260972366,0.015365694260972366
95,6637,5,-4.0,1,0.021073321664275703,0.021073321664275703
96,6638,14,-16.17011559009552,1,0.024483637479615825,0.024483637479615825
97,6639,5,-4.0,1,0.03166041642379931,0.03166041642379931
98,6640,10,-10.717220783233643,1,0.01441334487118954,0.01441334487118954
99,6641,1,0.0,1,0.024075150480977078,0.024075150480977078
100,6642,4,-3.0,1,0.04205802408273751,0.04205802408273751
101,6643,12,-13.532806396484375,1,0.04168807278857498,0.04168807278857498
102,6644,4,-3.0,1,0.04383244288494897,0.04383244288494897
103,6645,8,-8.025225281715393,1,0.0422940181929445,0.0422940181929445
104,6646,50,-53.519203662872314,0,0.1394243044382709,0.09454166294154324
105,6647,1,0.0,1,0.028842665909280953,0.028842665909280953
106,6648,40,-39.0,1,0.04978584787832856,0.04978584787832856
107,6649,5,-4.0,1,0.023190412379449764,0.023190412379449764
108,6650,4,-3.0,1,0.037359398837800144,0.037359398837800144
109,6651,6,-5.183539271354675,1,0.024561719654450954,0.024561719654450954
110,6652,5,-4.6011128425598145,1,0.025664104797368775,0.025664104797368775
111,6653,9,-10.360262513160706,1,0.02433264748192162,0.02433264748192162
112,6654,7,-7.051472544670105,1,0.04969865916241196,0.04969865916241196
113,6655,19,-19.280578136444092,1,0.03073119976796438,0.03073119976796438
114,6656,9,-9.13835620880127,1,0.04925792134649327,0.04925792134649327
115,6657,4,-3.0,1,0.03123211119628781,0.03123211119628781
116,6658,10,-11.104276776313782,1,0.037901465764647216,0.037901465764647216
117,6659,4,-3.0,1,0.0352881096240836,0.0352881096240836
118,6660,9,-9.366276383399963,1,0.011697193179083383,0.011697193179083383
119,6661,6,-5.0392067432403564,1,0.026450089139490804,0.026450089139490804
120,6662,7,-6.940432667732239,1,0.04245926592319544,0.04245926592319544
121,6663,6,-5.3849732875823975,1,0.04378868477963037,0.04378868477963037
122,6664,4,-3.0,1,0.039936486280250975,0.039936486280250975
123,6665,50,-50.86705505847931,0,0.08706172923586238,0.05711838828641961
124,6666,8,-7.815991282463074,1,0.048579731617822725,0.048579731617822725
125,6667,5,-4.0,1,0.04136466380797828,0.04136466380797828
126,6668,8,-8.385754108428955,1,0.02084062494109258,0.02084062494109258
127,6669,5,-4.411893129348755,1,0.02991336658456546,0.02991336658456546
128,6670,5,-4.218386650085449,1,0.015537342908452833,0.015537342908452833
129,6671,14,-13.527771472930908,1,0.03219488845385968,0.03219488845385968
130,6672,5,-4.0,1,0.0181584595737504,0.0181584595737504
131,6673,8,-7.986059546470642,1,0.03831919517386442,0.03831919517386442
132,6674,5,-4.733102083206177,1,0.039907422326501345,0.039907422326501345
133,6675,50,-50.052687883377075,0,0.05123446119114419,0.05123446119114419
134,6676,5,-4.0,1,0.013824140972504551,0.013824140972504551
135,6677,10,-10.897824883460999,1,0.010673444141171403,0.010673444141171403
136,6678,50,-64.96552097797394,0,0.2860509038033804,0.05256559330145359
137,6679,50,-50.55615973472595,0,0.06921613109484082,0.06886799146379126
138,6680,13,-13.206355452537537,1,0.026101993421088727,0.026101993421088727
139,6681,5,-4.352228999137878,1,0.026300027383426253,0.026300027383426253
140,6682,10,-9.258054614067078,1,0.032661667292692514,0.032661667292692514
141,6683,10,-10.878878116607666,1,0.002051051729614398,0.002051051729614398
142,6684,5,-4.0,1,0.04899264815407522,0.04899264815407522
143,6685,5,-4.0,1,0.03857853301797951,0.03857853301797951
144,6686,5,-4.829800486564636,1,0.035716443686903916,0.035716443686903916
145,6687,7,-6.288262367248535,1,0.031895751068767936,0.031895751068767936
146,6688,9,-8.724946856498718,1,0.006648131345626996,0.006648131345626996
147,6689,12,-13.101157665252686,1,0.04615101845221845,0.04615101845221845
148,6690,50,-50.99530291557312,0,0.09227244556542195,0.07911167700921765
149,6691,5,-4.0,1,0.03831659543723082,0.03831659543723082
150,6692,5,-4.0,1,0.028337329500775235,0.028337329500775235
151,6693,50,-50.179149746894836,0,0.07521680630851323,0.07483730828508979
152,6694,1,0.0,1,0.04288589838860819,0.04288589838860819
153,6695,6,-6.616657137870789,1,0.0444132277550406,0.0444132277550406
154,6696,6,-5.195600271224976,1,0.041348577807326606,0.041348577807326606
155,6697,5,-4.858896255493164,1,0.04055123418813926,0.04055123418813926
156,6698,6,-5.678088307380676,1,0.03709675821020193,0.03709675821020193
157,6699,50,-50.747899293899536,0,0.09054224125381388,0.061965507622782044
158,6700,5,-4.0,1,0.03578897154485911,0.03578897154485911
159,6701,8,-8.359273791313171,1,0.022215020090545108,0.022215020090545108
160,6702,5,-4.0,1,0.04566690832463906,0.04566690832463906
161,6703,7,-6.0,1,0.038590777947916544,0.038590777947916544
162,6704,1,0.0,1,0.04745821025986628,0.04745821025986628
163,6705,8,-7.361920475959778,1,0.03593762697739043,0.03593762697739043
164,6706,7,-6.850485920906067,1,0.04351873057033214,0.04351873057033214
165,6707,5,-4.0,1,0.032313611079194414,0.032313611079194414
166,6708,9,-8.278738379478455,1,0.03250503899819382,0.03250503899819382
167,6709,4,-3.0,1,0.011813506280811355,0.011813506280811355
168,6710,5,-4.0,1,0.03207622581940914,0.03207622581940914
169,6711,15,-17.669517397880554,1,0.03024469543689372,0.03024469543689372
170,6712,13,-13.82503092288971,1,0.04739426884499653,0.04739426884499653
171,6713,6,-5.0,1,0.042853848901420445,0.042853848901420445
172,6714,5,-4.180563807487488,1,0.04232068019095879,0.04232068019095879
173,6715,7,-6.014724135398865,1,0.030258130918396995,0.030258130918396995
174,6716,5,-4.0,1,0.035612122644251176,0.035612122644251176
175,6717,8,-7.7314159870147705,1,0.04059689369227231,0.04059689369227231
176,6718,4,-3.0,1,0.04344576481324799,0.04344576481324799
177,6719,10,-11.73160707950592,1,0.0218717726112265,0.0218717726112265
178,6720,5,-4.0,1,0.023614838465312753,0.023614838465312753
179,6721,9,-9.560546636581421,1,0.03349829585279336,0.03349829585279336
180,6722,50,-50.0,0,0.061159667781780946,0.06109010787554775
181,6723,9,-8.0,1,0.023165717542863503,0.023165717542863503
182,6724,6,-5.813843131065369,1,0.010025733672577678,0.010025733672577678
183,6725,50,-56.76951611042023,0,0.15603521588526767,0.15603521588526767
184,6726,5,-4.106692552566528,1,0.023668191607543118,0.023668191607543118
185,6727,10,-9.787827730178833,1,0.03828414402856553,0.03828414402856553
186,6728,1,0.0,1,0.04523359335433302,0.04523359335433302
187,6729,50,-50.0,0,0.08614269795585155,0.061564480715475864
188,6730,14,-15.963448166847229,1,0.028916420827536187,0.028916420827536187
189,6731,8,-8.034177899360657,1,0.022045131341047935,0.022045131341047935
190,6732,7,-6.943037986755371,1,0.044795040364544576,0.044795040364544576
191,6733,50,-51.3701456785202,0,0.06521529492076605,0.06521529492076605
192,6734,5,-4.80240535736084,1,0.039445819233118046,0.039445819233118046
193,6735,50,-50.0,0,0.08571858936087628,0.058586683682590526
194,6736,7,-6.490390181541443,1,0.021255075167285226,0.021255075167285226
195,6737,4,-3.0,1,0.00783266710482168,0.00783266710482168
196,6738,1,0.0,1,0.045481259192969956,0.045481259192969956
197,6739,6,-5.413590431213379,1,0.04860362960439378,0.04860362960439378
198,6740,11,-11.764374852180481,1,0.014034696601330256,0.014034696601330256
199,6741,8,-7.841064810752869,1,0.040605165684519315,0.040605165684519315
200,6742,6,-5.0,1,0.019828725123935825,0.019828725123935825
201,6743,50,-51.15593481063843,0,0.09259389536600993,0.06354265615051023
202,6744,7,-6.702401161193848,1,0.025495965938929034,0.025495965938929034
203,6745,6,-5.370334506034851,1,0.042800036703448924,0.042800036703448924
204,6746,9,-8.0,1,0.048008701227154844,0.048008701227154844
205,6747,6,-5.625361680984497,1,0.032112039304136225,0.032112039304136225
206,6748,1,0.0,1,0.03857018774343561,0.03857018774343561
207,6749,50,-50.25847339630127,0,0.09254755898488398,0.06377671785909528
208,6750,5,-4.0,1,0.018299270849944205,0.018299270849944205
209,6751,6,-5.0,1,0.03410801959459353,0.03410801959459353
210,6752,8,-8.389814138412476,1,0.033762526543687485,0.033762526543687485
211,6753,8,-7.0,1,0.04237067150878645,0.04237067150878645
212,6754,14,-13.667346239089966,1,0.041688695977470554,0.041688695977470554
213,6755,8,-7.341879844665527,1,0.03266903115683502,0.03266903115683502
214,6756,5,-4.718311905860901,1,0.0397282651660974,0.0397282651660974
215,6757,5,-4.0,1,0.03673094019165069,0.03673094019165069
216,6758,7,-6.0,1,0.04563023051613599,0.04563023051613599
217,6759,50,-50.0,0,0.09184372323490243,0.07987758705510072
218,6760,7,-6.647396564483643,1,0.03305120755157417,0.03305120755157417
219,6761,1,0.0,1,0.036765792828712944,0.036765792828712944
220,6762,6,-5.0,1,0.041595897431414154,0.041595897431414154
221,6763,1,0.0,1,0.028281965151036842,0.028281965151036842
222,6764,5,-4.0,1,0.045669632554631995,0.045669632554631995
223,6765,50,-50.80887269973755,0,0.09348008027262872,0.07264840624892166
224,6766,4,-3.0,1,0.04113461358051576,0.04113461358051576
225,6767,1,0.0,1,0.03850365058147887,0.03850365058147887
226,6768,8,-9.483999013900757,1,0.045059019862815124,0.045059019862815124
227,6769,10,-11.669376969337463,1,0.030062190278528304,0.030062190278528304
228,6770,9,-10.202051639556885,1,0.011331128007513114,0.011331128007513114
229,6771,1,0.0,1,0.029127245775043796,0.029127245775043796
230,6772,6,-5.114927291870117,1,0.006395338831698519,0.006395338831698519
231,6773,9,-9.631012320518494,1,0.0481964969300398,0.0481964969300398
232,6774,6,-5.0,1,0.03828937418541013,0.03828937418541013
233,6775,5,-4.3764612674713135,1,0.045755595153622625,0.045755595153622625
234,6776,5,-4.8711254596710205,1,0.04751057244197973,0.04751057244197973
235,6777,50,-50.55138635635376,0,0.11473740034710725,0.11420139928173675
236,6778,9,-9.909022569656372,1,0.03824438785325462,0.03824438785325462
237,6779,8,-7.5523834228515625,1,0.04941648275659825,0.04941648275659825
238,6780,9,-10.370660781860352,1,0.043204732044082574,0.043204732044082574
239,6781,4,-3.0,1,0.047569086604613314,0.047569086604613314
240,6782,6,-5.335205554962158,1,0.029544164427148602,0.029544164427148602
241,6783,10,-11.377750873565674,1,0.042261788957410965,0.042261788957410965
242,6784,9,-9.747201085090637,1,0.007616442451853545,0.007616442451853545
243,6785,8,-7.811001420021057,1,0.03819196224978923,0.03819196224978923
244,6786,50,-54.75074124336243,0,0.13087215649327635,0.11654375665172695
245,6787,16,-18.688555121421814,1,0.02446974504216611,0.02446974504216611
246,6788,7,-6.441305160522461,1,0.04067387207319217,0.04067387207319217
247,6789,7,-7.083165168762207,1,0.046461990801918554,0.046461990801918554
248,6790,8,-7.963399529457092,1,0.007612287413787819,0.007612287413787819
249,6791,5,-4.095814943313599,1,0.041362117793995436,0.041362117793995436
250,6792,1,0.0,1,0.03316988022192354,0.03316988022192354
251,6793,14,-16.04245102405548,1,0.04857087377450451,0.04857087377450451
252,6794,5,-4.9614914655685425,1,0.0467266246425376,0.0467266246425376
253,6795,6,-5.013811230659485,1,0.008280452068298175,0.008280452068298175
254,6796,9,-9.566336154937744,1,0.026035176513709894,0.026035176513709894
255,6797,5,-4.0,1,0.017107626250566534,0.017107626250566534
256,6798,1,0.0,1,0.04023288083255336,0.04023288083255336
257,6799,10,-9.0,1,0.047271822732902494,0.047271822732902494
258,6800,5,-4.323497772216797,1,0.02272755819918039,0.02272755819918039
259,6801,1,0.0,1,0.038967187066264466,0.038967187066264466
260,6802,4,-3.0,1,0.04232230069564955,0.04232230069564955
261,6803,5,-4.0,1,0.019430077413958694,0.019430077413958694
262,6804,9,-9.417516589164734,1,0.031143493989627288,0.031143493989627288
263,6805,6,-5.953393340110779,1,0.04297207908801985,0.04297207908801985
264,6806,11,-12.245671391487122,1,0.03417078511093055,0.03417078511093055
265,6807,9,-9.506956219673157,1,0.019772215358200677,0.019772215358200677
266,6808,50,-50.68180859088898,0,0.0913100526235066,0.055696506635389956
267,6809,5,-4.0,1,0.0265204665353661,0.0265204665353661
268,6810,5,-4.0,1,0.022778893251488467,0.022778893251488467
269,6811,5,-4.229831695556641,1,0.028563508161887716,0.028563508161887716
270,6812,5,-4.0,1,0.025223071547409288,0.025223071547409288
271,6813,1,0.0,1,0.046095313056869196,0.046095313056869196
272,6814,6,-5.0,1,0.044356618643925164,0.044356618643925164
273,6815,50,-50.94289481639862,0,0.10353901145522708,0.10302626814907485
274,6816,6,-5.301702499389648,1,0.03946474011155935,0.03946474011155935
275,6817,7,-6.349080562591553,1,0.03559534065963828,0.03559534065963828
276,6818,5,-4.046895384788513,1,0.010730420393544871,0.010730420393544871
277,6819,6,-5.0,1,0.04118118019235845,0.04118118019235845
278,6820,5,-4.0,1,0.04333782641961731,0.04333782641961731
279,6821,10,-10.670783638954163,1,0.02388524448392793,0.02388524448392793
280,6822,7,-6.866639137268066,1,0.043204040131717254,0.043204040131717254
281,6823,50,-50.86452496051788,0,0.08213987302236725,0.08213987302236725
282,6824,8,-7.994480729103088,1,0.032678673858786686,0.032678673858786686
283,6825,41,-50.879674792289734,1,0.017173746688633234,0.017173746688633234
284,6826,5,-4.052274823188782,1,0.0017763170351702074,0.0017763170351702074
285,6827,5,-4.0,1,0.0421008166647113,0.0421008166647113
286,6828,13,-12.0,1,0.04616628832347689,0.04616628832347689
287,6829,1,0.0,1,0.033262875194751525,0.033262875194751525
288,6830,6,-5.44984495639801,1,0.04071645314214193,0.04071645314214193
289,6831,5,-4.039153456687927,1,0.03852399863813639,0.03852399863813639
290,6832,5,-4.0,1,0.04309942452801414,0.04309942452801414
291,6833,5,-4.346965909004211,1,0.039592733757597545,0.039592733757597545
292,6834,4,-3.0,1,0.03773913172218821,0.03773913172218821
293,6835,12,-11.423305630683899,1,0.03070971677365197,0.03070971677365197
294,6836,1,0.0,1,0.029511474487886633,0.029511474487886633
295,6837,5,-4.130887150764465,1,0.042404557495788114,0.042404557495788114
296,6838,5,-4.428558707237244,1,0.008242025328369285,0.008242025328369285
297,6839,7,-6.196164608001709,1,0.010730629884620299,0.010730629884620299
298,6840,5,-4.325400948524475,1,0.023255757946483508,0.023255757946483508
299,6841,5,-4.5441954135894775,1,0.04394125368610842,0.04394125368610842
300,6842,8,-8.017297506332397,1,0.03246412929692964,0.03246412929692964
301,6843,4,-3.0,1,0.04229637023122176,0.04229637023122176
302,6844,17,-16.98068118095398,1,0.01786469210902671,0.01786469210902671
303,6845,50,-50.0,0,0.06830785873950772,0.06830785873950772
304,6846,5,-4.0,1,0.028497257159550142,0.028497257159550142
305,6847,5,-4.0,1,0.030750580695735195,0.030750580695735195
306,6848,5,-4.0,1,0.043676770667912965,0.043676770667912965
307,6849,1,0.0,1,0.006956428501293589,0.006956428501293589
308,6850,6,-5.0,1,0.029857921808053564,0.029857921808053564
309,6851,6,-6.344441056251526,1,0.049762994114009314,0.049762994114009314
310,6852,1,0.0,1,0.04163842206925025,0.04163842206925025
311,6853,5,-4.0,1,0.03391061133718924,0.03391061133718924
312,6854,8,-7.84927225112915,1,0.016205686390280388,0.016205686390280388
313,6855,9,-9.4866384267807,1,0.032198780894627445,0.032198780894627445
314,6856,50,-50.5778204202652,0,0.06663075426883878,0.06606563216139938
315,6857,5,-4.447493314743042,1,0.029759396161013585,0.029759396161013585
316,6858,50,-50.0,0,0.061982908899202986,0.061721801483518
317,6859,5,-4.099669337272644,1,0.039923792283460525,0.039923792283460525
318,6860,4,-3.0,1,0.040445486403980435,0.040445486403980435
319,6861,7,-6.931085586547852,1,0.030630908059763297,0.030630908059763297
320,6862,5,-4.018692851066589,1,0.03813077558711924,0.03813077558711924
321,6863,7,-6.670681595802307,1,0.038073520958175885,0.038073520958175885
322,6864,9,-9.443122148513794,1,0.010679368255234608,0.010679368255234608
323,6865,8,-7.859938859939575,1,0.048468894064714475,0.048468894064714475
324,6866,6,-5.312744140625,1,0.025201948899873778,0.025201948899873778
325,6867,5,-4.0,1,0.04903439047752728,0.04903439047752728
326,6868,5,-4.0,1,0.020287763982199017,0.020287763982199017
327,6869,6,-5.189890742301941,1,0.03334597884277872,0.03334597884277872
328,6870,10,-11.181475758552551,1,0.025205953454990413,0.025205953454990413
329,6871,7,-6.813013911247253,1,0.03905537053063537,0.03905537053063537
330,6872,7,-6.657220721244812,1,0.03291186313735946,0.03291186313735946
331,6873,10,-9.0,1,0.019443946852067715,0.019443946852067715
332,6874,10,-11.152389168739319,1,0.032647951714921956,0.032647951714921956
333,6875,8,-8.041571021080017,1,0.03637058415724939,0.03637058415724939
334,6876,7,-6.771658658981323,1,0.02817104966651991,0.02817104966651991
335,6877,7,-6.629982352256775,1,0.036262789895649274,0.036262789895649274
336,6878,16,-17.8352073431015,1,0.008978629469613041,0.008978629469613041
337,6879,5,-4.0,1,0.01844512021993783,0.01844512021993783
338,6880,9,-9.055358290672302,1,0.015069116276690199,0.015069116276690199
339,6881,10,-10.619295120239258,1,0.047639568459067715,0.047639568459067715
340,6882,7,-7.078882336616516,1,0.03996711832122978,0.03996711832122978
341,6883,10,-10.7609144449234,1,0.036190629814890136,0.036190629814890136
342,6884,8,-8.001240134239197,1,0.009599987487754083,0.009599987487754083
343,6885,5,-4.0,1,0.013659029850387963,0.013659029850387963
344,6886,6,-5.078071117401123,1,0.04852757076250711,0.04852757076250711
345,6887,50,-52.26979172229767,0,0.058247637781245136,0.05270543529339683
346,6888,5,-4.0,1,0.010559440902790325,0.010559440902790325
347,6889,9,-8.0,1,0.02919941221463945,0.02919941221463945
348,6890,50,-52.67134940624237,0,0.07856521013359825,0.0640654077939331
349,6891,8,-8.11356770992279,1,0.021738609167830127,0.021738609167830127
350,6892,5,-4.0,1,0.044408884136061144,0.044408884136061144
351,6893,1,0.0,1,0.029434403566352733,0.029434403566352733
352,6894,1,0.0,1,0.047209787946128776,0.047209787946128776
353,6895,7,-7.4677616357803345,1,0.0219226404878265,0.0219226404878265
354,6896,6,-5.307875156402588,1,0.04807393983542602,0.04807393983542602
355,6897,1,0.0,1,0.03422717174926833,0.03422717174926833
356,6898,11,-11.54935359954834,1,0.04807046021573308,0.04807046021573308
357,6899,1,0.0,1,0.030621793319534154,0.030621793319534154
358,6900,50,-62.11755692958832,0,0.20303996767888707,0.20294742887936587
359,6901,6,-5.0,1,0.021446855010669476,0.021446855010669476
360,6902,5,-4.0,1,0.0465519779585813,0.0465519779585813
361,6903,50,-50.86877083778381,0,0.09467804799489897,0.09467804799489897
362,6904,7,-7.885087490081787,1,0.010192897643990118,0.010192897643990118
363,6905,5,-4.653013706207275,1,0.04168930166010235,0.04168930166010235
364,6906,1,0.0,1,0.023465166014133183,0.023465166014133183
365,6907,5,-4.993901968002319,1,0.03173220438955759,0.03173220438955759
366,6908,5,-4.182156205177307,1,0.0064193154051088025,0.0064193154051088025
367,6909,1,0.0,1,0.03126192151922635,0.03126192151922635
368,6910,14,-15.1578871011734,1,0.03648158628226877,0.03648158628226877
369,6911,7,-6.433520078659058,1,0.004857615575466129,0.004857615575466129
370,6912,5,-4.0,1,0.041387815769299466,0.041387815769299466
371,6913,8,-8.246355295181274,1,0.03688789766891888,0.03688789766891888
372,6914,5,-4.0,1,0.026334597662750057,0.026334597662750057
373,6915,8,-7.0,1,0.04014696783394197,0.04014696783394197
374,6916,4,-3.0,1,0.03583687691443833,0.03583687691443833
375,6917,5,-4.044493556022644,1,0.018058598980446327,0.018058598980446327
376,6918,8,-7.819331645965576,1,0.04567361278948277,0.04567361278948277
377,6919,4,-3.0,1,0.01858936436927338,0.01858936436927338
378,6920,7,-6.0144195556640625,1,0.017130781815639873,0.017130781815639873
379,6921,50,-50.2840371131897,0,0.11879267778421256,0.11612387359741969
380,6922,1,0.0,1,0.02217980070313281,0.02217980070313281
381,6923,5,-4.907607436180115,1,0.04102652816392344,0.04102652816392344
382,6924,9,-8.0,1,0.037638330443080334,0.037638330443080334
383,6925,8,-8.02188515663147,1,0.027997902616302334,0.027997902616302334
384,6926,12,-12.384608507156372,1,0.015375930372634012,0.015375930372634012
385,6927,11,-12.195751190185547,1,0.039335797203324606,0.039335797203324606
386,6928,9,-9.081801056861877,1,0.048500945389334665,0.048500945389334665
387,6929,5,-4.399159789085388,1,0.026144949654974242,0.026144949654974242
388,6930,6,-5.0,1,0.019054491558316986,0.019054491558316986
389,6931,4,-3.0,1,0.04886545101986315,0.04886545101986315
390,6932,8,-8.103646397590637,1,0.01886439177129432,0.01886439177129432
391,6933,1,0.0,1,0.01822258737930174,0.01822258737930174
392,6934,5,-4.458230495452881,1,0.03336866002433231,0.03336866002433231
393,6935,8,-8.395933508872986,1,0.04891486179408507,0.04891486179408507
394,6936,12,-11.0,1,0.04698770135515873,0.04698770135515873
395,6937,50,-51.44235396385193,0,0.11924301522306939,0.10715175469165064
396,6938,1,0.0,1,0.025821090934267467,0.025821090934267467
397,6939,50,-50.775388956069946,0,0.06267755306808862,0.06264942238010898
398,6940,50,-50.27324151992798,0,0.099095064184069,0.061329752365111914
399,6941,7,-6.669999480247498,1,0.04995542736612778,0.04995542736612778
400,6942,5,-4.065029263496399,1,0.03916759097007374,0.03916759097007374
401,6943,4,-3.0,1,0.04083880517662177,0.04083880517662177
402,6944,10,-10.664259195327759,1,0.02569013477714037,0.02569013477714037
403,6945,8,-8.320203304290771,1,0.03603345874717255,0.03603345874717255
404,6946,1,0.0,1,0.018440533711121906,0.018440533711121906
405,6947,1,0.0,1,0.005505105432637196,0.005505105432637196
406,6948,4,-3.0,1,0.04924815227717364,0.04924815227717364
407,6949,50,-51.81776487827301,0,0.10766855670211828,0.07794321512681923
408,6950,7,-6.775867700576782,1,0.03694090408268772,0.03694090408268772
409,6951,6,-5.766283631324768,1,0.03357018971540352,0.03357018971540352
410,6952,13,-14.456729173660278,1,0.005007718777751137,0.005007718777751137
411,6953,10,-10.199422717094421,1,0.03652991591819144,0.03652991591819144
412,6954,13,-13.014403939247131,1,0.04223426598053851,0.04223426598053851
413,6955,5,-4.0,1,0.024658362710307483,0.024658362710307483
414,6956,5,-5.028843641281128,1,0.04584154877581843,0.04584154877581843
415,6957,1,0.0,1,0.021133975402655897,0.021133975402655897
416,6958,5,-4.0,1,0.040621332234961054,0.040621332234961054
417,6959,5,-4.0,1,0.0027564530268097487,0.0027564530268097487
418,6960,12,-11.922851920127869,1,0.006834740197955038,0.006834740197955038
419,6961,5,-4.0,1,0.02549967223286985,0.02549967223286985
420,6962,8,-7.38074004650116,1,0.046113432047498876,0.046113432047498876
421,6963,1,0.0,1,0.03984377997743559,0.03984377997743559
422,6964,4,-3.0,1,0.04413714166523399,0.04413714166523399
423,6965,50,-54.211594343185425,0,0.13589323318888008,0.13586500642403404
424,6966,11,-12.530335307121277,1,0.03419295367929368,0.03419295367929368
425,6967,6,-5.0,1,0.032128217203357824,0.032128217203357824
426,6968,5,-4.133866548538208,1,0.034610737004620175,0.034610737004620175
427,6969,4,-3.0,1,0.008852954417779257,0.008852954417779257
428,6970,6,-5.509584546089172,1,0.00988468201800654,0.00988468201800654
429,6971,5,-4.0,1,0.0335245841950826,0.0335245841950826
430,6972,50,-52.22400462627411,0,0.0951834714751714,0.05883217662474251
431,6973,5,-4.0,1,0.03904602008733244,0.03904602008733244
432,6974,5,-4.0,1,0.012316324334174563,0.012316324334174563
433,6975,50,-50.0,0,0.08020768526541236,0.051065070512205164
434,6976,5,-4.0,1,0.029259466062712423,0.029259466062712423
435,6977,8,-8.302029252052307,1,0.013589599784460393,0.013589599784460393
436,6978,6,-5.163467168807983,1,0.01745644584281993,0.01745644584281993
437,6979,4,-3.0,1,0.01924966868639988,0.01924966868639988
438,6980,7,-6.299117922782898,1,0.04424034250866996,0.04424034250866996
439,6981,6,-5.071930408477783,1,0.03852311081819435,0.03852311081819435
440,6982,12,-11.0,1,0.04013379896395818,0.04013379896395818
441,6983,5,-4.385288953781128,1,0.03296723909491269,0.03296723909491269
442,6984,5,-4.882369637489319,1,0.015002795700419862,0.015002795700419862
443,6985,4,-3.0,1,0.02209679195171345,0.02209679195171345
444,6986,6,-5.067246198654175,1,0.04200014107543733,0.04200014107543733
445,6987,5,-4.0,1,0.027257035332204686,0.027257035332204686
446,6988,5,-4.371426343917847,1,0.026821090764799632,0.026821090764799632
447,6989,6,-5.399868965148926,1,0.043677457394222435,0.043677457394222435
448,6990,5,-4.538011789321899,1,0.02984821228292491,0.02984821228292491
449,6991,7,-6.815427184104919,1,0.04213218007836547,0.04213218007836547
450,6992,50,-51.10549819469452,0,0.08649313331189916,0.06994172748781503
451,6993,5,-5.363881945610046,1,0.04127413045611234,0.04127413045611234
452,6994,6,-5.0,1,0.03999671589910596,0.03999671589910596
453,6995,5,-4.0,1,0.005475361662879522,0.005475361662879522
454,6996,6,-5.435134172439575,1,0.035201781537547855,0.035201781537547855
455,6997,7,-7.542983531951904,1,0.0238467561918455,0.0238467561918455
456,6998,8,-8.662733793258667,1,0.03858232597069878,0.03858232597069878
457,6999,7,-6.0,1,0.03425122710177209,0.03425122710177209
458,7000,5,-4.0,1,0.04130332763047678,0.04130332763047678
459,7001,50,-50.60994899272919,0,0.06533457097627693,0.06524460712942964
460,7002,7,-6.903280973434448,1,0.049230021175792386,0.049230021175792386
461,7003,9,-9.820881366729736,1,0.028322566402510133,0.028322566402510133
462,7004,6,-5.305982828140259,1,0.03609698842518307,0.03609698842518307
463,7005,9,-9.307901382446289,1,0.013727804876434577,0.013727804876434577
464,7006,8,-8.094863176345825,1,0.04973906155872956,0.04973906155872956
465,7007,9,-9.6890127658844,1,0.044819622185851206,0.044819622185851206
466,7008,17,-16.422630786895752,1,0.018773259237915858,0.018773259237915858
467,7009,1,0.0,1,0.03594718377156746,0.03594718377156746
468,7010,9,-8.937239170074463,1,0.04214472067717763,0.04214472067717763
469,7011,5,-4.873704195022583,1,0.034027109743567555,0.034027109743567555
470,7012,50,-50.575267910957336,0,0.08641221195171107,0.08641221195171107
471,7013,50,-50.85683882236481,0,0.09009902113913755,0.0899820315089633
472,7014,5,-4.540369033813477,1,0.03710126866199094,0.03710126866199094
473,7015,4,-3.0,1,0.02754467952358926,0.02754467952358926
474,7016,5,-4.089612603187561,1,0.049335357951841005,0.049335357951841005
475,7017,5,-4.938157677650452,1,0.028389515471658838,0.028389515471658838
476,7018,5,-4.0,1,0.01329631564788818,0.01329631564788818
477,7019,7,-6.8251835107803345,1,0.034733886445635145,0.034733886445635145
478,7020,8,-7.964609503746033,1,0.019738487137211342,0.019738487137211342
479,7021,8,-8.11249327659607,1,0.03579968078803708,0.03579968078803708
480,7022,50,-52.46771466732025,0,0.11193001649289885,0.08636271660700937
481,7023,6,-5.0,1,0.02066837576401632,0.02066837576401632
482,7024,4,-3.0,1,0.024201107995266074,0.024201107995266074
483,7025,1,0.0,1,0.010053811976184813,0.010053811976184813
484,7026,9,-9.917794108390808,1,0.029123142766849564,0.029123142766849564
485,7027,5,-4.0,1,0.016307692092410113,0.016307692092410113
486,7028,50,-50.10352039337158,0,0.07733738665610917,0.058957892593040115
487,7029,4,-3.0,1,0.01533858752417816,0.01533858752417816
488,7030,5,-4.0,1,0.015955652620434194,0.015955652620434194
489,7031,4,-3.0,1,0.04850004538179413,0.04850004538179413
490,7032,8,-7.0,1,0.047831007463071305,0.047831007463071305
491,7033,11,-10.0,1,0.04573618790703753,0.04573618790703753
492,7034,50,-50.51881504058838,0,0.08731989447095663,0.08400898863772036
493,7035,7,-6.780386447906494,1,0.03996920448825089,0.03996920448825089
494,7036,8,-7.60325026512146,1,0.01900500843394597,0.01900500843394597
495,7037,9,-9.839328408241272,1,0.02081393718736108,0.02081393718736108
496,7038,5,-4.338456869125366,1,0.034932321045557164,0.034932321045557164
497,7039,1,0.0,1,0.034404966477604555,0.034404966477604555
498,7040,4,-3.0,1,0.04287983556392905,0.04287983556392905
499,7041,5,-4.0,1,0.026918933503854867,0.026918933503854867
