AdroitHandRelocateDense-v1, AdroitHandHammerDense-v1, AdroitHandDoorDense-v1 environment's reward functions were updated in v1.2.1 without an environment version update. Therefore, use gymnasium-robotics==1.2.0 for v1 reproducibility or use v2 in gymnasium-robotics>=1.4.3. See https://github.com/Farama-Foundation/Gymnasium-Robotics/pull/220 for more details
Wrapping the env with a `Monitor` wrapper
Wrapping the env in a DummyVecEnv.
episode=000 steps=15 success=1 return= -14.682 final_d=0.0061 m min_d=0.0061 m
episode=001 steps=06 success=1 return=  -5.415 final_d=0.0221 m min_d=0.0221 m
episode=002 steps=04 success=1 return=  -3.000 final_d=0.0338 m min_d=0.0338 m
episode=003 steps=50 success=0 return= -50.872 final_d=0.1138 m min_d=0.0528 m
episode=004 steps=01 success=1 return=   0.000 final_d=0.0113 m min_d=0.0113 m
episode=005 steps=11 success=1 return= -12.437 final_d=0.0439 m min_d=0.0439 m
episode=006 steps=09 success=1 return=  -9.839 final_d=0.0313 m min_d=0.0313 m
episode=007 steps=12 success=1 return= -13.640 final_d=0.0404 m min_d=0.0404 m
episode=008 steps=10 success=1 return=  -9.125 final_d=0.0152 m min_d=0.0152 m
episode=009 steps=05 success=1 return=  -4.000 final_d=0.0369 m min_d=0.0369 m
episode=010 steps=05 success=1 return=  -4.000 final_d=0.0296 m min_d=0.0296 m
episode=011 steps=01 success=1 return=   0.000 final_d=0.0259 m min_d=0.0259 m
episode=012 steps=04 success=1 return=  -3.000 final_d=0.0156 m min_d=0.0156 m
episode=013 steps=09 success=1 return=  -9.418 final_d=0.0450 m min_d=0.0450 m
episode=014 steps=05 success=1 return=  -4.083 final_d=0.0162 m min_d=0.0162 m
episode=015 steps=07 success=1 return=  -6.000 final_d=0.0131 m min_d=0.0131 m
episode=016 steps=05 success=1 return=  -4.000 final_d=0.0259 m min_d=0.0259 m
episode=017 steps=04 success=1 return=  -3.000 final_d=0.0473 m min_d=0.0473 m
episode=018 steps=05 success=1 return=  -4.660 final_d=0.0488 m min_d=0.0488 m
episode=019 steps=12 success=1 return= -12.410 final_d=0.0487 m min_d=0.0487 m
episode=020 steps=09 success=1 return=  -8.891 final_d=0.0177 m min_d=0.0177 m
episode=021 steps=20 success=1 return= -22.641 final_d=0.0480 m min_d=0.0480 m
episode=022 steps=50 success=0 return= -52.135 final_d=0.0682 m min_d=0.0540 m
episode=023 steps=10 success=1 return= -11.019 final_d=0.0375 m min_d=0.0375 m
episode=024 steps=06 success=1 return=  -5.011 final_d=0.0255 m min_d=0.0255 m
episode=025 steps=07 success=1 return=  -6.523 final_d=0.0423 m min_d=0.0423 m
episode=026 steps=08 success=1 return=  -7.490 final_d=0.0500 m min_d=0.0500 m
episode=027 steps=05 success=1 return=  -4.000 final_d=0.0191 m min_d=0.0191 m
episode=028 steps=20 success=1 return= -21.249 final_d=0.0316 m min_d=0.0316 m
episode=029 steps=01 success=1 return=   0.000 final_d=0.0464 m min_d=0.0464 m
episode=030 steps=06 success=1 return=  -5.000 final_d=0.0464 m min_d=0.0464 m
episode=031 steps=05 success=1 return=  -4.051 final_d=0.0214 m min_d=0.0214 m
episode=032 steps=10 success=1 return= -10.664 final_d=0.0421 m min_d=0.0421 m
episode=033 steps=50 success=0 return= -50.087 final_d=0.0797 m min_d=0.0797 m
episode=034 steps=50 success=0 return= -50.322 final_d=0.0548 m min_d=0.0547 m
episode=035 steps=15 success=1 return= -16.609 final_d=0.0478 m min_d=0.0478 m
episode=036 steps=11 success=1 return= -11.638 final_d=0.0378 m min_d=0.0378 m
episode=037 steps=05 success=1 return=  -4.433 final_d=0.0243 m min_d=0.0243 m
episode=038 steps=11 success=1 return= -10.656 final_d=0.0405 m min_d=0.0405 m
episode=039 steps=05 success=1 return=  -4.000 final_d=0.0425 m min_d=0.0425 m
episode=040 steps=05 success=1 return=  -4.000 final_d=0.0256 m min_d=0.0256 m
episode=041 steps=04 success=1 return=  -3.000 final_d=0.0366 m min_d=0.0366 m
episode=042 steps=08 success=1 return=  -7.570 final_d=0.0262 m min_d=0.0262 m
episode=043 steps=05 success=1 return=  -4.000 final_d=0.0447 m min_d=0.0447 m
episode=044 steps=50 success=0 return= -50.267 final_d=0.0764 m min_d=0.0505 m
episode=045 steps=01 success=1 return=   0.000 final_d=0.0355 m min_d=0.0355 m
episode=046 steps=12 success=1 return= -13.197 final_d=0.0370 m min_d=0.0370 m
episode=047 steps=07 success=1 return=  -6.873 final_d=0.0426 m min_d=0.0426 m
episode=048 steps=01 success=1 return=   0.000 final_d=0.0364 m min_d=0.0364 m
episode=049 steps=50 success=0 return= -50.000 final_d=0.0869 m min_d=0.0869 m
episode=050 steps=07 success=1 return=  -6.000 final_d=0.0489 m min_d=0.0489 m
episode=051 steps=11 success=1 return= -11.797 final_d=0.0459 m min_d=0.0459 m
episode=052 steps=05 success=1 return=  -4.929 final_d=0.0492 m min_d=0.0492 m
episode=053 steps=05 success=1 return=  -4.504 final_d=0.0340 m min_d=0.0340 m
episode=054 steps=05 success=1 return=  -4.921 final_d=0.0211 m min_d=0.0211 m
episode=055 steps=06 success=1 return=  -5.242 final_d=0.0439 m min_d=0.0439 m
episode=056 steps=06 success=1 return=  -5.797 final_d=0.0409 m min_d=0.0409 m
episode=057 steps=08 success=1 return=  -7.945 final_d=0.0114 m min_d=0.0114 m
episode=058 steps=05 success=1 return=  -4.000 final_d=0.0270 m min_d=0.0270 m
episode=059 steps=12 success=1 return= -12.420 final_d=0.0236 m min_d=0.0236 m
episode=060 steps=10 success=1 return= -11.014 final_d=0.0344 m min_d=0.0344 m
episode=061 steps=05 success=1 return=  -4.000 final_d=0.0127 m min_d=0.0127 m
episode=062 steps=06 success=1 return=  -5.000 final_d=0.0233 m min_d=0.0233 m
episode=063 steps=07 success=1 return=  -6.000 final_d=0.0283 m min_d=0.0283 m
episode=064 steps=10 success=1 return= -10.857 final_d=0.0166 m min_d=0.0166 m
episode=065 steps=05 success=1 return=  -4.402 final_d=0.0207 m min_d=0.0207 m
episode=066 steps=05 success=1 return=  -4.000 final_d=0.0199 m min_d=0.0199 m
episode=067 steps=08 success=1 return=  -7.940 final_d=0.0113 m min_d=0.0113 m
episode=068 steps=07 success=1 return=  -6.838 final_d=0.0254 m min_d=0.0254 m
episode=069 steps=50 success=0 return= -52.683 final_d=0.0595 m min_d=0.0595 m
episode=070 steps=10 success=1 return= -10.596 final_d=0.0476 m min_d=0.0476 m
episode=071 steps=50 success=0 return= -50.000 final_d=0.0753 m min_d=0.0662 m
episode=072 steps=12 success=1 return= -13.154 final_d=0.0366 m min_d=0.0366 m
episode=073 steps=04 success=1 return=  -3.000 final_d=0.0242 m min_d=0.0242 m
episode=074 steps=05 success=1 return=  -4.713 final_d=0.0485 m min_d=0.0485 m
episode=075 steps=50 success=0 return= -50.783 final_d=0.1218 m min_d=0.1218 m
episode=076 steps=05 success=1 return=  -4.664 final_d=0.0307 m min_d=0.0307 m
episode=077 steps=09 success=1 return=  -8.387 final_d=0.0382 m min_d=0.0382 m
episode=078 steps=09 success=1 return=  -9.460 final_d=0.0199 m min_d=0.0199 m
episode=079 steps=04 success=1 return=  -3.000 final_d=0.0315 m min_d=0.0315 m
episode=080 steps=01 success=1 return=   0.000 final_d=0.0179 m min_d=0.0179 m
episode=081 steps=05 success=1 return=  -4.596 final_d=0.0298 m min_d=0.0298 m
episode=082 steps=50 success=0 return= -60.666 final_d=0.1866 m min_d=0.1866 m
episode=083 steps=50 success=0 return= -50.499 final_d=0.0610 m min_d=0.0605 m
episode=084 steps=01 success=1 return=   0.000 final_d=0.0339 m min_d=0.0339 m
episode=085 steps=04 success=1 return=  -3.000 final_d=0.0384 m min_d=0.0384 m
episode=086 steps=05 success=1 return=  -4.181 final_d=0.0359 m min_d=0.0359 m
episode=087 steps=50 success=0 return= -55.308 final_d=0.1487 m min_d=0.0689 m
episode=088 steps=50 success=0 return= -51.273 final_d=0.0988 m min_d=0.0988 m
episode=089 steps=05 success=1 return=  -4.000 final_d=0.0372 m min_d=0.0372 m
episode=090 steps=05 success=1 return=  -4.000 final_d=0.0109 m min_d=0.0109 m
episode=091 steps=08 success=1 return=  -7.727 final_d=0.0175 m min_d=0.0175 m
episode=092 steps=05 success=1 return=  -5.007 final_d=0.0018 m min_d=0.0018 m
episode=093 steps=05 success=1 return=  -4.041 final_d=0.0192 m min_d=0.0192 m
episode=094 steps=05 success=1 return=  -4.000 final_d=0.0363 m min_d=0.0363 m
episode=095 steps=09 success=1 return=  -8.035 final_d=0.0485 m min_d=0.0485 m
episode=096 steps=05 success=1 return=  -4.000 final_d=0.0129 m min_d=0.0129 m
episode=097 steps=05 success=1 return=  -4.000 final_d=0.0277 m min_d=0.0277 m
episode=098 steps=05 success=1 return=  -4.000 final_d=0.0047 m min_d=0.0047 m
episode=099 steps=50 success=0 return= -50.049 final_d=0.0694 m min_d=0.0624 m
episode=100 steps=07 success=1 return=  -6.991 final_d=0.0492 m min_d=0.0492 m
episode=101 steps=08 success=1 return=  -8.061 final_d=0.0344 m min_d=0.0344 m
episode=102 steps=05 success=1 return=  -4.375 final_d=0.0379 m min_d=0.0379 m
episode=103 steps=50 success=0 return= -50.435 final_d=0.0630 m min_d=0.0547 m
episode=104 steps=13 success=1 return= -12.973 final_d=0.0337 m min_d=0.0337 m
episode=105 steps=50 success=0 return= -51.204 final_d=0.1020 m min_d=0.1020 m
episode=106 steps=09 success=1 return=  -8.409 final_d=0.0126 m min_d=0.0126 m
episode=107 steps=05 success=1 return=  -4.306 final_d=0.0227 m min_d=0.0227 m
episode=108 steps=08 success=1 return=  -8.321 final_d=0.0358 m min_d=0.0358 m
episode=109 steps=05 success=1 return=  -4.000 final_d=0.0481 m min_d=0.0481 m
episode=110 steps=05 success=1 return=  -4.667 final_d=0.0404 m min_d=0.0404 m
episode=111 steps=11 success=1 return= -11.059 final_d=0.0131 m min_d=0.0131 m
episode=112 steps=01 success=1 return=   0.000 final_d=0.0422 m min_d=0.0422 m
episode=113 steps=13 success=1 return= -13.668 final_d=0.0115 m min_d=0.0115 m
episode=114 steps=07 success=1 return=  -6.820 final_d=0.0308 m min_d=0.0308 m
episode=115 steps=12 success=1 return= -13.130 final_d=0.0419 m min_d=0.0419 m
episode=116 steps=50 success=0 return= -50.978 final_d=0.0893 m min_d=0.0888 m
episode=117 steps=13 success=1 return= -14.880 final_d=0.0023 m min_d=0.0023 m
episode=118 steps=07 success=1 return=  -6.000 final_d=0.0168 m min_d=0.0168 m
episode=119 steps=09 success=1 return=  -8.000 final_d=0.0024 m min_d=0.0024 m
episode=120 steps=08 success=1 return=  -7.999 final_d=0.0370 m min_d=0.0370 m
episode=121 steps=05 success=1 return=  -4.698 final_d=0.0388 m min_d=0.0388 m
episode=122 steps=50 success=0 return= -52.012 final_d=0.1190 m min_d=0.1190 m
episode=123 steps=05 success=1 return=  -4.000 final_d=0.0316 m min_d=0.0316 m
episode=124 steps=12 success=1 return= -12.762 final_d=0.0066 m min_d=0.0066 m
episode=125 steps=05 success=1 return=  -4.244 final_d=0.0365 m min_d=0.0365 m
episode=126 steps=07 success=1 return=  -7.360 final_d=0.0488 m min_d=0.0488 m
episode=127 steps=04 success=1 return=  -3.000 final_d=0.0473 m min_d=0.0473 m
episode=128 steps=08 success=1 return=  -7.000 final_d=0.0314 m min_d=0.0314 m
episode=129 steps=04 success=1 return=  -3.000 final_d=0.0382 m min_d=0.0382 m
episode=130 steps=05 success=1 return=  -4.036 final_d=0.0455 m min_d=0.0455 m
episode=131 steps=04 success=1 return=  -3.000 final_d=0.0420 m min_d=0.0420 m
episode=132 steps=50 success=0 return= -51.021 final_d=0.0656 m min_d=0.0656 m
episode=133 steps=10 success=1 return=  -9.000 final_d=0.0475 m min_d=0.0475 m
episode=134 steps=05 success=1 return=  -4.000 final_d=0.0189 m min_d=0.0189 m
episode=135 steps=50 success=0 return= -51.223 final_d=0.0736 m min_d=0.0736 m
episode=136 steps=05 success=1 return=  -4.115 final_d=0.0440 m min_d=0.0440 m
episode=137 steps=05 success=1 return=  -4.000 final_d=0.0302 m min_d=0.0302 m
episode=138 steps=09 success=1 return= -10.236 final_d=0.0260 m min_d=0.0260 m
episode=139 steps=06 success=1 return=  -6.151 final_d=0.0437 m min_d=0.0437 m
episode=140 steps=04 success=1 return=  -3.000 final_d=0.0370 m min_d=0.0370 m
episode=141 steps=07 success=1 return=  -6.000 final_d=0.0480 m min_d=0.0480 m
episode=142 steps=05 success=1 return=  -4.000 final_d=0.0412 m min_d=0.0412 m
episode=143 steps=04 success=1 return=  -3.000 final_d=0.0373 m min_d=0.0373 m
episode=144 steps=01 success=1 return=   0.000 final_d=0.0167 m min_d=0.0167 m
episode=145 steps=06 success=1 return=  -5.412 final_d=0.0368 m min_d=0.0368 m
episode=146 steps=05 success=1 return=  -4.274 final_d=0.0031 m min_d=0.0031 m
episode=147 steps=05 success=1 return=  -4.742 final_d=0.0411 m min_d=0.0411 m
episode=148 steps=06 success=1 return=  -6.233 final_d=0.0414 m min_d=0.0414 m
episode=149 steps=32 success=1 return= -31.885 final_d=0.0478 m min_d=0.0478 m
episode=150 steps=05 success=1 return=  -4.000 final_d=0.0283 m min_d=0.0283 m
episode=151 steps=08 success=1 return=  -8.763 final_d=0.0153 m min_d=0.0153 m
episode=152 steps=01 success=1 return=   0.000 final_d=0.0371 m min_d=0.0371 m
episode=153 steps=15 success=1 return= -14.000 final_d=0.0498 m min_d=0.0498 m
episode=154 steps=50 success=0 return= -51.474 final_d=0.0583 m min_d=0.0583 m
episode=155 steps=10 success=1 return= -10.656 final_d=0.0174 m min_d=0.0174 m
episode=156 steps=50 success=0 return= -57.239 final_d=0.1675 m min_d=0.0760 m
episode=157 steps=05 success=1 return=  -4.579 final_d=0.0089 m min_d=0.0089 m
episode=158 steps=50 success=0 return= -51.270 final_d=0.0764 m min_d=0.0663 m
episode=159 steps=01 success=1 return=   0.000 final_d=0.0049 m min_d=0.0049 m
episode=160 steps=50 success=0 return= -52.376 final_d=0.1154 m min_d=0.1154 m
episode=161 steps=09 success=1 return=  -9.102 final_d=0.0030 m min_d=0.0030 m
episode=162 steps=07 success=1 return=  -7.259 final_d=0.0416 m min_d=0.0416 m
episode=163 steps=07 success=1 return=  -7.393 final_d=0.0334 m min_d=0.0334 m
episode=164 steps=01 success=1 return=   0.000 final_d=0.0209 m min_d=0.0209 m
episode=165 steps=09 success=1 return=  -9.087 final_d=0.0252 m min_d=0.0252 m
episode=166 steps=50 success=0 return= -54.830 final_d=0.1370 m min_d=0.1239 m
episode=167 steps=05 success=1 return=  -4.000 final_d=0.0109 m min_d=0.0109 m
episode=168 steps=06 success=1 return=  -5.000 final_d=0.0178 m min_d=0.0178 m
episode=169 steps=05 success=1 return=  -4.050 final_d=0.0497 m min_d=0.0497 m
episode=170 steps=05 success=1 return=  -4.396 final_d=0.0261 m min_d=0.0261 m
episode=171 steps=13 success=1 return= -15.131 final_d=0.0372 m min_d=0.0372 m
episode=172 steps=04 success=1 return=  -3.000 final_d=0.0359 m min_d=0.0359 m
episode=173 steps=05 success=1 return=  -4.000 final_d=0.0261 m min_d=0.0261 m
episode=174 steps=50 success=0 return= -50.000 final_d=0.0507 m min_d=0.0507 m
episode=175 steps=50 success=0 return= -50.581 final_d=0.0535 m min_d=0.0530 m
episode=176 steps=11 success=1 return= -11.273 final_d=0.0317 m min_d=0.0317 m
episode=177 steps=07 success=1 return=  -6.725 final_d=0.0397 m min_d=0.0397 m
episode=178 steps=09 success=1 return=  -9.517 final_d=0.0452 m min_d=0.0452 m
episode=179 steps=08 success=1 return=  -8.552 final_d=0.0414 m min_d=0.0414 m
episode=180 steps=05 success=1 return=  -4.000 final_d=0.0354 m min_d=0.0354 m
episode=181 steps=11 success=1 return= -10.258 final_d=0.0425 m min_d=0.0425 m
episode=182 steps=50 success=0 return= -50.959 final_d=0.0805 m min_d=0.0790 m
episode=183 steps=05 success=1 return=  -4.811 final_d=0.0175 m min_d=0.0175 m
episode=184 steps=05 success=1 return=  -4.417 final_d=0.0317 m min_d=0.0317 m
episode=185 steps=50 success=0 return= -53.038 final_d=0.0686 m min_d=0.0686 m
episode=186 steps=08 success=1 return=  -8.856 final_d=0.0309 m min_d=0.0309 m
episode=187 steps=04 success=1 return=  -3.000 final_d=0.0359 m min_d=0.0359 m
episode=188 steps=07 success=1 return=  -6.000 final_d=0.0443 m min_d=0.0443 m
episode=189 steps=04 success=1 return=  -3.000 final_d=0.0390 m min_d=0.0390 m
episode=190 steps=01 success=1 return=   0.000 final_d=0.0097 m min_d=0.0097 m
episode=191 steps=09 success=1 return=  -8.329 final_d=0.0305 m min_d=0.0305 m
episode=192 steps=05 success=1 return=  -4.139 final_d=0.0124 m min_d=0.0124 m
episode=193 steps=04 success=1 return=  -3.000 final_d=0.0445 m min_d=0.0445 m
episode=194 steps=05 success=1 return=  -4.000 final_d=0.0335 m min_d=0.0335 m
episode=195 steps=08 success=1 return=  -8.031 final_d=0.0245 m min_d=0.0245 m
episode=196 steps=07 success=1 return=  -6.875 final_d=0.0114 m min_d=0.0114 m
episode=197 steps=06 success=1 return=  -5.000 final_d=0.0469 m min_d=0.0469 m
episode=198 steps=06 success=1 return=  -5.511 final_d=0.0386 m min_d=0.0386 m
episode=199 steps=50 success=0 return= -53.858 final_d=0.1386 m min_d=0.1386 m
episode=200 steps=09 success=1 return=  -9.350 final_d=0.0415 m min_d=0.0415 m
episode=201 steps=05 success=1 return=  -4.130 final_d=0.0373 m min_d=0.0373 m
episode=202 steps=50 success=0 return= -51.388 final_d=0.1137 m min_d=0.0845 m
episode=203 steps=05 success=1 return=  -4.090 final_d=0.0305 m min_d=0.0305 m
episode=204 steps=01 success=1 return=   0.000 final_d=0.0293 m min_d=0.0293 m
episode=205 steps=05 success=1 return=  -4.000 final_d=0.0290 m min_d=0.0290 m
episode=206 steps=07 success=1 return=  -7.774 final_d=0.0270 m min_d=0.0270 m
episode=207 steps=50 success=0 return= -50.534 final_d=0.0515 m min_d=0.0515 m
episode=208 steps=04 success=1 return=  -3.000 final_d=0.0346 m min_d=0.0346 m
episode=209 steps=09 success=1 return=  -9.131 final_d=0.0290 m min_d=0.0290 m
episode=210 steps=06 success=1 return=  -5.000 final_d=0.0383 m min_d=0.0383 m
episode=211 steps=06 success=1 return=  -5.748 final_d=0.0353 m min_d=0.0353 m
episode=212 steps=11 success=1 return= -11.403 final_d=0.0314 m min_d=0.0314 m
episode=213 steps=09 success=1 return=  -9.060 final_d=0.0310 m min_d=0.0310 m
episode=214 steps=13 success=1 return= -12.000 final_d=0.0315 m min_d=0.0315 m
episode=215 steps=05 success=1 return=  -4.000 final_d=0.0270 m min_d=0.0270 m
episode=216 steps=05 success=1 return=  -4.135 final_d=0.0405 m min_d=0.0405 m
episode=217 steps=05 success=1 return=  -4.514 final_d=0.0203 m min_d=0.0203 m
episode=218 steps=05 success=1 return=  -4.000 final_d=0.0169 m min_d=0.0169 m
episode=219 steps=05 success=1 return=  -4.000 final_d=0.0221 m min_d=0.0221 m
episode=220 steps=07 success=1 return=  -6.554 final_d=0.0035 m min_d=0.0035 m
episode=221 steps=12 success=1 return= -13.068 final_d=0.0275 m min_d=0.0275 m
episode=222 steps=05 success=1 return=  -4.000 final_d=0.0202 m min_d=0.0202 m
episode=223 steps=07 success=1 return=  -6.919 final_d=0.0366 m min_d=0.0366 m
episode=224 steps=01 success=1 return=   0.000 final_d=0.0141 m min_d=0.0141 m
episode=225 steps=05 success=1 return=  -4.561 final_d=0.0256 m min_d=0.0256 m
episode=226 steps=05 success=1 return=  -4.787 final_d=0.0492 m min_d=0.0492 m
episode=227 steps=06 success=1 return=  -5.000 final_d=0.0430 m min_d=0.0430 m
episode=228 steps=05 success=1 return=  -4.123 final_d=0.0369 m min_d=0.0369 m
episode=229 steps=08 success=1 return=  -8.517 final_d=0.0458 m min_d=0.0458 m
episode=230 steps=50 success=0 return= -50.636 final_d=0.0528 m min_d=0.0528 m
episode=231 steps=11 success=1 return= -12.890 final_d=0.0269 m min_d=0.0269 m
episode=232 steps=05 success=1 return=  -4.000 final_d=0.0332 m min_d=0.0332 m
episode=233 steps=05 success=1 return=  -4.864 final_d=0.0449 m min_d=0.0449 m
episode=234 steps=05 success=1 return=  -4.756 final_d=0.0336 m min_d=0.0336 m
episode=235 steps=05 success=1 return=  -4.543 final_d=0.0180 m min_d=0.0180 m
episode=236 steps=06 success=1 return=  -5.000 final_d=0.0179 m min_d=0.0179 m
episode=237 steps=07 success=1 return=  -6.624 final_d=0.0332 m min_d=0.0332 m
episode=238 steps=06 success=1 return=  -5.488 final_d=0.0459 m min_d=0.0459 m
episode=239 steps=11 success=1 return= -10.000 final_d=0.0440 m min_d=0.0440 m
episode=240 steps=01 success=1 return=   0.000 final_d=0.0443 m min_d=0.0443 m
episode=241 steps=50 success=0 return= -51.330 final_d=0.0576 m min_d=0.0575 m
episode=242 steps=05 success=1 return=  -4.173 final_d=0.0136 m min_d=0.0136 m
episode=243 steps=04 success=1 return=  -3.000 final_d=0.0346 m min_d=0.0346 m
episode=244 steps=05 success=1 return=  -4.000 final_d=0.0176 m min_d=0.0176 m
episode=245 steps=05 success=1 return=  -4.442 final_d=0.0398 m min_d=0.0398 m
episode=246 steps=11 success=1 return= -11.670 final_d=0.0474 m min_d=0.0474 m
episode=247 steps=01 success=1 return=   0.000 final_d=0.0130 m min_d=0.0130 m
episode=248 steps=01 success=1 return=   0.000 final_d=0.0354 m min_d=0.0354 m
episode=249 steps=08 success=1 return=  -9.393 final_d=0.0409 m min_d=0.0409 m
episode=250 steps=50 success=0 return= -55.709 final_d=0.1499 m min_d=0.0566 m
episode=251 steps=08 success=1 return=  -8.670 final_d=0.0415 m min_d=0.0415 m
episode=252 steps=09 success=1 return=  -9.150 final_d=0.0297 m min_d=0.0297 m
episode=253 steps=01 success=1 return=   0.000 final_d=0.0058 m min_d=0.0058 m
episode=254 steps=04 success=1 return=  -3.000 final_d=0.0372 m min_d=0.0372 m
episode=255 steps=05 success=1 return=  -4.476 final_d=0.0333 m min_d=0.0333 m
episode=256 steps=06 success=1 return=  -5.000 final_d=0.0424 m min_d=0.0424 m
episode=257 steps=07 success=1 return=  -6.782 final_d=0.0471 m min_d=0.0471 m
episode=258 steps=50 success=0 return= -51.545 final_d=0.0520 m min_d=0.0520 m
episode=259 steps=07 success=1 return=  -6.450 final_d=0.0435 m min_d=0.0435 m
episode=260 steps=11 success=1 return= -12.529 final_d=0.0225 m min_d=0.0225 m
episode=261 steps=50 success=0 return= -50.509 final_d=0.0694 m min_d=0.0694 m
episode=262 steps=09 success=1 return=  -8.284 final_d=0.0157 m min_d=0.0157 m
episode=263 steps=50 success=0 return= -51.685 final_d=0.0921 m min_d=0.0921 m
episode=264 steps=05 success=1 return=  -4.000 final_d=0.0318 m min_d=0.0318 m
episode=265 steps=09 success=1 return=  -8.000 final_d=0.0292 m min_d=0.0292 m
episode=266 steps=07 success=1 return=  -6.602 final_d=0.0057 m min_d=0.0057 m
episode=267 steps=12 success=1 return= -13.616 final_d=0.0258 m min_d=0.0258 m
episode=268 steps=16 success=1 return= -18.376 final_d=0.0433 m min_d=0.0433 m
episode=269 steps=06 success=1 return=  -5.000 final_d=0.0167 m min_d=0.0167 m
episode=270 steps=06 success=1 return=  -5.420 final_d=0.0398 m min_d=0.0398 m
episode=271 steps=50 success=0 return= -52.133 final_d=0.0876 m min_d=0.0833 m
episode=272 steps=01 success=1 return=   0.000 final_d=0.0442 m min_d=0.0442 m
episode=273 steps=06 success=1 return=  -5.111 final_d=0.0348 m min_d=0.0348 m
episode=274 steps=12 success=1 return= -11.791 final_d=0.0295 m min_d=0.0295 m
episode=275 steps=05 success=1 return=  -4.117 final_d=0.0327 m min_d=0.0327 m
episode=276 steps=50 success=0 return= -52.181 final_d=0.1076 m min_d=0.0975 m
episode=277 steps=08 success=1 return=  -8.498 final_d=0.0140 m min_d=0.0140 m
episode=278 steps=05 success=1 return=  -4.172 final_d=0.0396 m min_d=0.0396 m
episode=279 steps=05 success=1 return=  -4.300 final_d=0.0258 m min_d=0.0258 m
episode=280 steps=09 success=1 return=  -9.524 final_d=0.0347 m min_d=0.0347 m
episode=281 steps=05 success=1 return=  -4.209 final_d=0.0302 m min_d=0.0302 m
episode=282 steps=50 success=0 return= -51.796 final_d=0.1085 m min_d=0.1085 m
episode=283 steps=11 success=1 return= -12.184 final_d=0.0404 m min_d=0.0404 m
episode=284 steps=12 success=1 return= -13.448 final_d=0.0456 m min_d=0.0456 m
episode=285 steps=05 success=1 return=  -4.052 final_d=0.0329 m min_d=0.0329 m
episode=286 steps=16 success=1 return= -17.805 final_d=0.0424 m min_d=0.0424 m
episode=287 steps=50 success=0 return= -50.121 final_d=0.0526 m min_d=0.0522 m
episode=288 steps=06 success=1 return=  -5.000 final_d=0.0195 m min_d=0.0195 m
episode=289 steps=04 success=1 return=  -3.000 final_d=0.0189 m min_d=0.0189 m
episode=290 steps=05 success=1 return=  -5.314 final_d=0.0495 m min_d=0.0495 m
episode=291 steps=01 success=1 return=   0.000 final_d=0.0359 m min_d=0.0359 m
episode=292 steps=09 success=1 return=  -8.707 final_d=0.0260 m min_d=0.0260 m
episode=293 steps=04 success=1 return=  -3.000 final_d=0.0443 m min_d=0.0443 m
episode=294 steps=05 success=1 return=  -4.029 final_d=0.0401 m min_d=0.0401 m
episode=295 steps=08 success=1 return=  -7.877 final_d=0.0424 m min_d=0.0424 m
episode=296 steps=04 success=1 return=  -3.000 final_d=0.0500 m min_d=0.0500 m
episode=297 steps=08 success=1 return=  -8.405 final_d=0.0148 m min_d=0.0148 m
episode=298 steps=50 success=0 return= -50.555 final_d=0.0636 m min_d=0.0631 m
episode=299 steps=50 success=0 return= -52.491 final_d=0.1255 m min_d=0.1253 m
episode=300 steps=11 success=1 return= -11.088 final_d=0.0177 m min_d=0.0177 m
episode=301 steps=06 success=1 return=  -5.405 final_d=0.0460 m min_d=0.0460 m
episode=302 steps=14 success=1 return= -14.862 final_d=0.0284 m min_d=0.0284 m
episode=303 steps=05 success=1 return=  -4.000 final_d=0.0436 m min_d=0.0436 m
episode=304 steps=04 success=1 return=  -3.000 final_d=0.0342 m min_d=0.0342 m
episode=305 steps=01 success=1 return=   0.000 final_d=0.0287 m min_d=0.0287 m
episode=306 steps=08 success=1 return=  -8.014 final_d=0.0287 m min_d=0.0287 m
episode=307 steps=08 success=1 return=  -7.576 final_d=0.0208 m min_d=0.0208 m
episode=308 steps=01 success=1 return=   0.000 final_d=0.0422 m min_d=0.0422 m
episode=309 steps=04 success=1 return=  -3.000 final_d=0.0495 m min_d=0.0495 m
episode=310 steps=05 success=1 return=  -4.489 final_d=0.0193 m min_d=0.0193 m
episode=311 steps=05 success=1 return=  -4.082 final_d=0.0242 m min_d=0.0242 m
episode=312 steps=13 success=1 return= -12.917 final_d=0.0218 m min_d=0.0218 m
episode=313 steps=14 success=1 return= -16.166 final_d=0.0285 m min_d=0.0285 m
episode=314 steps=05 success=1 return=  -4.000 final_d=0.0137 m min_d=0.0137 m
episode=315 steps=06 success=1 return=  -5.000 final_d=0.0353 m min_d=0.0353 m
episode=316 steps=15 success=1 return= -15.222 final_d=0.0290 m min_d=0.0290 m
episode=317 steps=15 success=1 return= -15.199 final_d=0.0483 m min_d=0.0483 m
episode=318 steps=05 success=1 return=  -4.000 final_d=0.0173 m min_d=0.0173 m
episode=319 steps=50 success=0 return= -51.341 final_d=0.0851 m min_d=0.0582 m
episode=320 steps=50 success=0 return= -50.880 final_d=0.0849 m min_d=0.0849 m
episode=321 steps=05 success=1 return=  -4.215 final_d=0.0307 m min_d=0.0307 m
episode=322 steps=08 success=1 return=  -7.364 final_d=0.0489 m min_d=0.0489 m
episode=323 steps=05 success=1 return=  -4.000 final_d=0.0174 m min_d=0.0174 m
episode=324 steps=07 success=1 return=  -6.256 final_d=0.0455 m min_d=0.0455 m
episode=325 steps=10 success=1 return= -11.049 final_d=0.0322 m min_d=0.0322 m
episode=326 steps=50 success=0 return= -50.932 final_d=0.0659 m min_d=0.0633 m
episode=327 steps=05 success=1 return=  -4.000 final_d=0.0485 m min_d=0.0485 m
episode=328 steps=07 success=1 return=  -6.540 final_d=0.0374 m min_d=0.0374 m
episode=329 steps=06 success=1 return=  -5.000 final_d=0.0181 m min_d=0.0181 m
episode=330 steps=50 success=0 return= -50.068 final_d=0.0849 m min_d=0.0845 m
episode=331 steps=16 success=1 return= -16.968 final_d=0.0398 m min_d=0.0398 m
episode=332 steps=05 success=1 return=  -4.408 final_d=0.0377 m min_d=0.0377 m
episode=333 steps=08 success=1 return=  -8.214 final_d=0.0498 m min_d=0.0498 m
episode=334 steps=05 success=1 return=  -4.000 final_d=0.0207 m min_d=0.0207 m
episode=335 steps=01 success=1 return=   0.000 final_d=0.0484 m min_d=0.0484 m
episode=336 steps=09 success=1 return=  -8.035 final_d=0.0196 m min_d=0.0196 m
episode=337 steps=09 success=1 return=  -9.453 final_d=0.0468 m min_d=0.0468 m
episode=338 steps=50 success=0 return= -51.285 final_d=0.0678 m min_d=0.0678 m
episode=339 steps=08 success=1 return=  -7.557 final_d=0.0440 m min_d=0.0440 m
episode=340 steps=04 success=1 return=  -3.000 final_d=0.0114 m min_d=0.0114 m
episode=341 steps=10 success=1 return= -10.405 final_d=0.0056 m min_d=0.0056 m
episode=342 steps=04 success=1 return=  -3.000 final_d=0.0408 m min_d=0.0408 m
episode=343 steps=09 success=1 return=  -9.364 final_d=0.0017 m min_d=0.0017 m
episode=344 steps=07 success=1 return=  -7.999 final_d=0.0284 m min_d=0.0284 m
episode=345 steps=05 success=1 return=  -4.000 final_d=0.0028 m min_d=0.0028 m
episode=346 steps=05 success=1 return=  -4.448 final_d=0.0075 m min_d=0.0075 m
episode=347 steps=04 success=1 return=  -3.000 final_d=0.0478 m min_d=0.0478 m
episode=348 steps=09 success=1 return=  -9.028 final_d=0.0241 m min_d=0.0241 m
episode=349 steps=50 success=0 return= -50.788 final_d=0.0854 m min_d=0.0849 m
episode=350 steps=01 success=1 return=   0.000 final_d=0.0488 m min_d=0.0488 m
episode=351 steps=05 success=1 return=  -4.057 final_d=0.0073 m min_d=0.0073 m
episode=352 steps=05 success=1 return=  -4.255 final_d=0.0194 m min_d=0.0194 m
episode=353 steps=11 success=1 return= -10.026 final_d=0.0298 m min_d=0.0298 m
episode=354 steps=01 success=1 return=   0.000 final_d=0.0426 m min_d=0.0426 m
episode=355 steps=05 success=1 return=  -4.172 final_d=0.0419 m min_d=0.0419 m
episode=356 steps=12 success=1 return= -12.460 final_d=0.0250 m min_d=0.0250 m
episode=357 steps=04 success=1 return=  -3.000 final_d=0.0451 m min_d=0.0451 m
episode=358 steps=05 success=1 return=  -4.633 final_d=0.0156 m min_d=0.0156 m
episode=359 steps=08 success=1 return=  -8.398 final_d=0.0381 m min_d=0.0381 m
episode=360 steps=10 success=1 return=  -9.810 final_d=0.0435 m min_d=0.0435 m
episode=361 steps=05 success=1 return=  -4.458 final_d=0.0468 m min_d=0.0468 m
episode=362 steps=04 success=1 return=  -3.000 final_d=0.0360 m min_d=0.0360 m
episode=363 steps=05 success=1 return=  -4.671 final_d=0.0422 m min_d=0.0422 m
episode=364 steps=50 success=0 return= -52.060 final_d=0.1105 m min_d=0.0825 m
episode=365 steps=07 success=1 return=  -6.760 final_d=0.0326 m min_d=0.0326 m
episode=366 steps=08 success=1 return=  -8.122 final_d=0.0493 m min_d=0.0493 m
episode=367 steps=08 success=1 return=  -8.030 final_d=0.0228 m min_d=0.0228 m
episode=368 steps=14 success=1 return= -15.956 final_d=0.0491 m min_d=0.0491 m
episode=369 steps=06 success=1 return=  -5.000 final_d=0.0259 m min_d=0.0259 m
episode=370 steps=05 success=1 return=  -4.000 final_d=0.0429 m min_d=0.0429 m
episode=371 steps=05 success=1 return=  -4.000 final_d=0.0290 m min_d=0.0290 m
episode=372 steps=05 success=1 return=  -4.000 final_d=0.0307 m min_d=0.0307 m
episode=373 steps=04 success=1 return=  -3.000 final_d=0.0240 m min_d=0.0240 m
episode=374 steps=01 success=1 return=   0.000 final_d=0.0365 m min_d=0.0365 m
episode=375 steps=05 success=1 return=  -4.000 final_d=0.0192 m min_d=0.0192 m
episode=376 steps=07 success=1 return=  -6.000 final_d=0.0476 m min_d=0.0476 m
episode=377 steps=05 success=1 return=  -4.000 final_d=0.0179 m min_d=0.0179 m
episode=378 steps=50 success=0 return= -50.269 final_d=0.1007 m min_d=0.0514 m
episode=379 steps=05 success=1 return=  -4.000 final_d=0.0191 m min_d=0.0191 m
episode=380 steps=05 success=1 return=  -4.000 final_d=0.0313 m min_d=0.0313 m
episode=381 steps=07 success=1 return=  -7.199 final_d=0.0342 m min_d=0.0342 m
episode=382 steps=10 success=1 return= -10.555 final_d=0.0463 m min_d=0.0463 m
episode=383 steps=06 success=1 return=  -5.798 final_d=0.0393 m min_d=0.0393 m
episode=384 steps=05 success=1 return=  -4.000 final_d=0.0366 m min_d=0.0366 m
episode=385 steps=15 success=1 return= -16.151 final_d=0.0346 m min_d=0.0346 m
episode=386 steps=04 success=1 return=  -3.000 final_d=0.0291 m min_d=0.0291 m
episode=387 steps=05 success=1 return=  -4.000 final_d=0.0293 m min_d=0.0293 m
episode=388 steps=11 success=1 return= -11.955 final_d=0.0491 m min_d=0.0491 m
episode=389 steps=05 success=1 return=  -4.000 final_d=0.0042 m min_d=0.0042 m
episode=390 steps=05 success=1 return=  -4.000 final_d=0.0388 m min_d=0.0388 m
episode=391 steps=10 success=1 return= -10.580 final_d=0.0253 m min_d=0.0253 m
episode=392 steps=01 success=1 return=   0.000 final_d=0.0178 m min_d=0.0178 m
episode=393 steps=10 success=1 return= -10.835 final_d=0.0154 m min_d=0.0154 m
episode=394 steps=01 success=1 return=   0.000 final_d=0.0242 m min_d=0.0242 m
episode=395 steps=01 success=1 return=   0.000 final_d=0.0318 m min_d=0.0318 m
episode=396 steps=09 success=1 return=  -9.508 final_d=0.0188 m min_d=0.0188 m
episode=397 steps=11 success=1 return= -10.000 final_d=0.0353 m min_d=0.0353 m
episode=398 steps=11 success=1 return= -11.892 final_d=0.0487 m min_d=0.0487 m
episode=399 steps=05 success=1 return=  -4.681 final_d=0.0056 m min_d=0.0056 m
episode=400 steps=06 success=1 return=  -6.105 final_d=0.0326 m min_d=0.0326 m
episode=401 steps=01 success=1 return=   0.000 final_d=0.0187 m min_d=0.0187 m
episode=402 steps=06 success=1 return=  -5.187 final_d=0.0163 m min_d=0.0163 m
episode=403 steps=01 success=1 return=   0.000 final_d=0.0189 m min_d=0.0189 m
episode=404 steps=05 success=1 return=  -4.000 final_d=0.0453 m min_d=0.0453 m
episode=405 steps=10 success=1 return=  -9.407 final_d=0.0462 m min_d=0.0462 m
episode=406 steps=05 success=1 return=  -4.155 final_d=0.0130 m min_d=0.0130 m
episode=407 steps=05 success=1 return=  -4.000 final_d=0.0221 m min_d=0.0221 m
episode=408 steps=05 success=1 return=  -4.000 final_d=0.0073 m min_d=0.0073 m
episode=409 steps=06 success=1 return=  -5.000 final_d=0.0369 m min_d=0.0369 m
episode=410 steps=09 success=1 return=  -9.653 final_d=0.0215 m min_d=0.0215 m
episode=411 steps=07 success=1 return=  -6.205 final_d=0.0382 m min_d=0.0382 m
episode=412 steps=05 success=1 return=  -4.336 final_d=0.0413 m min_d=0.0413 m
episode=413 steps=04 success=1 return=  -3.000 final_d=0.0315 m min_d=0.0315 m
episode=414 steps=01 success=1 return=   0.000 final_d=0.0359 m min_d=0.0359 m
episode=415 steps=50 success=0 return= -51.646 final_d=0.0765 m min_d=0.0725 m
episode=416 steps=12 success=1 return= -12.996 final_d=0.0084 m min_d=0.0084 m
episode=417 steps=01 success=1 return=   0.000 final_d=0.0469 m min_d=0.0469 m
episode=418 steps=50 success=0 return= -51.326 final_d=0.1229 m min_d=0.0991 m
episode=419 steps=10 success=1 return= -11.015 final_d=0.0456 m min_d=0.0456 m
episode=420 steps=06 success=1 return=  -5.081 final_d=0.0219 m min_d=0.0219 m
episode=421 steps=05 success=1 return=  -4.415 final_d=0.0060 m min_d=0.0060 m
episode=422 steps=09 success=1 return=  -9.551 final_d=0.0060 m min_d=0.0060 m
episode=423 steps=07 success=1 return=  -6.218 final_d=0.0467 m min_d=0.0467 m
episode=424 steps=11 success=1 return= -12.092 final_d=0.0411 m min_d=0.0411 m
episode=425 steps=10 success=1 return=  -9.394 final_d=0.0435 m min_d=0.0435 m
episode=426 steps=10 success=1 return=  -9.899 final_d=0.0215 m min_d=0.0215 m
episode=427 steps=13 success=1 return= -12.696 final_d=0.0245 m min_d=0.0245 m
episode=428 steps=07 success=1 return=  -6.984 final_d=0.0435 m min_d=0.0435 m
episode=429 steps=50 success=0 return= -50.000 final_d=0.0790 m min_d=0.0790 m
episode=430 steps=08 success=1 return=  -8.152 final_d=0.0093 m min_d=0.0093 m
episode=431 steps=04 success=1 return=  -3.000 final_d=0.0252 m min_d=0.0252 m
episode=432 steps=50 success=0 return= -61.231 final_d=0.2002 m min_d=0.0511 m
episode=433 steps=07 success=1 return=  -6.843 final_d=0.0319 m min_d=0.0319 m
episode=434 steps=05 success=1 return=  -4.000 final_d=0.0458 m min_d=0.0458 m
episode=435 steps=07 success=1 return=  -6.846 final_d=0.0435 m min_d=0.0435 m
episode=436 steps=08 success=1 return=  -7.807 final_d=0.0198 m min_d=0.0198 m
episode=437 steps=05 success=1 return=  -4.000 final_d=0.0290 m min_d=0.0290 m
episode=438 steps=05 success=1 return=  -4.775 final_d=0.0448 m min_d=0.0448 m
episode=439 steps=05 success=1 return=  -4.000 final_d=0.0351 m min_d=0.0351 m
episode=440 steps=09 success=1 return=  -9.323 final_d=0.0324 m min_d=0.0324 m
episode=441 steps=05 success=1 return=  -4.000 final_d=0.0437 m min_d=0.0437 m
episode=442 steps=07 success=1 return=  -6.925 final_d=0.0472 m min_d=0.0472 m
episode=443 steps=50 success=0 return= -50.000 final_d=0.0930 m min_d=0.0583 m
episode=444 steps=05 success=1 return=  -4.816 final_d=0.0255 m min_d=0.0255 m
episode=445 steps=07 success=1 return=  -6.622 final_d=0.0455 m min_d=0.0455 m
episode=446 steps=05 success=1 return=  -4.099 final_d=0.0131 m min_d=0.0131 m
episode=447 steps=05 success=1 return=  -4.000 final_d=0.0167 m min_d=0.0167 m
episode=448 steps=10 success=1 return= -11.036 final_d=0.0377 m min_d=0.0377 m
episode=449 steps=50 success=0 return= -50.762 final_d=0.0638 m min_d=0.0618 m
episode=450 steps=01 success=1 return=   0.000 final_d=0.0392 m min_d=0.0392 m
episode=451 steps=11 success=1 return= -11.145 final_d=0.0327 m min_d=0.0327 m
episode=452 steps=04 success=1 return=  -3.000 final_d=0.0043 m min_d=0.0043 m
episode=453 steps=05 success=1 return=  -4.642 final_d=0.0080 m min_d=0.0080 m
episode=454 steps=11 success=1 return= -12.224 final_d=0.0483 m min_d=0.0483 m
episode=455 steps=04 success=1 return=  -3.000 final_d=0.0478 m min_d=0.0478 m
episode=456 steps=05 success=1 return=  -4.000 final_d=0.0383 m min_d=0.0383 m
episode=457 steps=04 success=1 return=  -3.000 final_d=0.0369 m min_d=0.0369 m
episode=458 steps=01 success=1 return=   0.000 final_d=0.0208 m min_d=0.0208 m
episode=459 steps=50 success=0 return= -50.680 final_d=0.0619 m min_d=0.0619 m
episode=460 steps=06 success=1 return=  -5.000 final_d=0.0360 m min_d=0.0360 m
episode=461 steps=50 success=0 return= -50.503 final_d=0.0673 m min_d=0.0513 m
episode=462 steps=04 success=1 return=  -3.000 final_d=0.0442 m min_d=0.0442 m
episode=463 steps=06 success=1 return=  -5.408 final_d=0.0471 m min_d=0.0471 m
episode=464 steps=07 success=1 return=  -6.606 final_d=0.0196 m min_d=0.0196 m
episode=465 steps=07 success=1 return=  -6.828 final_d=0.0171 m min_d=0.0171 m
episode=466 steps=06 success=1 return=  -5.000 final_d=0.0468 m min_d=0.0468 m
episode=467 steps=06 success=1 return=  -5.000 final_d=0.0406 m min_d=0.0406 m
episode=468 steps=50 success=0 return= -59.164 final_d=0.1712 m min_d=0.1711 m
episode=469 steps=12 success=1 return= -12.079 final_d=0.0155 m min_d=0.0155 m
episode=470 steps=04 success=1 return=  -3.000 final_d=0.0388 m min_d=0.0388 m
episode=471 steps=06 success=1 return=  -5.000 final_d=0.0205 m min_d=0.0205 m
episode=472 steps=01 success=1 return=   0.000 final_d=0.0415 m min_d=0.0415 m
episode=473 steps=50 success=0 return= -52.883 final_d=0.1311 m min_d=0.0599 m
episode=474 steps=12 success=1 return= -11.824 final_d=0.0467 m min_d=0.0467 m
episode=475 steps=07 success=1 return=  -6.666 final_d=0.0294 m min_d=0.0294 m
episode=476 steps=23 success=1 return= -28.575 final_d=0.0292 m min_d=0.0292 m
episode=477 steps=01 success=1 return=   0.000 final_d=0.0408 m min_d=0.0408 m
episode=478 steps=08 success=1 return=  -8.089 final_d=0.0478 m min_d=0.0478 m
episode=479 steps=08 success=1 return=  -8.139 final_d=0.0189 m min_d=0.0189 m
episode=480 steps=08 success=1 return=  -8.235 final_d=0.0382 m min_d=0.0382 m
episode=481 steps=05 success=1 return=  -4.133 final_d=0.0481 m min_d=0.0481 m
episode=482 steps=05 success=1 return=  -4.544 final_d=0.0254 m min_d=0.0254 m
episode=483 steps=08 success=1 return=  -7.872 final_d=0.0344 m min_d=0.0344 m
episode=484 steps=08 success=1 return=  -8.384 final_d=0.0448 m min_d=0.0448 m
episode=485 steps=09 success=1 return=  -9.652 final_d=0.0451 m min_d=0.0451 m
episode=486 steps=05 success=1 return=  -4.271 final_d=0.0354 m min_d=0.0354 m
episode=487 steps=04 success=1 return=  -3.000 final_d=0.0418 m min_d=0.0418 m
episode=488 steps=50 success=0 return= -51.423 final_d=0.0797 m min_d=0.0535 m
episode=489 steps=06 success=1 return=  -5.000 final_d=0.0203 m min_d=0.0203 m
episode=490 steps=50 success=0 return= -53.330 final_d=0.1339 m min_d=0.0931 m
episode=491 steps=07 success=1 return=  -6.497 final_d=0.0146 m min_d=0.0146 m
episode=492 steps=05 success=1 return=  -4.845 final_d=0.0329 m min_d=0.0329 m
episode=493 steps=50 success=0 return= -51.061 final_d=0.0858 m min_d=0.0858 m
episode=494 steps=14 success=1 return= -15.232 final_d=0.0311 m min_d=0.0311 m
episode=495 steps=05 success=1 return=  -4.031 final_d=0.0270 m min_d=0.0270 m
episode=496 steps=06 success=1 return=  -5.000 final_d=0.0389 m min_d=0.0389 m
episode=497 steps=10 success=1 return=  -9.000 final_d=0.0399 m min_d=0.0399 m
episode=498 steps=08 success=1 return=  -7.157 final_d=0.0338 m min_d=0.0338 m
episode=499 steps=07 success=1 return=  -7.131 final_d=0.0499 m min_d=0.0499 m
episode=500 steps=11 success=1 return= -11.643 final_d=0.0485 m min_d=0.0485 m
episode=501 steps=01 success=1 return=   0.000 final_d=0.0333 m min_d=0.0333 m
episode=502 steps=01 success=1 return=   0.000 final_d=0.0340 m min_d=0.0340 m
episode=503 steps=05 success=1 return=  -4.225 final_d=0.0078 m min_d=0.0078 m
episode=504 steps=08 success=1 return=  -7.097 final_d=0.0401 m min_d=0.0401 m
episode=505 steps=10 success=1 return= -10.984 final_d=0.0291 m min_d=0.0291 m
episode=506 steps=07 success=1 return=  -6.490 final_d=0.0309 m min_d=0.0309 m
episode=507 steps=05 success=1 return=  -4.049 final_d=0.0471 m min_d=0.0471 m
episode=508 steps=01 success=1 return=   0.000 final_d=0.0254 m min_d=0.0254 m
episode=509 steps=01 success=1 return=   0.000 final_d=0.0415 m min_d=0.0415 m
episode=510 steps=04 success=1 return=  -3.000 final_d=0.0484 m min_d=0.0484 m
episode=511 steps=05 success=1 return=  -4.007 final_d=0.0240 m min_d=0.0240 m
episode=512 steps=05 success=1 return=  -4.094 final_d=0.0493 m min_d=0.0493 m
episode=513 steps=13 success=1 return= -13.368 final_d=0.0438 m min_d=0.0438 m
episode=514 steps=04 success=1 return=  -3.000 final_d=0.0485 m min_d=0.0485 m
episode=515 steps=04 success=1 return=  -3.000 final_d=0.0261 m min_d=0.0261 m
episode=516 steps=06 success=1 return=  -5.263 final_d=0.0489 m min_d=0.0489 m
episode=517 steps=01 success=1 return=   0.000 final_d=0.0173 m min_d=0.0173 m
episode=518 steps=06 success=1 return=  -5.295 final_d=0.0377 m min_d=0.0377 m
episode=519 steps=12 success=1 return= -13.860 final_d=0.0283 m min_d=0.0283 m
episode=520 steps=05 success=1 return=  -4.257 final_d=0.0182 m min_d=0.0182 m
episode=521 steps=06 success=1 return=  -6.222 final_d=0.0432 m min_d=0.0432 m
episode=522 steps=05 success=1 return=  -4.575 final_d=0.0346 m min_d=0.0346 m
episode=523 steps=11 success=1 return= -10.409 final_d=0.0207 m min_d=0.0207 m
episode=524 steps=04 success=1 return=  -3.000 final_d=0.0396 m min_d=0.0396 m
episode=525 steps=06 success=1 return=  -5.077 final_d=0.0235 m min_d=0.0235 m
episode=526 steps=01 success=1 return=   0.000 final_d=0.0473 m min_d=0.0473 m
episode=527 steps=05 success=1 return=  -4.947 final_d=0.0449 m min_d=0.0449 m
episode=528 steps=01 success=1 return=   0.000 final_d=0.0360 m min_d=0.0360 m
episode=529 steps=05 success=1 return=  -4.000 final_d=0.0405 m min_d=0.0405 m
episode=530 steps=05 success=1 return=  -4.307 final_d=0.0305 m min_d=0.0305 m
episode=531 steps=08 success=1 return=  -7.378 final_d=0.0155 m min_d=0.0155 m
episode=532 steps=05 success=1 return=  -4.848 final_d=0.0374 m min_d=0.0374 m
episode=533 steps=01 success=1 return=   0.000 final_d=0.0352 m min_d=0.0352 m
episode=534 steps=05 success=1 return=  -4.000 final_d=0.0169 m min_d=0.0169 m
episode=535 steps=05 success=1 return=  -4.291 final_d=0.0338 m min_d=0.0338 m
episode=536 steps=08 success=1 return=  -8.274 final_d=0.0384 m min_d=0.0384 m
episode=537 steps=04 success=1 return=  -3.000 final_d=0.0247 m min_d=0.0247 m
episode=538 steps=50 success=0 return= -50.409 final_d=0.0581 m min_d=0.0576 m
episode=539 steps=05 success=1 return=  -4.000 final_d=0.0480 m min_d=0.0480 m
episode=540 steps=07 success=1 return=  -7.574 final_d=0.0402 m min_d=0.0402 m
episode=541 steps=05 success=1 return=  -4.000 final_d=0.0226 m min_d=0.0226 m
episode=542 steps=09 success=1 return=  -9.492 final_d=0.0383 m min_d=0.0383 m
episode=543 steps=05 success=1 return=  -4.491 final_d=0.0448 m min_d=0.0448 m
episode=544 steps=04 success=1 return=  -3.000 final_d=0.0162 m min_d=0.0162 m
episode=545 steps=08 success=1 return=  -7.934 final_d=0.0449 m min_d=0.0449 m
episode=546 steps=06 success=1 return=  -5.000 final_d=0.0307 m min_d=0.0307 m
episode=547 steps=05 success=1 return=  -4.323 final_d=0.0358 m min_d=0.0358 m
episode=548 steps=07 success=1 return=  -7.138 final_d=0.0439 m min_d=0.0439 m
episode=549 steps=05 success=1 return=  -4.722 final_d=0.0320 m min_d=0.0320 m
episode=550 steps=05 success=1 return=  -4.916 final_d=0.0453 m min_d=0.0453 m
episode=551 steps=05 success=1 return=  -4.000 final_d=0.0291 m min_d=0.0291 m
episode=552 steps=05 success=1 return=  -4.975 final_d=0.0496 m min_d=0.0496 m
episode=553 steps=10 success=1 return=  -9.596 final_d=0.0327 m min_d=0.0327 m
episode=554 steps=05 success=1 return=  -4.000 final_d=0.0275 m min_d=0.0275 m
episode=555 steps=04 success=1 return=  -3.000 final_d=0.0329 m min_d=0.0329 m
episode=556 steps=05 success=1 return=  -4.734 final_d=0.0069 m min_d=0.0069 m
episode=557 steps=05 success=1 return=  -4.000 final_d=0.0400 m min_d=0.0400 m
episode=558 steps=05 success=1 return=  -4.292 final_d=0.0024 m min_d=0.0024 m
episode=559 steps=50 success=0 return= -50.000 final_d=0.0667 m min_d=0.0664 m
episode=560 steps=05 success=1 return=  -4.773 final_d=0.0024 m min_d=0.0024 m
episode=561 steps=05 success=1 return=  -4.455 final_d=0.0359 m min_d=0.0359 m
episode=562 steps=05 success=1 return=  -4.000 final_d=0.0454 m min_d=0.0454 m
episode=563 steps=05 success=1 return=  -4.128 final_d=0.0196 m min_d=0.0196 m
episode=564 steps=07 success=1 return=  -6.000 final_d=0.0386 m min_d=0.0386 m
episode=565 steps=06 success=1 return=  -5.000 final_d=0.0370 m min_d=0.0370 m
episode=566 steps=11 success=1 return= -12.054 final_d=0.0446 m min_d=0.0446 m
episode=567 steps=05 success=1 return=  -4.544 final_d=0.0246 m min_d=0.0246 m
episode=568 steps=09 success=1 return=  -9.217 final_d=0.0237 m min_d=0.0237 m
episode=569 steps=08 success=1 return=  -8.171 final_d=0.0456 m min_d=0.0456 m
episode=570 steps=01 success=1 return=   0.000 final_d=0.0229 m min_d=0.0229 m
episode=571 steps=05 success=1 return=  -4.136 final_d=0.0451 m min_d=0.0451 m
episode=572 steps=04 success=1 return=  -3.000 final_d=0.0374 m min_d=0.0374 m
episode=573 steps=50 success=0 return= -51.084 final_d=0.0559 m min_d=0.0559 m
episode=574 steps=04 success=1 return=  -3.000 final_d=0.0412 m min_d=0.0412 m
episode=575 steps=11 success=1 return= -10.368 final_d=0.0104 m min_d=0.0104 m
episode=576 steps=10 success=1 return=  -9.689 final_d=0.0469 m min_d=0.0469 m
episode=577 steps=05 success=1 return=  -5.150 final_d=0.0388 m min_d=0.0388 m
episode=578 steps=09 success=1 return=  -9.165 final_d=0.0163 m min_d=0.0163 m
episode=579 steps=05 success=1 return=  -4.000 final_d=0.0223 m min_d=0.0223 m
episode=580 steps=05 success=1 return=  -4.000 final_d=0.0183 m min_d=0.0183 m
episode=581 steps=05 success=1 return=  -4.000 final_d=0.0488 m min_d=0.0488 m
episode=582 steps=05 success=1 return=  -4.796 final_d=0.0340 m min_d=0.0340 m
episode=583 steps=05 success=1 return=  -4.000 final_d=0.0342 m min_d=0.0342 m
episode=584 steps=05 success=1 return=  -4.306 final_d=0.0171 m min_d=0.0171 m
episode=585 steps=08 success=1 return=  -8.986 final_d=0.0334 m min_d=0.0334 m
episode=586 steps=50 success=0 return= -53.472 final_d=0.1262 m min_d=0.1152 m
episode=587 steps=05 success=1 return=  -4.000 final_d=0.0311 m min_d=0.0311 m
episode=588 steps=13 success=1 return= -14.352 final_d=0.0414 m min_d=0.0414 m
episode=589 steps=05 success=1 return=  -4.000 final_d=0.0372 m min_d=0.0372 m
episode=590 steps=15 success=1 return= -14.523 final_d=0.0254 m min_d=0.0254 m
episode=591 steps=04 success=1 return=  -3.000 final_d=0.0400 m min_d=0.0400 m
episode=592 steps=50 success=0 return= -50.012 final_d=0.0524 m min_d=0.0524 m
episode=593 steps=14 success=1 return= -14.593 final_d=0.0350 m min_d=0.0350 m
episode=594 steps=07 success=1 return=  -6.000 final_d=0.0417 m min_d=0.0417 m
episode=595 steps=04 success=1 return=  -3.000 final_d=0.0371 m min_d=0.0371 m
episode=596 steps=01 success=1 return=   0.000 final_d=0.0166 m min_d=0.0166 m
episode=597 steps=05 success=1 return=  -4.032 final_d=0.0444 m min_d=0.0444 m
episode=598 steps=08 success=1 return=  -7.030 final_d=0.0307 m min_d=0.0307 m
episode=599 steps=11 success=1 return= -11.620 final_d=0.0205 m min_d=0.0205 m
episode=600 steps=06 success=1 return=  -5.000 final_d=0.0442 m min_d=0.0442 m
episode=601 steps=08 success=1 return=  -8.241 final_d=0.0488 m min_d=0.0488 m
episode=602 steps=08 success=1 return=  -7.683 final_d=0.0460 m min_d=0.0460 m
episode=603 steps=07 success=1 return=  -6.548 final_d=0.0364 m min_d=0.0364 m
episode=604 steps=01 success=1 return=   0.000 final_d=0.0268 m min_d=0.0268 m
episode=605 steps=08 success=1 return=  -8.101 final_d=0.0279 m min_d=0.0279 m
episode=606 steps=08 success=1 return=  -8.936 final_d=0.0452 m min_d=0.0452 m
episode=607 steps=11 success=1 return= -12.333 final_d=0.0433 m min_d=0.0433 m
episode=608 steps=04 success=1 return=  -3.000 final_d=0.0381 m min_d=0.0381 m
episode=609 steps=50 success=0 return= -54.899 final_d=0.1429 m min_d=0.1429 m
episode=610 steps=05 success=1 return=  -4.298 final_d=0.0233 m min_d=0.0233 m
episode=611 steps=05 success=1 return=  -4.000 final_d=0.0232 m min_d=0.0232 m
episode=612 steps=09 success=1 return=  -9.388 final_d=0.0354 m min_d=0.0354 m
episode=613 steps=04 success=1 return=  -3.000 final_d=0.0352 m min_d=0.0352 m
episode=614 steps=05 success=1 return=  -4.000 final_d=0.0155 m min_d=0.0155 m
episode=615 steps=10 success=1 return=  -9.642 final_d=0.0496 m min_d=0.0496 m
episode=616 steps=05 success=1 return=  -4.000 final_d=0.0368 m min_d=0.0368 m
episode=617 steps=01 success=1 return=   0.000 final_d=0.0357 m min_d=0.0357 m
episode=618 steps=05 success=1 return=  -4.000 final_d=0.0191 m min_d=0.0191 m
episode=619 steps=06 success=1 return=  -5.000 final_d=0.0276 m min_d=0.0276 m
episode=620 steps=07 success=1 return=  -6.926 final_d=0.0378 m min_d=0.0378 m
episode=621 steps=04 success=1 return=  -3.000 final_d=0.0416 m min_d=0.0416 m
episode=622 steps=01 success=1 return=   0.000 final_d=0.0270 m min_d=0.0270 m
episode=623 steps=08 success=1 return=  -7.700 final_d=0.0364 m min_d=0.0364 m
episode=624 steps=05 success=1 return=  -4.000 final_d=0.0081 m min_d=0.0081 m
episode=625 steps=08 success=1 return=  -7.000 final_d=0.0447 m min_d=0.0447 m
episode=626 steps=13 success=1 return= -14.610 final_d=0.0439 m min_d=0.0439 m
episode=627 steps=05 success=1 return=  -4.286 final_d=0.0379 m min_d=0.0379 m
episode=628 steps=06 success=1 return=  -5.000 final_d=0.0292 m min_d=0.0292 m
episode=629 steps=06 success=1 return=  -5.206 final_d=0.0370 m min_d=0.0370 m
episode=630 steps=08 success=1 return=  -8.091 final_d=0.0391 m min_d=0.0391 m
episode=631 steps=07 success=1 return=  -7.071 final_d=0.0352 m min_d=0.0352 m
episode=632 steps=13 success=1 return= -12.416 final_d=0.0454 m min_d=0.0454 m
episode=633 steps=09 success=1 return=  -9.913 final_d=0.0394 m min_d=0.0394 m
episode=634 steps=05 success=1 return=  -4.039 final_d=0.0044 m min_d=0.0044 m
episode=635 steps=05 success=1 return=  -4.000 final_d=0.0481 m min_d=0.0481 m
episode=636 steps=05 success=1 return=  -4.040 final_d=0.0423 m min_d=0.0423 m
episode=637 steps=09 success=1 return= -10.447 final_d=0.0456 m min_d=0.0456 m
episode=638 steps=04 success=1 return=  -3.000 final_d=0.0442 m min_d=0.0442 m
episode=639 steps=06 success=1 return=  -5.687 final_d=0.0208 m min_d=0.0208 m
episode=640 steps=04 success=1 return=  -3.000 final_d=0.0146 m min_d=0.0146 m
episode=641 steps=05 success=1 return=  -4.000 final_d=0.0388 m min_d=0.0388 m
episode=642 steps=05 success=1 return=  -4.842 final_d=0.0462 m min_d=0.0462 m
episode=643 steps=09 success=1 return=  -9.729 final_d=0.0184 m min_d=0.0184 m
episode=644 steps=06 success=1 return=  -5.214 final_d=0.0320 m min_d=0.0320 m
episode=645 steps=06 success=1 return=  -5.457 final_d=0.0284 m min_d=0.0284 m
episode=646 steps=05 success=1 return=  -4.000 final_d=0.0360 m min_d=0.0360 m
episode=647 steps=05 success=1 return=  -4.000 final_d=0.0344 m min_d=0.0344 m
episode=648 steps=08 success=1 return=  -8.684 final_d=0.0449 m min_d=0.0449 m
episode=649 steps=05 success=1 return=  -4.526 final_d=0.0122 m min_d=0.0122 m
episode=650 steps=06 success=1 return=  -5.000 final_d=0.0248 m min_d=0.0248 m
episode=651 steps=05 success=1 return=  -4.476 final_d=0.0311 m min_d=0.0311 m
episode=652 steps=05 success=1 return=  -4.000 final_d=0.0385 m min_d=0.0385 m
episode=653 steps=09 success=1 return=  -9.987 final_d=0.0128 m min_d=0.0128 m
episode=654 steps=07 success=1 return=  -6.767 final_d=0.0373 m min_d=0.0373 m
episode=655 steps=10 success=1 return= -10.634 final_d=0.0072 m min_d=0.0072 m
episode=656 steps=08 success=1 return=  -7.983 final_d=0.0228 m min_d=0.0228 m
episode=657 steps=01 success=1 return=   0.000 final_d=0.0215 m min_d=0.0215 m
episode=658 steps=01 success=1 return=   0.000 final_d=0.0483 m min_d=0.0483 m
episode=659 steps=50 success=0 return= -50.780 final_d=0.0693 m min_d=0.0620 m
episode=660 steps=05 success=1 return=  -4.770 final_d=0.0422 m min_d=0.0422 m
episode=661 steps=01 success=1 return=   0.000 final_d=0.0263 m min_d=0.0263 m
episode=662 steps=01 success=1 return=   0.000 final_d=0.0351 m min_d=0.0351 m
episode=663 steps=06 success=1 return=  -5.000 final_d=0.0447 m min_d=0.0447 m
episode=664 steps=01 success=1 return=   0.000 final_d=0.0338 m min_d=0.0338 m
episode=665 steps=04 success=1 return=  -3.000 final_d=0.0486 m min_d=0.0486 m
episode=666 steps=06 success=1 return=  -5.000 final_d=0.0484 m min_d=0.0484 m
episode=667 steps=08 success=1 return=  -7.913 final_d=0.0086 m min_d=0.0086 m
episode=668 steps=10 success=1 return=  -9.020 final_d=0.0235 m min_d=0.0235 m
episode=669 steps=07 success=1 return=  -6.599 final_d=0.0497 m min_d=0.0497 m
episode=670 steps=05 success=1 return=  -4.438 final_d=0.0378 m min_d=0.0378 m
episode=671 steps=07 success=1 return=  -7.011 final_d=0.0359 m min_d=0.0359 m
episode=672 steps=05 success=1 return=  -4.865 final_d=0.0089 m min_d=0.0089 m
episode=673 steps=01 success=1 return=   0.000 final_d=0.0369 m min_d=0.0369 m
episode=674 steps=13 success=1 return= -13.389 final_d=0.0300 m min_d=0.0300 m
episode=675 steps=50 success=0 return= -50.000 final_d=0.0503 m min_d=0.0503 m
episode=676 steps=05 success=1 return=  -4.000 final_d=0.0150 m min_d=0.0150 m
episode=677 steps=05 success=1 return=  -4.000 final_d=0.0413 m min_d=0.0413 m
episode=678 steps=11 success=1 return= -11.531 final_d=0.0150 m min_d=0.0150 m
episode=679 steps=06 success=1 return=  -5.118 final_d=0.0408 m min_d=0.0408 m
episode=680 steps=05 success=1 return=  -4.000 final_d=0.0249 m min_d=0.0249 m
episode=681 steps=13 success=1 return= -12.000 final_d=0.0301 m min_d=0.0301 m
episode=682 steps=05 success=1 return=  -4.281 final_d=0.0174 m min_d=0.0174 m
episode=683 steps=06 success=1 return=  -5.217 final_d=0.0368 m min_d=0.0368 m
episode=684 steps=12 success=1 return= -12.144 final_d=0.0381 m min_d=0.0381 m
episode=685 steps=05 success=1 return=  -4.000 final_d=0.0358 m min_d=0.0358 m
episode=686 steps=08 success=1 return=  -8.562 final_d=0.0321 m min_d=0.0321 m
episode=687 steps=01 success=1 return=   0.000 final_d=0.0283 m min_d=0.0283 m
episode=688 steps=05 success=1 return=  -4.726 final_d=0.0151 m min_d=0.0151 m
episode=689 steps=09 success=1 return=  -8.093 final_d=0.0144 m min_d=0.0144 m
episode=690 steps=06 success=1 return=  -5.997 final_d=0.0197 m min_d=0.0197 m
episode=691 steps=05 success=1 return=  -4.000 final_d=0.0325 m min_d=0.0325 m
episode=692 steps=05 success=1 return=  -4.423 final_d=0.0406 m min_d=0.0406 m
episode=693 steps=05 success=1 return=  -4.896 final_d=0.0348 m min_d=0.0348 m
episode=694 steps=06 success=1 return=  -5.000 final_d=0.0494 m min_d=0.0494 m
episode=695 steps=05 success=1 return=  -4.000 final_d=0.0177 m min_d=0.0177 m
episode=696 steps=05 success=1 return=  -4.524 final_d=0.0484 m min_d=0.0484 m
episode=697 steps=08 success=1 return=  -8.332 final_d=0.0495 m min_d=0.0495 m
episode=698 steps=04 success=1 return=  -3.000 final_d=0.0196 m min_d=0.0196 m
episode=699 steps=05 success=1 return=  -4.132 final_d=0.0442 m min_d=0.0442 m
episode=700 steps=06 success=1 return=  -5.988 final_d=0.0353 m min_d=0.0353 m
episode=701 steps=01 success=1 return=   0.000 final_d=0.0200 m min_d=0.0200 m
episode=702 steps=04 success=1 return=  -3.000 final_d=0.0254 m min_d=0.0254 m
episode=703 steps=06 success=1 return=  -5.000 final_d=0.0344 m min_d=0.0344 m
episode=704 steps=50 success=0 return= -53.066 final_d=0.1313 m min_d=0.0509 m
episode=705 steps=50 success=0 return= -51.502 final_d=0.1092 m min_d=0.1091 m
episode=706 steps=11 success=1 return= -10.136 final_d=0.0235 m min_d=0.0235 m
episode=707 steps=05 success=1 return=  -4.000 final_d=0.0187 m min_d=0.0187 m
episode=708 steps=01 success=1 return=   0.000 final_d=0.0174 m min_d=0.0174 m
episode=709 steps=09 success=1 return=  -9.309 final_d=0.0475 m min_d=0.0475 m
episode=710 steps=09 success=1 return=  -8.045 final_d=0.0121 m min_d=0.0121 m
episode=711 steps=08 success=1 return=  -8.814 final_d=0.0093 m min_d=0.0093 m
episode=712 steps=06 success=1 return=  -5.054 final_d=0.0261 m min_d=0.0261 m
episode=713 steps=50 success=0 return= -50.000 final_d=0.1137 m min_d=0.0814 m
episode=714 steps=04 success=1 return=  -3.000 final_d=0.0323 m min_d=0.0323 m
episode=715 steps=05 success=1 return=  -4.159 final_d=0.0207 m min_d=0.0207 m
episode=716 steps=07 success=1 return=  -6.525 final_d=0.0450 m min_d=0.0450 m
episode=717 steps=14 success=1 return= -15.329 final_d=0.0279 m min_d=0.0279 m
episode=718 steps=05 success=1 return=  -4.196 final_d=0.0318 m min_d=0.0318 m
episode=719 steps=11 success=1 return= -10.278 final_d=0.0176 m min_d=0.0176 m
episode=720 steps=05 success=1 return=  -4.000 final_d=0.0306 m min_d=0.0306 m
episode=721 steps=04 success=1 return=  -3.000 final_d=0.0496 m min_d=0.0496 m
episode=722 steps=06 success=1 return=  -5.660 final_d=0.0065 m min_d=0.0065 m
episode=723 steps=04 success=1 return=  -3.000 final_d=0.0208 m min_d=0.0208 m
episode=724 steps=01 success=1 return=   0.000 final_d=0.0160 m min_d=0.0160 m
episode=725 steps=05 success=1 return=  -4.048 final_d=0.0416 m min_d=0.0416 m
episode=726 steps=04 success=1 return=  -3.000 final_d=0.0305 m min_d=0.0305 m
episode=727 steps=09 success=1 return=  -8.000 final_d=0.0172 m min_d=0.0172 m
episode=728 steps=05 success=1 return=  -4.000 final_d=0.0111 m min_d=0.0111 m
episode=729 steps=06 success=1 return=  -5.111 final_d=0.0092 m min_d=0.0092 m
episode=730 steps=06 success=1 return=  -6.109 final_d=0.0371 m min_d=0.0371 m
episode=731 steps=05 success=1 return=  -4.000 final_d=0.0008 m min_d=0.0008 m
episode=732 steps=16 success=1 return= -17.893 final_d=0.0500 m min_d=0.0500 m
episode=733 steps=09 success=1 return=  -8.264 final_d=0.0403 m min_d=0.0403 m
episode=734 steps=05 success=1 return=  -4.439 final_d=0.0405 m min_d=0.0405 m
episode=735 steps=08 success=1 return=  -7.860 final_d=0.0274 m min_d=0.0274 m
episode=736 steps=05 success=1 return=  -4.000 final_d=0.0154 m min_d=0.0154 m
episode=737 steps=05 success=1 return=  -4.279 final_d=0.0287 m min_d=0.0287 m
episode=738 steps=10 success=1 return= -10.706 final_d=0.0398 m min_d=0.0398 m
episode=739 steps=04 success=1 return=  -3.000 final_d=0.0425 m min_d=0.0425 m
episode=740 steps=50 success=0 return= -50.486 final_d=0.0731 m min_d=0.0574 m
episode=741 steps=08 success=1 return=  -8.266 final_d=0.0370 m min_d=0.0370 m
episode=742 steps=50 success=0 return= -51.045 final_d=0.0775 m min_d=0.0716 m
episode=743 steps=05 success=1 return=  -4.546 final_d=0.0340 m min_d=0.0340 m
episode=744 steps=09 success=1 return=  -8.000 final_d=0.0144 m min_d=0.0144 m
episode=745 steps=01 success=1 return=   0.000 final_d=0.0097 m min_d=0.0097 m
episode=746 steps=04 success=1 return=  -3.000 final_d=0.0490 m min_d=0.0490 m
episode=747 steps=09 success=1 return=  -9.133 final_d=0.0147 m min_d=0.0147 m
episode=748 steps=07 success=1 return=  -6.975 final_d=0.0291 m min_d=0.0291 m
episode=749 steps=06 success=1 return=  -5.000 final_d=0.0257 m min_d=0.0257 m
episode=750 steps=05 success=1 return=  -4.000 final_d=0.0109 m min_d=0.0109 m
episode=751 steps=19 success=1 return= -19.481 final_d=0.0106 m min_d=0.0106 m
episode=752 steps=08 success=1 return=  -8.144 final_d=0.0338 m min_d=0.0338 m
episode=753 steps=11 success=1 return= -12.291 final_d=0.0467 m min_d=0.0467 m
episode=754 steps=05 success=1 return=  -4.699 final_d=0.0361 m min_d=0.0361 m
episode=755 steps=09 success=1 return=  -9.205 final_d=0.0317 m min_d=0.0317 m
episode=756 steps=01 success=1 return=   0.000 final_d=0.0465 m min_d=0.0465 m
episode=757 steps=50 success=0 return= -50.329 final_d=0.0574 m min_d=0.0569 m
episode=758 steps=05 success=1 return=  -4.000 final_d=0.0150 m min_d=0.0150 m
episode=759 steps=09 success=1 return=  -9.433 final_d=0.0357 m min_d=0.0357 m
episode=760 steps=09 success=1 return=  -9.527 final_d=0.0401 m min_d=0.0401 m
episode=761 steps=15 success=1 return= -15.390 final_d=0.0343 m min_d=0.0343 m
episode=762 steps=07 success=1 return=  -6.837 final_d=0.0231 m min_d=0.0231 m
episode=763 steps=08 success=1 return=  -7.733 final_d=0.0147 m min_d=0.0147 m
episode=764 steps=08 success=1 return=  -7.194 final_d=0.0454 m min_d=0.0454 m
episode=765 steps=05 success=1 return=  -4.286 final_d=0.0249 m min_d=0.0249 m
episode=766 steps=12 success=1 return= -11.000 final_d=0.0366 m min_d=0.0366 m
episode=767 steps=05 success=1 return=  -4.569 final_d=0.0475 m min_d=0.0475 m
episode=768 steps=12 success=1 return= -13.407 final_d=0.0255 m min_d=0.0255 m
episode=769 steps=50 success=0 return= -52.206 final_d=0.1287 m min_d=0.0557 m
episode=770 steps=17 success=1 return= -18.332 final_d=0.0413 m min_d=0.0413 m
episode=771 steps=01 success=1 return=   0.000 final_d=0.0245 m min_d=0.0245 m
episode=772 steps=50 success=0 return= -50.663 final_d=0.0618 m min_d=0.0618 m
episode=773 steps=01 success=1 return=   0.000 final_d=0.0458 m min_d=0.0458 m
episode=774 steps=05 success=1 return=  -4.053 final_d=0.0213 m min_d=0.0213 m
episode=775 steps=05 success=1 return=  -4.346 final_d=0.0140 m min_d=0.0140 m
episode=776 steps=06 success=1 return=  -5.952 final_d=0.0267 m min_d=0.0267 m
episode=777 steps=06 success=1 return=  -5.000 final_d=0.0472 m min_d=0.0472 m
episode=778 steps=05 success=1 return=  -4.000 final_d=0.0316 m min_d=0.0316 m
episode=779 steps=50 success=0 return= -50.688 final_d=0.0587 m min_d=0.0516 m
episode=780 steps=05 success=1 return=  -4.000 final_d=0.0220 m min_d=0.0220 m
episode=781 steps=07 success=1 return=  -6.908 final_d=0.0465 m min_d=0.0465 m
episode=782 steps=05 success=1 return=  -4.000 final_d=0.0428 m min_d=0.0428 m
episode=783 steps=01 success=1 return=   0.000 final_d=0.0316 m min_d=0.0316 m
episode=784 steps=09 success=1 return=  -9.125 final_d=0.0352 m min_d=0.0352 m
episode=785 steps=50 success=0 return= -54.104 final_d=0.1374 m min_d=0.1374 m
episode=786 steps=15 success=1 return= -15.876 final_d=0.0456 m min_d=0.0456 m
episode=787 steps=09 success=1 return=  -9.652 final_d=0.0106 m min_d=0.0106 m
episode=788 steps=06 success=1 return=  -5.462 final_d=0.0142 m min_d=0.0142 m
episode=789 steps=05 success=1 return=  -4.370 final_d=0.0096 m min_d=0.0096 m
episode=790 steps=05 success=1 return=  -4.000 final_d=0.0485 m min_d=0.0485 m
episode=791 steps=06 success=1 return=  -5.219 final_d=0.0434 m min_d=0.0434 m
episode=792 steps=08 success=1 return=  -8.194 final_d=0.0413 m min_d=0.0413 m
episode=793 steps=05 success=1 return=  -4.374 final_d=0.0226 m min_d=0.0226 m
episode=794 steps=50 success=0 return= -52.393 final_d=0.0877 m min_d=0.0583 m
episode=795 steps=50 success=0 return= -59.656 final_d=0.1912 m min_d=0.1199 m
episode=796 steps=05 success=1 return=  -4.214 final_d=0.0322 m min_d=0.0322 m
episode=797 steps=06 success=1 return=  -5.000 final_d=0.0308 m min_d=0.0308 m
episode=798 steps=50 success=0 return= -52.099 final_d=0.1217 m min_d=0.0597 m
episode=799 steps=50 success=0 return= -51.100 final_d=0.0733 m min_d=0.0553 m
episode=800 steps=05 success=1 return=  -4.337 final_d=0.0218 m min_d=0.0218 m
episode=801 steps=06 success=1 return=  -5.448 final_d=0.0366 m min_d=0.0366 m
episode=802 steps=14 success=1 return= -14.683 final_d=0.0273 m min_d=0.0273 m
episode=803 steps=50 success=0 return= -50.708 final_d=0.1081 m min_d=0.0914 m
episode=804 steps=04 success=1 return=  -3.000 final_d=0.0323 m min_d=0.0323 m
episode=805 steps=08 success=1 return=  -7.819 final_d=0.0450 m min_d=0.0450 m
episode=806 steps=09 success=1 return=  -8.683 final_d=0.0466 m min_d=0.0466 m
episode=807 steps=06 success=1 return=  -6.246 final_d=0.0297 m min_d=0.0297 m
episode=808 steps=07 success=1 return=  -6.662 final_d=0.0239 m min_d=0.0239 m
episode=809 steps=01 success=1 return=   0.000 final_d=0.0270 m min_d=0.0270 m
episode=810 steps=50 success=0 return= -51.098 final_d=0.1090 m min_d=0.1085 m
episode=811 steps=13 success=1 return= -13.507 final_d=0.0045 m min_d=0.0045 m
episode=812 steps=07 success=1 return=  -7.081 final_d=0.0213 m min_d=0.0213 m
episode=813 steps=10 success=1 return= -10.319 final_d=0.0416 m min_d=0.0416 m
episode=814 steps=09 success=1 return=  -8.470 final_d=0.0266 m min_d=0.0266 m
episode=815 steps=06 success=1 return=  -5.849 final_d=0.0333 m min_d=0.0333 m
episode=816 steps=14 success=1 return= -16.040 final_d=0.0416 m min_d=0.0416 m
episode=817 steps=06 success=1 return=  -5.410 final_d=0.0372 m min_d=0.0372 m
episode=818 steps=04 success=1 return=  -3.000 final_d=0.0237 m min_d=0.0237 m
episode=819 steps=06 success=1 return=  -5.133 final_d=0.0256 m min_d=0.0256 m
episode=820 steps=01 success=1 return=   0.000 final_d=0.0467 m min_d=0.0467 m
episode=821 steps=01 success=1 return=   0.000 final_d=0.0489 m min_d=0.0489 m
episode=822 steps=09 success=1 return=  -8.416 final_d=0.0389 m min_d=0.0389 m
episode=823 steps=06 success=1 return=  -5.253 final_d=0.0353 m min_d=0.0353 m
episode=824 steps=07 success=1 return=  -6.473 final_d=0.0247 m min_d=0.0247 m
episode=825 steps=50 success=0 return= -51.072 final_d=0.0751 m min_d=0.0641 m
episode=826 steps=18 success=1 return= -18.940 final_d=0.0277 m min_d=0.0277 m
episode=827 steps=09 success=1 return=  -8.000 final_d=0.0481 m min_d=0.0481 m
episode=828 steps=05 success=1 return=  -4.550 final_d=0.0399 m min_d=0.0399 m
episode=829 steps=50 success=0 return= -51.199 final_d=0.0732 m min_d=0.0724 m
episode=830 steps=06 success=1 return=  -5.469 final_d=0.0464 m min_d=0.0464 m
episode=831 steps=14 success=1 return= -15.220 final_d=0.0469 m min_d=0.0469 m
episode=832 steps=05 success=1 return=  -4.142 final_d=0.0287 m min_d=0.0287 m
episode=833 steps=12 success=1 return= -13.648 final_d=0.0339 m min_d=0.0339 m
episode=834 steps=05 success=1 return=  -4.046 final_d=0.0237 m min_d=0.0237 m
episode=835 steps=01 success=1 return=   0.000 final_d=0.0247 m min_d=0.0247 m
episode=836 steps=08 success=1 return=  -7.905 final_d=0.0460 m min_d=0.0460 m
episode=837 steps=04 success=1 return=  -3.000 final_d=0.0389 m min_d=0.0389 m
episode=838 steps=50 success=0 return= -51.148 final_d=0.0959 m min_d=0.0650 m
episode=839 steps=11 success=1 return= -11.722 final_d=0.0266 m min_d=0.0266 m
episode=840 steps=05 success=1 return=  -4.367 final_d=0.0307 m min_d=0.0307 m
episode=841 steps=05 success=1 return=  -4.818 final_d=0.0491 m min_d=0.0491 m
episode=842 steps=05 success=1 return=  -4.000 final_d=0.0226 m min_d=0.0226 m
episode=843 steps=05 success=1 return=  -4.000 final_d=0.0308 m min_d=0.0308 m
episode=844 steps=05 success=1 return=  -4.000 final_d=0.0156 m min_d=0.0156 m
episode=845 steps=01 success=1 return=   0.000 final_d=0.0398 m min_d=0.0398 m
episode=846 steps=04 success=1 return=  -3.000 final_d=0.0048 m min_d=0.0048 m
episode=847 steps=08 success=1 return=  -8.053 final_d=0.0347 m min_d=0.0347 m
episode=848 steps=07 success=1 return=  -6.000 final_d=0.0202 m min_d=0.0202 m
episode=849 steps=04 success=1 return=  -3.000 final_d=0.0482 m min_d=0.0482 m
episode=850 steps=05 success=1 return=  -4.117 final_d=0.0226 m min_d=0.0226 m
episode=851 steps=09 success=1 return=  -9.480 final_d=0.0241 m min_d=0.0241 m
episode=852 steps=50 success=0 return= -51.066 final_d=0.1132 m min_d=0.0525 m
episode=853 steps=50 success=0 return= -50.238 final_d=0.1104 m min_d=0.1098 m
episode=854 steps=01 success=1 return=   0.000 final_d=0.0302 m min_d=0.0302 m
episode=855 steps=08 success=1 return=  -8.509 final_d=0.0266 m min_d=0.0266 m
episode=856 steps=50 success=0 return= -51.320 final_d=0.1134 m min_d=0.0541 m
episode=857 steps=05 success=1 return=  -4.568 final_d=0.0334 m min_d=0.0334 m
episode=858 steps=05 success=1 return=  -4.186 final_d=0.0360 m min_d=0.0360 m
episode=859 steps=05 success=1 return=  -4.000 final_d=0.0442 m min_d=0.0442 m
episode=860 steps=09 success=1 return= -10.257 final_d=0.0423 m min_d=0.0423 m
episode=861 steps=10 success=1 return= -10.381 final_d=0.0485 m min_d=0.0485 m
episode=862 steps=08 success=1 return=  -8.503 final_d=0.0362 m min_d=0.0362 m
episode=863 steps=07 success=1 return=  -6.825 final_d=0.0205 m min_d=0.0205 m
episode=864 steps=04 success=1 return=  -3.000 final_d=0.0306 m min_d=0.0306 m
episode=865 steps=08 success=1 return=  -7.000 final_d=0.0148 m min_d=0.0148 m
episode=866 steps=08 success=1 return=  -8.061 final_d=0.0342 m min_d=0.0342 m
episode=867 steps=01 success=1 return=   0.000 final_d=0.0127 m min_d=0.0127 m
episode=868 steps=05 success=1 return=  -4.268 final_d=0.0454 m min_d=0.0454 m
episode=869 steps=50 success=0 return= -51.697 final_d=0.0616 m min_d=0.0616 m
episode=870 steps=05 success=1 return=  -5.150 final_d=0.0438 m min_d=0.0438 m
episode=871 steps=05 success=1 return=  -4.000 final_d=0.0418 m min_d=0.0418 m
episode=872 steps=06 success=1 return=  -5.234 final_d=0.0348 m min_d=0.0348 m
episode=873 steps=06 success=1 return=  -6.041 final_d=0.0416 m min_d=0.0416 m
episode=874 steps=10 success=1 return= -10.842 final_d=0.0290 m min_d=0.0290 m
episode=875 steps=50 success=0 return= -53.146 final_d=0.1317 m min_d=0.1317 m
episode=876 steps=05 success=1 return=  -4.434 final_d=0.0413 m min_d=0.0413 m
episode=877 steps=06 success=1 return=  -5.264 final_d=0.0244 m min_d=0.0244 m
episode=878 steps=04 success=1 return=  -3.000 final_d=0.0237 m min_d=0.0237 m
episode=879 steps=05 success=1 return=  -4.000 final_d=0.0465 m min_d=0.0465 m
episode=880 steps=04 success=1 return=  -3.000 final_d=0.0320 m min_d=0.0320 m
episode=881 steps=04 success=1 return=  -3.000 final_d=0.0481 m min_d=0.0481 m
episode=882 steps=05 success=1 return=  -4.000 final_d=0.0453 m min_d=0.0453 m
episode=883 steps=50 success=0 return= -56.847 final_d=0.1643 m min_d=0.1081 m
episode=884 steps=06 success=1 return=  -5.000 final_d=0.0476 m min_d=0.0476 m
episode=885 steps=05 success=1 return=  -4.689 final_d=0.0268 m min_d=0.0268 m
episode=886 steps=50 success=0 return= -53.255 final_d=0.1311 m min_d=0.1310 m
episode=887 steps=50 success=0 return= -50.720 final_d=0.0564 m min_d=0.0564 m
episode=888 steps=05 success=1 return=  -4.703 final_d=0.0364 m min_d=0.0364 m
episode=889 steps=05 success=1 return=  -4.309 final_d=0.0346 m min_d=0.0346 m
episode=890 steps=01 success=1 return=   0.000 final_d=0.0466 m min_d=0.0466 m
episode=891 steps=04 success=1 return=  -3.000 final_d=0.0313 m min_d=0.0313 m
episode=892 steps=15 success=1 return= -15.859 final_d=0.0286 m min_d=0.0286 m
episode=893 steps=06 success=1 return=  -5.000 final_d=0.0324 m min_d=0.0324 m
episode=894 steps=50 success=0 return= -50.360 final_d=0.0891 m min_d=0.0670 m
episode=895 steps=05 success=1 return=  -4.837 final_d=0.0214 m min_d=0.0214 m
episode=896 steps=05 success=1 return=  -4.498 final_d=0.0333 m min_d=0.0333 m
episode=897 steps=05 success=1 return=  -4.024 final_d=0.0146 m min_d=0.0146 m
episode=898 steps=05 success=1 return=  -4.972 final_d=0.0425 m min_d=0.0425 m
episode=899 steps=05 success=1 return=  -4.560 final_d=0.0255 m min_d=0.0255 m
episode=900 steps=12 success=1 return= -13.091 final_d=0.0301 m min_d=0.0301 m
episode=901 steps=07 success=1 return=  -6.614 final_d=0.0321 m min_d=0.0321 m
episode=902 steps=08 success=1 return=  -7.891 final_d=0.0265 m min_d=0.0265 m
episode=903 steps=09 success=1 return= -10.603 final_d=0.0237 m min_d=0.0237 m
episode=904 steps=05 success=1 return=  -4.572 final_d=0.0379 m min_d=0.0379 m
episode=905 steps=10 success=1 return=  -9.000 final_d=0.0267 m min_d=0.0267 m
episode=906 steps=10 success=1 return=  -9.000 final_d=0.0063 m min_d=0.0063 m
episode=907 steps=01 success=1 return=   0.000 final_d=0.0315 m min_d=0.0315 m
episode=908 steps=04 success=1 return=  -3.000 final_d=0.0314 m min_d=0.0314 m
episode=909 steps=04 success=1 return=  -3.000 final_d=0.0377 m min_d=0.0377 m
episode=910 steps=05 success=1 return=  -4.797 final_d=0.0216 m min_d=0.0216 m
episode=911 steps=10 success=1 return= -11.183 final_d=0.0430 m min_d=0.0430 m
episode=912 steps=04 success=1 return=  -3.000 final_d=0.0379 m min_d=0.0379 m
episode=913 steps=05 success=1 return=  -4.693 final_d=0.0184 m min_d=0.0184 m
episode=914 steps=04 success=1 return=  -3.000 final_d=0.0310 m min_d=0.0310 m
episode=915 steps=50 success=0 return= -52.861 final_d=0.1275 m min_d=0.1275 m
episode=916 steps=05 success=1 return=  -4.000 final_d=0.0330 m min_d=0.0330 m
episode=917 steps=11 success=1 return= -11.024 final_d=0.0280 m min_d=0.0280 m
episode=918 steps=07 success=1 return=  -6.845 final_d=0.0482 m min_d=0.0482 m
episode=919 steps=05 success=1 return=  -4.650 final_d=0.0267 m min_d=0.0267 m
episode=920 steps=04 success=1 return=  -3.000 final_d=0.0275 m min_d=0.0275 m
episode=921 steps=14 success=1 return= -14.778 final_d=0.0400 m min_d=0.0400 m
episode=922 steps=05 success=1 return=  -4.121 final_d=0.0237 m min_d=0.0237 m
episode=923 steps=01 success=1 return=   0.000 final_d=0.0170 m min_d=0.0170 m
episode=924 steps=06 success=1 return=  -5.159 final_d=0.0228 m min_d=0.0228 m
episode=925 steps=09 success=1 return=  -8.943 final_d=0.0196 m min_d=0.0196 m
episode=926 steps=09 success=1 return= -10.186 final_d=0.0118 m min_d=0.0118 m
episode=927 steps=05 success=1 return=  -4.046 final_d=0.0341 m min_d=0.0341 m
episode=928 steps=08 success=1 return=  -9.168 final_d=0.0467 m min_d=0.0467 m
episode=929 steps=10 success=1 return= -10.653 final_d=0.0121 m min_d=0.0121 m
episode=930 steps=04 success=1 return=  -3.000 final_d=0.0287 m min_d=0.0287 m
episode=931 steps=50 success=0 return= -50.953 final_d=0.0912 m min_d=0.0912 m
episode=932 steps=05 success=1 return=  -4.000 final_d=0.0359 m min_d=0.0359 m
episode=933 steps=01 success=1 return=   0.000 final_d=0.0172 m min_d=0.0172 m
episode=934 steps=04 success=1 return=  -3.000 final_d=0.0240 m min_d=0.0240 m
episode=935 steps=05 success=1 return=  -4.000 final_d=0.0258 m min_d=0.0258 m
episode=936 steps=05 success=1 return=  -4.000 final_d=0.0115 m min_d=0.0115 m
episode=937 steps=50 success=0 return= -51.385 final_d=0.0970 m min_d=0.0968 m
episode=938 steps=01 success=1 return=   0.000 final_d=0.0241 m min_d=0.0241 m
episode=939 steps=50 success=0 return= -54.442 final_d=0.1331 m min_d=0.1327 m
episode=940 steps=01 success=1 return=   0.000 final_d=0.0342 m min_d=0.0342 m
episode=941 steps=07 success=1 return=  -6.813 final_d=0.0269 m min_d=0.0269 m
episode=942 steps=04 success=1 return=  -3.000 final_d=0.0406 m min_d=0.0406 m
episode=943 steps=07 success=1 return=  -6.631 final_d=0.0153 m min_d=0.0153 m
episode=944 steps=07 success=1 return=  -6.912 final_d=0.0174 m min_d=0.0174 m
episode=945 steps=09 success=1 return=  -9.538 final_d=0.0414 m min_d=0.0414 m
episode=946 steps=10 success=1 return= -10.991 final_d=0.0390 m min_d=0.0390 m
episode=947 steps=08 success=1 return=  -8.306 final_d=0.0417 m min_d=0.0417 m
episode=948 steps=50 success=0 return= -50.943 final_d=0.0505 m min_d=0.0505 m
episode=949 steps=05 success=1 return=  -4.102 final_d=0.0180 m min_d=0.0180 m
episode=950 steps=05 success=1 return=  -4.000 final_d=0.0366 m min_d=0.0366 m
episode=951 steps=07 success=1 return=  -6.578 final_d=0.0339 m min_d=0.0339 m
episode=952 steps=10 success=1 return= -10.071 final_d=0.0428 m min_d=0.0428 m
episode=953 steps=06 success=1 return=  -5.147 final_d=0.0297 m min_d=0.0297 m
episode=954 steps=50 success=0 return= -50.896 final_d=0.0638 m min_d=0.0638 m
episode=955 steps=05 success=1 return=  -4.922 final_d=0.0064 m min_d=0.0064 m
episode=956 steps=09 success=1 return=  -9.259 final_d=0.0225 m min_d=0.0225 m
episode=957 steps=05 success=1 return=  -4.059 final_d=0.0114 m min_d=0.0114 m
episode=958 steps=50 success=0 return= -51.291 final_d=0.0899 m min_d=0.0894 m
episode=959 steps=09 success=1 return=  -8.358 final_d=0.0461 m min_d=0.0461 m
episode=960 steps=05 success=1 return=  -4.026 final_d=0.0252 m min_d=0.0252 m
episode=961 steps=09 success=1 return=  -9.009 final_d=0.0482 m min_d=0.0482 m
episode=962 steps=05 success=1 return=  -4.000 final_d=0.0292 m min_d=0.0292 m
episode=963 steps=18 success=1 return= -21.021 final_d=0.0373 m min_d=0.0373 m
episode=964 steps=50 success=0 return= -52.242 final_d=0.0940 m min_d=0.0940 m
episode=965 steps=06 success=1 return=  -5.419 final_d=0.0421 m min_d=0.0421 m
episode=966 steps=05 success=1 return=  -4.000 final_d=0.0410 m min_d=0.0410 m
episode=967 steps=05 success=1 return=  -4.968 final_d=0.0199 m min_d=0.0199 m
episode=968 steps=05 success=1 return=  -4.294 final_d=0.0401 m min_d=0.0401 m
episode=969 steps=07 success=1 return=  -7.259 final_d=0.0462 m min_d=0.0462 m
episode=970 steps=05 success=1 return=  -4.100 final_d=0.0093 m min_d=0.0093 m
episode=971 steps=50 success=0 return= -52.806 final_d=0.1320 m min_d=0.0565 m
episode=972 steps=09 success=1 return=  -9.483 final_d=0.0390 m min_d=0.0390 m
episode=973 steps=05 success=1 return=  -4.636 final_d=0.0483 m min_d=0.0483 m
episode=974 steps=05 success=1 return=  -4.976 final_d=0.0475 m min_d=0.0475 m
episode=975 steps=07 success=1 return=  -6.873 final_d=0.0331 m min_d=0.0331 m
episode=976 steps=08 success=1 return=  -7.500 final_d=0.0137 m min_d=0.0137 m
episode=977 steps=05 success=1 return=  -4.572 final_d=0.0434 m min_d=0.0434 m
episode=978 steps=05 success=1 return=  -4.000 final_d=0.0350 m min_d=0.0350 m
episode=979 steps=07 success=1 return=  -6.029 final_d=0.0456 m min_d=0.0456 m
episode=980 steps=07 success=1 return=  -7.151 final_d=0.0415 m min_d=0.0415 m
episode=981 steps=04 success=1 return=  -3.000 final_d=0.0271 m min_d=0.0271 m
episode=982 steps=05 success=1 return=  -4.000 final_d=0.0322 m min_d=0.0322 m
episode=983 steps=07 success=1 return=  -7.506 final_d=0.0210 m min_d=0.0210 m
episode=984 steps=04 success=1 return=  -3.000 final_d=0.0484 m min_d=0.0484 m
episode=985 steps=09 success=1 return=  -9.299 final_d=0.0232 m min_d=0.0232 m
episode=986 steps=05 success=1 return=  -4.000 final_d=0.0059 m min_d=0.0059 m
episode=987 steps=05 success=1 return=  -4.905 final_d=0.0368 m min_d=0.0368 m
episode=988 steps=05 success=1 return=  -4.000 final_d=0.0449 m min_d=0.0449 m
episode=989 steps=07 success=1 return=  -6.734 final_d=0.0420 m min_d=0.0420 m
episode=990 steps=05 success=1 return=  -4.000 final_d=0.0186 m min_d=0.0186 m
episode=991 steps=07 success=1 return=  -7.079 final_d=0.0306 m min_d=0.0306 m
episode=992 steps=50 success=0 return= -52.326 final_d=0.1369 m min_d=0.0554 m
episode=993 steps=05 success=1 return=  -4.802 final_d=0.0248 m min_d=0.0248 m
episode=994 steps=19 success=1 return= -20.003 final_d=0.0257 m min_d=0.0257 m
episode=995 steps=07 success=1 return=  -6.746 final_d=0.0419 m min_d=0.0419 m
episode=996 steps=06 success=1 return=  -5.000 final_d=0.0408 m min_d=0.0408 m
episode=997 steps=01 success=1 return=   0.000 final_d=0.0364 m min_d=0.0364 m
episode=998 steps=50 success=0 return= -51.087 final_d=0.1024 m min_d=0.1019 m
episode=999 steps=05 success=1 return=  -4.515 final_d=0.0358 m min_d=0.0358 m
episode=1000 steps=10 success=1 return= -10.232 final_d=0.0084 m min_d=0.0084 m
episode=1001 steps=05 success=1 return=  -4.000 final_d=0.0270 m min_d=0.0270 m
episode=1002 steps=50 success=0 return= -51.426 final_d=0.1229 m min_d=0.1228 m
episode=1003 steps=11 success=1 return= -11.813 final_d=0.0430 m min_d=0.0430 m
episode=1004 steps=10 success=1 return=  -9.104 final_d=0.0262 m min_d=0.0262 m
episode=1005 steps=06 success=1 return=  -5.056 final_d=0.0491 m min_d=0.0491 m
episode=1006 steps=01 success=1 return=   0.000 final_d=0.0489 m min_d=0.0489 m
episode=1007 steps=50 success=0 return= -51.563 final_d=0.0957 m min_d=0.0955 m
episode=1008 steps=09 success=1 return=  -8.697 final_d=0.0398 m min_d=0.0398 m
episode=1009 steps=05 success=1 return=  -4.000 final_d=0.0315 m min_d=0.0315 m
episode=1010 steps=05 success=1 return=  -4.027 final_d=0.0078 m min_d=0.0078 m
episode=1011 steps=07 success=1 return=  -6.969 final_d=0.0457 m min_d=0.0457 m
episode=1012 steps=05 success=1 return=  -4.000 final_d=0.0302 m min_d=0.0302 m
episode=1013 steps=05 success=1 return=  -4.143 final_d=0.0447 m min_d=0.0447 m
episode=1014 steps=50 success=0 return= -52.038 final_d=0.0913 m min_d=0.0912 m
episode=1015 steps=01 success=1 return=   0.000 final_d=0.0190 m min_d=0.0190 m
episode=1016 steps=12 success=1 return= -12.067 final_d=0.0143 m min_d=0.0143 m
episode=1017 steps=05 success=1 return=  -4.975 final_d=0.0433 m min_d=0.0433 m
episode=1018 steps=05 success=1 return=  -4.437 final_d=0.0355 m min_d=0.0355 m
episode=1019 steps=08 success=1 return=  -7.940 final_d=0.0205 m min_d=0.0205 m
episode=1020 steps=05 success=1 return=  -4.612 final_d=0.0381 m min_d=0.0381 m
episode=1021 steps=07 success=1 return=  -6.882 final_d=0.0329 m min_d=0.0329 m
episode=1022 steps=08 success=1 return=  -8.078 final_d=0.0351 m min_d=0.0351 m
episode=1023 steps=05 success=1 return=  -4.844 final_d=0.0405 m min_d=0.0405 m
episode=1024 steps=07 success=1 return=  -6.847 final_d=0.0427 m min_d=0.0427 m
episode=1025 steps=05 success=1 return=  -4.000 final_d=0.0340 m min_d=0.0340 m
episode=1026 steps=06 success=1 return=  -5.040 final_d=0.0335 m min_d=0.0335 m
episode=1027 steps=50 success=0 return= -50.644 final_d=0.0938 m min_d=0.0624 m
episode=1028 steps=05 success=1 return=  -4.000 final_d=0.0288 m min_d=0.0288 m
episode=1029 steps=05 success=1 return=  -4.667 final_d=0.0190 m min_d=0.0190 m
episode=1030 steps=08 success=1 return=  -8.136 final_d=0.0361 m min_d=0.0361 m
episode=1031 steps=05 success=1 return=  -4.000 final_d=0.0093 m min_d=0.0093 m
episode=1032 steps=05 success=1 return=  -4.000 final_d=0.0127 m min_d=0.0127 m
episode=1033 steps=09 success=1 return=  -9.265 final_d=0.0329 m min_d=0.0329 m
episode=1034 steps=09 success=1 return= -10.072 final_d=0.0480 m min_d=0.0480 m
episode=1035 steps=05 success=1 return=  -4.000 final_d=0.0169 m min_d=0.0169 m
episode=1036 steps=06 success=1 return=  -5.527 final_d=0.0375 m min_d=0.0375 m
episode=1037 steps=04 success=1 return=  -3.000 final_d=0.0491 m min_d=0.0491 m
episode=1038 steps=08 success=1 return=  -7.739 final_d=0.0421 m min_d=0.0421 m
episode=1039 steps=05 success=1 return=  -4.000 final_d=0.0373 m min_d=0.0373 m
episode=1040 steps=50 success=0 return= -51.729 final_d=0.1034 m min_d=0.1030 m
episode=1041 steps=09 success=1 return=  -9.032 final_d=0.0470 m min_d=0.0470 m
episode=1042 steps=08 success=1 return=  -8.315 final_d=0.0236 m min_d=0.0236 m
episode=1043 steps=09 success=1 return=  -9.201 final_d=0.0367 m min_d=0.0367 m
episode=1044 steps=11 success=1 return= -10.437 final_d=0.0313 m min_d=0.0313 m
episode=1045 steps=10 success=1 return=  -9.155 final_d=0.0302 m min_d=0.0302 m
episode=1046 steps=05 success=1 return=  -4.775 final_d=0.0486 m min_d=0.0486 m
episode=1047 steps=05 success=1 return=  -4.000 final_d=0.0401 m min_d=0.0401 m
episode=1048 steps=10 success=1 return=  -9.000 final_d=0.0296 m min_d=0.0296 m
episode=1049 steps=11 success=1 return= -11.821 final_d=0.0426 m min_d=0.0426 m
episode=1050 steps=04 success=1 return=  -3.000 final_d=0.0296 m min_d=0.0296 m
episode=1051 steps=04 success=1 return=  -3.000 final_d=0.0447 m min_d=0.0447 m
episode=1052 steps=01 success=1 return=   0.000 final_d=0.0450 m min_d=0.0450 m
episode=1053 steps=09 success=1 return=  -9.752 final_d=0.0384 m min_d=0.0384 m
episode=1054 steps=06 success=1 return=  -5.637 final_d=0.0363 m min_d=0.0363 m
episode=1055 steps=06 success=1 return=  -5.319 final_d=0.0488 m min_d=0.0488 m
episode=1056 steps=10 success=1 return=  -9.000 final_d=0.0048 m min_d=0.0048 m
episode=1057 steps=08 success=1 return=  -7.659 final_d=0.0182 m min_d=0.0182 m
episode=1058 steps=07 success=1 return=  -7.734 final_d=0.0283 m min_d=0.0283 m
episode=1059 steps=05 success=1 return=  -4.000 final_d=0.0414 m min_d=0.0414 m
episode=1060 steps=11 success=1 return= -10.801 final_d=0.0443 m min_d=0.0443 m
episode=1061 steps=07 success=1 return=  -6.437 final_d=0.0260 m min_d=0.0260 m
episode=1062 steps=08 success=1 return=  -8.007 final_d=0.0299 m min_d=0.0299 m
episode=1063 steps=07 success=1 return=  -6.302 final_d=0.0428 m min_d=0.0428 m
episode=1064 steps=09 success=1 return=  -9.413 final_d=0.0348 m min_d=0.0348 m
episode=1065 steps=21 success=1 return= -23.346 final_d=0.0091 m min_d=0.0091 m
episode=1066 steps=05 success=1 return=  -4.000 final_d=0.0475 m min_d=0.0475 m
episode=1067 steps=06 success=1 return=  -5.404 final_d=0.0447 m min_d=0.0447 m
episode=1068 steps=05 success=1 return=  -4.824 final_d=0.0353 m min_d=0.0353 m
episode=1069 steps=50 success=0 return= -51.377 final_d=0.0846 m min_d=0.0521 m
episode=1070 steps=04 success=1 return=  -3.000 final_d=0.0390 m min_d=0.0390 m
episode=1071 steps=05 success=1 return=  -4.152 final_d=0.0292 m min_d=0.0292 m
episode=1072 steps=11 success=1 return= -11.778 final_d=0.0485 m min_d=0.0485 m
episode=1073 steps=07 success=1 return=  -6.640 final_d=0.0275 m min_d=0.0275 m
episode=1074 steps=13 success=1 return= -12.420 final_d=0.0204 m min_d=0.0204 m
episode=1075 steps=06 success=1 return=  -5.000 final_d=0.0444 m min_d=0.0444 m
episode=1076 steps=50 success=0 return= -50.969 final_d=0.0693 m min_d=0.0693 m
episode=1077 steps=50 success=0 return= -52.178 final_d=0.1209 m min_d=0.0644 m
episode=1078 steps=07 success=1 return=  -7.074 final_d=0.0295 m min_d=0.0295 m
episode=1079 steps=05 success=1 return=  -4.000 final_d=0.0349 m min_d=0.0349 m
episode=1080 steps=13 success=1 return= -13.202 final_d=0.0084 m min_d=0.0084 m
episode=1081 steps=05 success=1 return=  -4.000 final_d=0.0305 m min_d=0.0305 m
episode=1082 steps=11 success=1 return= -10.850 final_d=0.0384 m min_d=0.0384 m
episode=1083 steps=12 success=1 return= -11.000 final_d=0.0454 m min_d=0.0454 m
episode=1084 steps=12 success=1 return= -12.025 final_d=0.0226 m min_d=0.0226 m
episode=1085 steps=01 success=1 return=   0.000 final_d=0.0478 m min_d=0.0478 m
episode=1086 steps=09 success=1 return=  -8.000 final_d=0.0384 m min_d=0.0384 m
episode=1087 steps=19 success=1 return= -18.978 final_d=0.0258 m min_d=0.0258 m
episode=1088 steps=10 success=1 return= -10.510 final_d=0.0138 m min_d=0.0138 m
episode=1089 steps=11 success=1 return= -11.335 final_d=0.0447 m min_d=0.0447 m
episode=1090 steps=05 success=1 return=  -4.000 final_d=0.0378 m min_d=0.0378 m
episode=1091 steps=15 success=1 return= -16.960 final_d=0.0385 m min_d=0.0385 m
episode=1092 steps=08 success=1 return=  -7.000 final_d=0.0449 m min_d=0.0449 m
episode=1093 steps=06 success=1 return=  -5.766 final_d=0.0304 m min_d=0.0304 m
episode=1094 steps=06 success=1 return=  -5.859 final_d=0.0339 m min_d=0.0339 m
episode=1095 steps=05 success=1 return=  -4.189 final_d=0.0435 m min_d=0.0435 m
episode=1096 steps=50 success=0 return= -50.068 final_d=0.0503 m min_d=0.0500 m
episode=1097 steps=50 success=0 return= -50.764 final_d=0.1061 m min_d=0.0599 m
episode=1098 steps=04 success=1 return=  -3.000 final_d=0.0482 m min_d=0.0482 m
episode=1099 steps=06 success=1 return=  -5.000 final_d=0.0207 m min_d=0.0207 m
episode=1100 steps=05 success=1 return=  -4.512 final_d=0.0427 m min_d=0.0427 m
episode=1101 steps=05 success=1 return=  -4.000 final_d=0.0192 m min_d=0.0192 m
episode=1102 steps=05 success=1 return=  -4.524 final_d=0.0336 m min_d=0.0336 m
episode=1103 steps=05 success=1 return=  -4.211 final_d=0.0253 m min_d=0.0253 m
episode=1104 steps=04 success=1 return=  -3.000 final_d=0.0455 m min_d=0.0455 m
episode=1105 steps=05 success=1 return=  -4.000 final_d=0.0204 m min_d=0.0204 m
episode=1106 steps=01 success=1 return=   0.000 final_d=0.0496 m min_d=0.0496 m
episode=1107 steps=05 success=1 return=  -4.069 final_d=0.0231 m min_d=0.0231 m
episode=1108 steps=04 success=1 return=  -3.000 final_d=0.0407 m min_d=0.0407 m
episode=1109 steps=01 success=1 return=   0.000 final_d=0.0452 m min_d=0.0452 m
episode=1110 steps=50 success=0 return= -57.433 final_d=0.1563 m min_d=0.0548 m
episode=1111 steps=05 success=1 return=  -4.028 final_d=0.0374 m min_d=0.0374 m
episode=1112 steps=07 success=1 return=  -7.115 final_d=0.0490 m min_d=0.0490 m
episode=1113 steps=07 success=1 return=  -7.647 final_d=0.0487 m min_d=0.0487 m
episode=1114 steps=50 success=0 return= -51.123 final_d=0.0710 m min_d=0.0710 m
episode=1115 steps=05 success=1 return=  -4.092 final_d=0.0325 m min_d=0.0325 m
episode=1116 steps=04 success=1 return=  -3.000 final_d=0.0362 m min_d=0.0362 m
episode=1117 steps=01 success=1 return=   0.000 final_d=0.0343 m min_d=0.0343 m
episode=1118 steps=14 success=1 return= -14.463 final_d=0.0080 m min_d=0.0080 m
episode=1119 steps=05 success=1 return=  -4.000 final_d=0.0427 m min_d=0.0427 m
episode=1120 steps=04 success=1 return=  -3.000 final_d=0.0393 m min_d=0.0393 m
episode=1121 steps=06 success=1 return=  -5.000 final_d=0.0239 m min_d=0.0239 m
episode=1122 steps=04 success=1 return=  -3.000 final_d=0.0291 m min_d=0.0291 m
episode=1123 steps=05 success=1 return=  -4.000 final_d=0.0382 m min_d=0.0382 m
episode=1124 steps=05 success=1 return=  -4.354 final_d=0.0108 m min_d=0.0108 m
episode=1125 steps=11 success=1 return= -10.408 final_d=0.0346 m min_d=0.0346 m
episode=1126 steps=46 success=1 return= -46.024 final_d=0.0165 m min_d=0.0165 m
episode=1127 steps=05 success=1 return=  -4.891 final_d=0.0109 m min_d=0.0109 m
episode=1128 steps=07 success=1 return=  -7.678 final_d=0.0198 m min_d=0.0198 m
episode=1129 steps=05 success=1 return=  -4.000 final_d=0.0148 m min_d=0.0148 m
episode=1130 steps=05 success=1 return=  -4.000 final_d=0.0327 m min_d=0.0327 m
episode=1131 steps=13 success=1 return= -13.305 final_d=0.0210 m min_d=0.0210 m
episode=1132 steps=05 success=1 return=  -4.000 final_d=0.0185 m min_d=0.0185 m
episode=1133 steps=06 success=1 return=  -5.198 final_d=0.0385 m min_d=0.0385 m
episode=1134 steps=05 success=1 return=  -4.154 final_d=0.0425 m min_d=0.0425 m
episode=1135 steps=01 success=1 return=   0.000 final_d=0.0351 m min_d=0.0351 m
episode=1136 steps=06 success=1 return=  -5.362 final_d=0.0314 m min_d=0.0314 m
episode=1137 steps=01 success=1 return=   0.000 final_d=0.0159 m min_d=0.0159 m
episode=1138 steps=09 success=1 return=  -9.001 final_d=0.0449 m min_d=0.0449 m
episode=1139 steps=04 success=1 return=  -3.000 final_d=0.0204 m min_d=0.0204 m
episode=1140 steps=07 success=1 return=  -6.540 final_d=0.0486 m min_d=0.0486 m
episode=1141 steps=09 success=1 return=  -9.375 final_d=0.0439 m min_d=0.0439 m
episode=1142 steps=04 success=1 return=  -3.000 final_d=0.0448 m min_d=0.0448 m
episode=1143 steps=10 success=1 return= -10.668 final_d=0.0490 m min_d=0.0490 m
episode=1144 steps=05 success=1 return=  -4.000 final_d=0.0200 m min_d=0.0200 m
episode=1145 steps=05 success=1 return=  -4.000 final_d=0.0242 m min_d=0.0242 m
episode=1146 steps=06 success=1 return=  -5.251 final_d=0.0282 m min_d=0.0282 m
episode=1147 steps=01 success=1 return=   0.000 final_d=0.0138 m min_d=0.0138 m
episode=1148 steps=08 success=1 return=  -7.943 final_d=0.0473 m min_d=0.0473 m
episode=1149 steps=01 success=1 return=   0.000 final_d=0.0343 m min_d=0.0343 m
episode=1150 steps=06 success=1 return=  -5.266 final_d=0.0202 m min_d=0.0202 m
episode=1151 steps=05 success=1 return=  -4.000 final_d=0.0229 m min_d=0.0229 m
episode=1152 steps=10 success=1 return=  -9.855 final_d=0.0454 m min_d=0.0454 m
episode=1153 steps=09 success=1 return=  -9.435 final_d=0.0399 m min_d=0.0399 m
episode=1154 steps=01 success=1 return=   0.000 final_d=0.0461 m min_d=0.0461 m
episode=1155 steps=04 success=1 return=  -3.000 final_d=0.0222 m min_d=0.0222 m
episode=1156 steps=08 success=1 return=  -8.263 final_d=0.0283 m min_d=0.0283 m
episode=1157 steps=05 success=1 return=  -4.375 final_d=0.0158 m min_d=0.0158 m
episode=1158 steps=50 success=0 return= -51.844 final_d=0.0901 m min_d=0.0630 m
episode=1159 steps=05 success=1 return=  -4.720 final_d=0.0495 m min_d=0.0495 m
episode=1160 steps=50 success=0 return= -56.633 final_d=0.1539 m min_d=0.1539 m
episode=1161 steps=50 success=0 return= -51.146 final_d=0.0778 m min_d=0.0778 m
episode=1162 steps=06 success=1 return=  -5.927 final_d=0.0232 m min_d=0.0232 m
episode=1163 steps=05 success=1 return=  -4.000 final_d=0.0181 m min_d=0.0181 m
episode=1164 steps=05 success=1 return=  -4.000 final_d=0.0201 m min_d=0.0201 m
episode=1165 steps=09 success=1 return= -10.050 final_d=0.0320 m min_d=0.0320 m
episode=1166 steps=05 success=1 return=  -4.000 final_d=0.0368 m min_d=0.0368 m
episode=1167 steps=04 success=1 return=  -3.000 final_d=0.0393 m min_d=0.0393 m
episode=1168 steps=07 success=1 return=  -6.599 final_d=0.0446 m min_d=0.0446 m
episode=1169 steps=08 success=1 return=  -7.869 final_d=0.0146 m min_d=0.0146 m
episode=1170 steps=07 success=1 return=  -6.723 final_d=0.0320 m min_d=0.0320 m
episode=1171 steps=06 success=1 return=  -5.000 final_d=0.0377 m min_d=0.0377 m
episode=1172 steps=04 success=1 return=  -3.000 final_d=0.0294 m min_d=0.0294 m
episode=1173 steps=07 success=1 return=  -7.171 final_d=0.0129 m min_d=0.0129 m
episode=1174 steps=01 success=1 return=   0.000 final_d=0.0150 m min_d=0.0150 m
episode=1175 steps=05 success=1 return=  -4.000 final_d=0.0422 m min_d=0.0422 m
episode=1176 steps=07 success=1 return=  -6.000 final_d=0.0184 m min_d=0.0184 m
episode=1177 steps=04 success=1 return=  -3.000 final_d=0.0269 m min_d=0.0269 m
episode=1178 steps=09 success=1 return=  -8.761 final_d=0.0495 m min_d=0.0495 m
episode=1179 steps=10 success=1 return= -11.087 final_d=0.0376 m min_d=0.0376 m
episode=1180 steps=09 success=1 return=  -8.000 final_d=0.0149 m min_d=0.0149 m
episode=1181 steps=10 success=1 return=  -9.000 final_d=0.0228 m min_d=0.0228 m
episode=1182 steps=05 success=1 return=  -4.000 final_d=0.0268 m min_d=0.0268 m
episode=1183 steps=08 success=1 return=  -7.846 final_d=0.0361 m min_d=0.0361 m
episode=1184 steps=09 success=1 return=  -9.873 final_d=0.0179 m min_d=0.0179 m
episode=1185 steps=10 success=1 return=  -9.000 final_d=0.0170 m min_d=0.0170 m
episode=1186 steps=09 success=1 return=  -9.297 final_d=0.0250 m min_d=0.0250 m
episode=1187 steps=01 success=1 return=   0.000 final_d=0.0351 m min_d=0.0351 m
episode=1188 steps=04 success=1 return=  -3.000 final_d=0.0482 m min_d=0.0482 m
episode=1189 steps=05 success=1 return=  -4.817 final_d=0.0418 m min_d=0.0418 m
episode=1190 steps=10 success=1 return= -10.999 final_d=0.0387 m min_d=0.0387 m
episode=1191 steps=16 success=1 return= -18.527 final_d=0.0383 m min_d=0.0383 m
episode=1192 steps=07 success=1 return=  -6.975 final_d=0.0496 m min_d=0.0496 m
episode=1193 steps=01 success=1 return=   0.000 final_d=0.0379 m min_d=0.0379 m
episode=1194 steps=04 success=1 return=  -3.000 final_d=0.0457 m min_d=0.0457 m
episode=1195 steps=07 success=1 return=  -6.831 final_d=0.0405 m min_d=0.0405 m
episode=1196 steps=06 success=1 return=  -5.000 final_d=0.0423 m min_d=0.0423 m
episode=1197 steps=06 success=1 return=  -5.161 final_d=0.0310 m min_d=0.0310 m
episode=1198 steps=05 success=1 return=  -4.126 final_d=0.0323 m min_d=0.0323 m
episode=1199 steps=50 success=0 return= -53.964 final_d=0.1428 m min_d=0.0871 m
episode=1200 steps=19 success=1 return= -23.358 final_d=0.0230 m min_d=0.0230 m
episode=1201 steps=05 success=1 return=  -4.000 final_d=0.0461 m min_d=0.0461 m
episode=1202 steps=10 success=1 return= -10.128 final_d=0.0336 m min_d=0.0336 m
episode=1203 steps=06 success=1 return=  -5.000 final_d=0.0063 m min_d=0.0063 m
episode=1204 steps=05 success=1 return=  -4.253 final_d=0.0212 m min_d=0.0212 m
episode=1205 steps=09 success=1 return=  -8.534 final_d=0.0220 m min_d=0.0220 m
episode=1206 steps=04 success=1 return=  -3.000 final_d=0.0222 m min_d=0.0222 m
episode=1207 steps=09 success=1 return=  -8.821 final_d=0.0161 m min_d=0.0161 m
episode=1208 steps=50 success=0 return= -51.421 final_d=0.0567 m min_d=0.0567 m
episode=1209 steps=05 success=1 return=  -4.000 final_d=0.0118 m min_d=0.0118 m
episode=1210 steps=08 success=1 return=  -8.121 final_d=0.0383 m min_d=0.0383 m
episode=1211 steps=11 success=1 return= -11.589 final_d=0.0461 m min_d=0.0461 m
episode=1212 steps=06 success=1 return=  -5.058 final_d=0.0183 m min_d=0.0183 m
episode=1213 steps=05 success=1 return=  -4.000 final_d=0.0327 m min_d=0.0327 m
episode=1214 steps=05 success=1 return=  -4.000 final_d=0.0223 m min_d=0.0223 m
episode=1215 steps=07 success=1 return=  -6.599 final_d=0.0381 m min_d=0.0381 m
episode=1216 steps=05 success=1 return=  -4.000 final_d=0.0288 m min_d=0.0288 m
episode=1217 steps=06 success=1 return=  -5.233 final_d=0.0242 m min_d=0.0242 m
episode=1218 steps=14 success=1 return= -14.574 final_d=0.0373 m min_d=0.0373 m
episode=1219 steps=06 success=1 return=  -5.000 final_d=0.0181 m min_d=0.0181 m
episode=1220 steps=09 success=1 return=  -8.986 final_d=0.0489 m min_d=0.0489 m
episode=1221 steps=06 success=1 return=  -5.196 final_d=0.0431 m min_d=0.0431 m
episode=1222 steps=10 success=1 return= -10.902 final_d=0.0392 m min_d=0.0392 m
episode=1223 steps=08 success=1 return=  -7.067 final_d=0.0499 m min_d=0.0499 m
episode=1224 steps=09 success=1 return=  -9.790 final_d=0.0218 m min_d=0.0218 m
episode=1225 steps=05 success=1 return=  -4.000 final_d=0.0288 m min_d=0.0288 m
episode=1226 steps=06 success=1 return=  -5.064 final_d=0.0141 m min_d=0.0141 m
episode=1227 steps=08 success=1 return=  -7.000 final_d=0.0156 m min_d=0.0156 m
episode=1228 steps=05 success=1 return=  -4.000 final_d=0.0119 m min_d=0.0119 m
episode=1229 steps=50 success=0 return= -55.349 final_d=0.1444 m min_d=0.1439 m
episode=1230 steps=09 success=1 return=  -9.524 final_d=0.0459 m min_d=0.0459 m
episode=1231 steps=01 success=1 return=   0.000 final_d=0.0295 m min_d=0.0295 m
episode=1232 steps=05 success=1 return=  -4.578 final_d=0.0436 m min_d=0.0436 m
episode=1233 steps=13 success=1 return= -14.026 final_d=0.0330 m min_d=0.0330 m
episode=1234 steps=17 success=1 return= -20.059 final_d=0.0156 m min_d=0.0156 m
episode=1235 steps=05 success=1 return=  -4.261 final_d=0.0162 m min_d=0.0162 m
episode=1236 steps=09 success=1 return=  -9.091 final_d=0.0419 m min_d=0.0419 m
episode=1237 steps=01 success=1 return=   0.000 final_d=0.0279 m min_d=0.0279 m
episode=1238 steps=15 success=1 return= -15.256 final_d=0.0148 m min_d=0.0148 m
episode=1239 steps=09 success=1 return=  -8.658 final_d=0.0049 m min_d=0.0049 m
episode=1240 steps=04 success=1 return=  -3.000 final_d=0.0319 m min_d=0.0319 m
episode=1241 steps=07 success=1 return=  -6.240 final_d=0.0252 m min_d=0.0252 m
episode=1242 steps=10 success=1 return= -10.857 final_d=0.0341 m min_d=0.0341 m
episode=1243 steps=50 success=0 return= -61.312 final_d=0.1951 m min_d=0.1946 m
episode=1244 steps=05 success=1 return=  -4.528 final_d=0.0180 m min_d=0.0180 m
episode=1245 steps=12 success=1 return= -12.027 final_d=0.0317 m min_d=0.0317 m
episode=1246 steps=06 success=1 return=  -5.000 final_d=0.0467 m min_d=0.0467 m
episode=1247 steps=06 success=1 return=  -5.684 final_d=0.0460 m min_d=0.0460 m
episode=1248 steps=05 success=1 return=  -4.000 final_d=0.0194 m min_d=0.0194 m
episode=1249 steps=09 success=1 return=  -9.544 final_d=0.0434 m min_d=0.0434 m
episode=1250 steps=05 success=1 return=  -4.568 final_d=0.0340 m min_d=0.0340 m
episode=1251 steps=50 success=0 return= -50.000 final_d=0.0576 m min_d=0.0576 m
episode=1252 steps=05 success=1 return=  -4.708 final_d=0.0292 m min_d=0.0292 m
episode=1253 steps=50 success=0 return= -51.398 final_d=0.0511 m min_d=0.0511 m
episode=1254 steps=01 success=1 return=   0.000 final_d=0.0475 m min_d=0.0475 m
episode=1255 steps=05 success=1 return=  -4.371 final_d=0.0104 m min_d=0.0104 m
episode=1256 steps=10 success=1 return= -10.605 final_d=0.0456 m min_d=0.0456 m
episode=1257 steps=05 success=1 return=  -4.000 final_d=0.0474 m min_d=0.0474 m
episode=1258 steps=09 success=1 return=  -9.222 final_d=0.0457 m min_d=0.0457 m
episode=1259 steps=09 success=1 return= -10.231 final_d=0.0449 m min_d=0.0449 m
episode=1260 steps=50 success=0 return= -50.000 final_d=0.0522 m min_d=0.0520 m
episode=1261 steps=05 success=1 return=  -4.027 final_d=0.0188 m min_d=0.0188 m
episode=1262 steps=08 success=1 return=  -7.349 final_d=0.0314 m min_d=0.0314 m
episode=1263 steps=09 success=1 return= -10.147 final_d=0.0470 m min_d=0.0470 m
episode=1264 steps=08 success=1 return=  -8.670 final_d=0.0211 m min_d=0.0211 m
episode=1265 steps=05 success=1 return=  -4.000 final_d=0.0210 m min_d=0.0210 m
episode=1266 steps=07 success=1 return=  -6.837 final_d=0.0480 m min_d=0.0480 m
episode=1267 steps=11 success=1 return= -11.739 final_d=0.0274 m min_d=0.0274 m
episode=1268 steps=09 success=1 return=  -9.819 final_d=0.0365 m min_d=0.0365 m
episode=1269 steps=04 success=1 return=  -3.000 final_d=0.0222 m min_d=0.0222 m
episode=1270 steps=05 success=1 return=  -4.000 final_d=0.0271 m min_d=0.0271 m
episode=1271 steps=50 success=0 return= -50.000 final_d=0.0555 m min_d=0.0555 m
episode=1272 steps=05 success=1 return=  -4.000 final_d=0.0458 m min_d=0.0458 m
episode=1273 steps=10 success=1 return= -10.374 final_d=0.0470 m min_d=0.0470 m
episode=1274 steps=14 success=1 return= -15.822 final_d=0.0498 m min_d=0.0498 m
episode=1275 steps=05 success=1 return=  -4.648 final_d=0.0231 m min_d=0.0231 m
episode=1276 steps=06 success=1 return=  -5.470 final_d=0.0387 m min_d=0.0387 m
episode=1277 steps=06 success=1 return=  -5.053 final_d=0.0430 m min_d=0.0430 m
episode=1278 steps=05 success=1 return=  -4.564 final_d=0.0368 m min_d=0.0368 m
episode=1279 steps=50 success=0 return= -51.751 final_d=0.0633 m min_d=0.0633 m
episode=1280 steps=11 success=1 return= -11.146 final_d=0.0401 m min_d=0.0401 m
episode=1281 steps=05 success=1 return=  -4.000 final_d=0.0446 m min_d=0.0446 m
episode=1282 steps=04 success=1 return=  -3.000 final_d=0.0307 m min_d=0.0307 m
episode=1283 steps=14 success=1 return= -14.787 final_d=0.0493 m min_d=0.0493 m
episode=1284 steps=08 success=1 return=  -7.858 final_d=0.0220 m min_d=0.0220 m
episode=1285 steps=05 success=1 return=  -4.206 final_d=0.0244 m min_d=0.0244 m
episode=1286 steps=50 success=0 return= -50.813 final_d=0.0950 m min_d=0.0887 m
episode=1287 steps=05 success=1 return=  -4.000 final_d=0.0258 m min_d=0.0258 m
episode=1288 steps=50 success=0 return= -51.572 final_d=0.0832 m min_d=0.0652 m
episode=1289 steps=50 success=0 return= -50.590 final_d=0.0635 m min_d=0.0635 m
episode=1290 steps=50 success=0 return= -51.438 final_d=0.0631 m min_d=0.0631 m
episode=1291 steps=04 success=1 return=  -3.000 final_d=0.0351 m min_d=0.0351 m
episode=1292 steps=09 success=1 return= -10.122 final_d=0.0124 m min_d=0.0124 m
episode=1293 steps=04 success=1 return=  -3.000 final_d=0.0424 m min_d=0.0424 m
episode=1294 steps=05 success=1 return=  -4.290 final_d=0.0384 m min_d=0.0384 m
episode=1295 steps=50 success=0 return= -62.148 final_d=0.2002 m min_d=0.2002 m
episode=1296 steps=08 success=1 return=  -7.876 final_d=0.0277 m min_d=0.0277 m
episode=1297 steps=05 success=1 return=  -4.270 final_d=0.0376 m min_d=0.0376 m
episode=1298 steps=12 success=1 return= -11.000 final_d=0.0235 m min_d=0.0235 m
episode=1299 steps=07 success=1 return=  -6.852 final_d=0.0030 m min_d=0.0030 m
episode=1300 steps=05 success=1 return=  -4.923 final_d=0.0391 m min_d=0.0391 m
episode=1301 steps=06 success=1 return=  -5.049 final_d=0.0216 m min_d=0.0216 m
episode=1302 steps=05 success=1 return=  -4.000 final_d=0.0167 m min_d=0.0167 m
episode=1303 steps=01 success=1 return=   0.000 final_d=0.0328 m min_d=0.0328 m
episode=1304 steps=01 success=1 return=   0.000 final_d=0.0388 m min_d=0.0388 m
episode=1305 steps=10 success=1 return= -11.211 final_d=0.0358 m min_d=0.0358 m
episode=1306 steps=50 success=0 return= -54.693 final_d=0.1278 m min_d=0.1278 m
episode=1307 steps=08 success=1 return=  -7.637 final_d=0.0480 m min_d=0.0480 m
episode=1308 steps=06 success=1 return=  -5.438 final_d=0.0379 m min_d=0.0379 m
episode=1309 steps=50 success=0 return= -50.675 final_d=0.0778 m min_d=0.0774 m
episode=1310 steps=09 success=1 return=  -9.780 final_d=0.0153 m min_d=0.0153 m
episode=1311 steps=06 success=1 return=  -6.172 final_d=0.0478 m min_d=0.0478 m
episode=1312 steps=50 success=0 return= -51.244 final_d=0.0927 m min_d=0.0655 m
episode=1313 steps=05 success=1 return=  -4.393 final_d=0.0384 m min_d=0.0384 m
episode=1314 steps=50 success=0 return= -50.996 final_d=0.1137 m min_d=0.0731 m
episode=1315 steps=05 success=1 return=  -4.139 final_d=0.0310 m min_d=0.0310 m
episode=1316 steps=50 success=0 return= -51.203 final_d=0.0856 m min_d=0.0768 m
episode=1317 steps=05 success=1 return=  -4.000 final_d=0.0098 m min_d=0.0098 m
episode=1318 steps=07 success=1 return=  -6.499 final_d=0.0477 m min_d=0.0477 m
episode=1319 steps=10 success=1 return= -11.033 final_d=0.0179 m min_d=0.0179 m
episode=1320 steps=05 success=1 return=  -4.050 final_d=0.0498 m min_d=0.0498 m
episode=1321 steps=14 success=1 return= -15.351 final_d=0.0422 m min_d=0.0422 m
episode=1322 steps=06 success=1 return=  -5.348 final_d=0.0427 m min_d=0.0427 m
episode=1323 steps=07 success=1 return=  -6.633 final_d=0.0353 m min_d=0.0353 m
episode=1324 steps=06 success=1 return=  -5.000 final_d=0.0462 m min_d=0.0462 m
episode=1325 steps=08 success=1 return=  -7.000 final_d=0.0243 m min_d=0.0243 m
episode=1326 steps=07 success=1 return=  -7.245 final_d=0.0336 m min_d=0.0336 m
episode=1327 steps=05 success=1 return=  -4.579 final_d=0.0447 m min_d=0.0447 m
episode=1328 steps=05 success=1 return=  -4.114 final_d=0.0211 m min_d=0.0211 m
episode=1329 steps=05 success=1 return=  -4.342 final_d=0.0270 m min_d=0.0270 m
episode=1330 steps=05 success=1 return=  -4.000 final_d=0.0268 m min_d=0.0268 m
episode=1331 steps=09 success=1 return=  -9.838 final_d=0.0384 m min_d=0.0384 m
episode=1332 steps=01 success=1 return=   0.000 final_d=0.0414 m min_d=0.0414 m
episode=1333 steps=05 success=1 return=  -4.000 final_d=0.0428 m min_d=0.0428 m
episode=1334 steps=07 success=1 return=  -6.000 final_d=0.0169 m min_d=0.0169 m
episode=1335 steps=14 success=1 return= -13.654 final_d=0.0476 m min_d=0.0476 m
episode=1336 steps=05 success=1 return=  -4.919 final_d=0.0252 m min_d=0.0252 m
episode=1337 steps=08 success=1 return=  -7.402 final_d=0.0397 m min_d=0.0397 m
episode=1338 steps=50 success=0 return= -50.533 final_d=0.0994 m min_d=0.0618 m
episode=1339 steps=04 success=1 return=  -3.000 final_d=0.0385 m min_d=0.0385 m
episode=1340 steps=05 success=1 return=  -4.025 final_d=0.0347 m min_d=0.0347 m
episode=1341 steps=50 success=0 return= -52.630 final_d=0.1323 m min_d=0.1323 m
episode=1342 steps=10 success=1 return=  -9.731 final_d=0.0292 m min_d=0.0292 m
episode=1343 steps=07 success=1 return=  -6.693 final_d=0.0412 m min_d=0.0412 m
episode=1344 steps=10 success=1 return= -10.887 final_d=0.0339 m min_d=0.0339 m
episode=1345 steps=04 success=1 return=  -3.000 final_d=0.0470 m min_d=0.0470 m
episode=1346 steps=06 success=1 return=  -5.687 final_d=0.0478 m min_d=0.0478 m
episode=1347 steps=08 success=1 return=  -7.938 final_d=0.0288 m min_d=0.0288 m
episode=1348 steps=15 success=1 return= -14.000 final_d=0.0150 m min_d=0.0150 m
episode=1349 steps=05 success=1 return=  -4.683 final_d=0.0279 m min_d=0.0279 m
episode=1350 steps=10 success=1 return= -11.048 final_d=0.0344 m min_d=0.0344 m
episode=1351 steps=11 success=1 return= -10.000 final_d=0.0389 m min_d=0.0389 m
episode=1352 steps=05 success=1 return=  -4.200 final_d=0.0276 m min_d=0.0276 m
episode=1353 steps=05 success=1 return=  -4.000 final_d=0.0032 m min_d=0.0032 m
episode=1354 steps=04 success=1 return=  -3.000 final_d=0.0337 m min_d=0.0337 m
episode=1355 steps=06 success=1 return=  -5.000 final_d=0.0423 m min_d=0.0423 m
episode=1356 steps=11 success=1 return= -12.418 final_d=0.0225 m min_d=0.0225 m
episode=1357 steps=06 success=1 return=  -5.050 final_d=0.0086 m min_d=0.0086 m
episode=1358 steps=10 success=1 return= -10.159 final_d=0.0417 m min_d=0.0417 m
episode=1359 steps=09 success=1 return= -10.354 final_d=0.0468 m min_d=0.0468 m
episode=1360 steps=01 success=1 return=   0.000 final_d=0.0242 m min_d=0.0242 m
episode=1361 steps=05 success=1 return=  -4.134 final_d=0.0332 m min_d=0.0332 m
episode=1362 steps=10 success=1 return=  -9.613 final_d=0.0086 m min_d=0.0086 m
episode=1363 steps=05 success=1 return=  -4.000 final_d=0.0133 m min_d=0.0133 m
episode=1364 steps=08 success=1 return=  -8.265 final_d=0.0210 m min_d=0.0210 m
episode=1365 steps=06 success=1 return=  -5.000 final_d=0.0489 m min_d=0.0489 m
episode=1366 steps=09 success=1 return=  -9.518 final_d=0.0400 m min_d=0.0400 m
episode=1367 steps=08 success=1 return=  -7.872 final_d=0.0484 m min_d=0.0484 m
episode=1368 steps=05 success=1 return=  -4.000 final_d=0.0488 m min_d=0.0488 m
episode=1369 steps=06 success=1 return=  -5.000 final_d=0.0406 m min_d=0.0406 m
episode=1370 steps=08 success=1 return=  -7.886 final_d=0.0428 m min_d=0.0428 m
episode=1371 steps=15 success=1 return= -14.338 final_d=0.0178 m min_d=0.0178 m
episode=1372 steps=06 success=1 return=  -5.189 final_d=0.0416 m min_d=0.0416 m
episode=1373 steps=05 success=1 return=  -4.557 final_d=0.0419 m min_d=0.0419 m
episode=1374 steps=50 success=0 return= -52.203 final_d=0.0803 m min_d=0.0802 m
episode=1375 steps=04 success=1 return=  -3.000 final_d=0.0363 m min_d=0.0363 m
episode=1376 steps=01 success=1 return=   0.000 final_d=0.0405 m min_d=0.0405 m
episode=1377 steps=50 success=0 return= -50.474 final_d=0.0703 m min_d=0.0596 m
episode=1378 steps=09 success=1 return=  -9.208 final_d=0.0437 m min_d=0.0437 m
episode=1379 steps=05 success=1 return=  -4.343 final_d=0.0394 m min_d=0.0394 m
episode=1380 steps=05 success=1 return=  -4.000 final_d=0.0331 m min_d=0.0331 m
episode=1381 steps=08 success=1 return=  -7.855 final_d=0.0337 m min_d=0.0337 m
episode=1382 steps=05 success=1 return=  -4.000 final_d=0.0347 m min_d=0.0347 m
episode=1383 steps=50 success=0 return= -50.660 final_d=0.0776 m min_d=0.0546 m
episode=1384 steps=05 success=1 return=  -4.000 final_d=0.0296 m min_d=0.0296 m
episode=1385 steps=04 success=1 return=  -3.000 final_d=0.0222 m min_d=0.0222 m
episode=1386 steps=08 success=1 return=  -8.484 final_d=0.0231 m min_d=0.0231 m
episode=1387 steps=06 success=1 return=  -5.872 final_d=0.0481 m min_d=0.0481 m
episode=1388 steps=50 success=0 return= -50.561 final_d=0.0504 m min_d=0.0504 m
episode=1389 steps=07 success=1 return=  -6.056 final_d=0.0447 m min_d=0.0447 m
episode=1390 steps=05 success=1 return=  -4.123 final_d=0.0285 m min_d=0.0285 m
episode=1391 steps=08 success=1 return=  -7.000 final_d=0.0255 m min_d=0.0255 m
episode=1392 steps=05 success=1 return=  -4.388 final_d=0.0287 m min_d=0.0287 m
episode=1393 steps=08 success=1 return=  -7.000 final_d=0.0423 m min_d=0.0423 m
episode=1394 steps=05 success=1 return=  -4.000 final_d=0.0286 m min_d=0.0286 m
episode=1395 steps=11 success=1 return= -11.569 final_d=0.0130 m min_d=0.0130 m
episode=1396 steps=05 success=1 return=  -4.413 final_d=0.0446 m min_d=0.0446 m
episode=1397 steps=04 success=1 return=  -3.000 final_d=0.0477 m min_d=0.0477 m
episode=1398 steps=05 success=1 return=  -4.371 final_d=0.0274 m min_d=0.0274 m
episode=1399 steps=05 success=1 return=  -4.510 final_d=0.0315 m min_d=0.0315 m
episode=1400 steps=06 success=1 return=  -5.337 final_d=0.0408 m min_d=0.0408 m
episode=1401 steps=01 success=1 return=   0.000 final_d=0.0469 m min_d=0.0469 m
episode=1402 steps=12 success=1 return= -12.829 final_d=0.0408 m min_d=0.0408 m
episode=1403 steps=05 success=1 return=  -4.000 final_d=0.0066 m min_d=0.0066 m
episode=1404 steps=04 success=1 return=  -3.000 final_d=0.0465 m min_d=0.0465 m
episode=1405 steps=08 success=1 return=  -7.131 final_d=0.0371 m min_d=0.0371 m
episode=1406 steps=07 success=1 return=  -6.621 final_d=0.0310 m min_d=0.0310 m
episode=1407 steps=01 success=1 return=   0.000 final_d=0.0136 m min_d=0.0136 m
episode=1408 steps=05 success=1 return=  -4.652 final_d=0.0497 m min_d=0.0497 m
episode=1409 steps=05 success=1 return=  -4.709 final_d=0.0353 m min_d=0.0353 m
episode=1410 steps=05 success=1 return=  -4.968 final_d=0.0367 m min_d=0.0367 m
episode=1411 steps=50 success=0 return= -50.992 final_d=0.0742 m min_d=0.0540 m
episode=1412 steps=09 success=1 return=  -9.125 final_d=0.0271 m min_d=0.0271 m
episode=1413 steps=50 success=0 return= -52.790 final_d=0.0796 m min_d=0.0796 m
episode=1414 steps=01 success=1 return=   0.000 final_d=0.0377 m min_d=0.0377 m
episode=1415 steps=08 success=1 return=  -8.256 final_d=0.0289 m min_d=0.0289 m
episode=1416 steps=07 success=1 return=  -6.999 final_d=0.0277 m min_d=0.0277 m
episode=1417 steps=05 success=1 return=  -4.154 final_d=0.0263 m min_d=0.0263 m
episode=1418 steps=05 success=1 return=  -4.000 final_d=0.0260 m min_d=0.0260 m
episode=1419 steps=10 success=1 return=  -9.027 final_d=0.0127 m min_d=0.0127 m
episode=1420 steps=05 success=1 return=  -4.029 final_d=0.0359 m min_d=0.0359 m
episode=1421 steps=07 success=1 return=  -6.719 final_d=0.0388 m min_d=0.0388 m
episode=1422 steps=05 success=1 return=  -4.000 final_d=0.0347 m min_d=0.0347 m
episode=1423 steps=05 success=1 return=  -4.000 final_d=0.0172 m min_d=0.0172 m
episode=1424 steps=08 success=1 return=  -8.609 final_d=0.0247 m min_d=0.0247 m
episode=1425 steps=04 success=1 return=  -3.000 final_d=0.0346 m min_d=0.0346 m
episode=1426 steps=09 success=1 return=  -9.414 final_d=0.0490 m min_d=0.0490 m
episode=1427 steps=13 success=1 return= -15.219 final_d=0.0495 m min_d=0.0495 m
episode=1428 steps=09 success=1 return=  -8.940 final_d=0.0431 m min_d=0.0431 m
episode=1429 steps=50 success=0 return= -50.122 final_d=0.0755 m min_d=0.0552 m
episode=1430 steps=50 success=0 return= -51.133 final_d=0.0890 m min_d=0.0890 m
episode=1431 steps=15 success=1 return= -16.846 final_d=0.0181 m min_d=0.0181 m
episode=1432 steps=06 success=1 return=  -5.604 final_d=0.0301 m min_d=0.0301 m
episode=1433 steps=07 success=1 return=  -6.648 final_d=0.0460 m min_d=0.0460 m
episode=1434 steps=01 success=1 return=   0.000 final_d=0.0436 m min_d=0.0436 m
episode=1435 steps=01 success=1 return=   0.000 final_d=0.0325 m min_d=0.0325 m
episode=1436 steps=05 success=1 return=  -4.000 final_d=0.0454 m min_d=0.0454 m
episode=1437 steps=12 success=1 return= -13.518 final_d=0.0219 m min_d=0.0219 m
episode=1438 steps=05 success=1 return=  -4.000 final_d=0.0204 m min_d=0.0204 m
episode=1439 steps=06 success=1 return=  -5.184 final_d=0.0374 m min_d=0.0374 m
episode=1440 steps=10 success=1 return=  -9.052 final_d=0.0467 m min_d=0.0467 m
episode=1441 steps=06 success=1 return=  -5.000 final_d=0.0445 m min_d=0.0445 m
episode=1442 steps=11 success=1 return= -10.491 final_d=0.0277 m min_d=0.0277 m
episode=1443 steps=01 success=1 return=   0.000 final_d=0.0388 m min_d=0.0388 m
episode=1444 steps=15 success=1 return= -17.816 final_d=0.0093 m min_d=0.0093 m
episode=1445 steps=06 success=1 return=  -5.320 final_d=0.0416 m min_d=0.0416 m
episode=1446 steps=05 success=1 return=  -5.071 final_d=0.0433 m min_d=0.0433 m
episode=1447 steps=11 success=1 return= -11.150 final_d=0.0423 m min_d=0.0423 m
episode=1448 steps=05 success=1 return=  -4.741 final_d=0.0384 m min_d=0.0384 m
episode=1449 steps=05 success=1 return=  -4.286 final_d=0.0329 m min_d=0.0329 m
episode=1450 steps=01 success=1 return=   0.000 final_d=0.0493 m min_d=0.0493 m
episode=1451 steps=05 success=1 return=  -4.000 final_d=0.0252 m min_d=0.0252 m
episode=1452 steps=14 success=1 return= -15.055 final_d=0.0390 m min_d=0.0390 m
episode=1453 steps=07 success=1 return=  -6.000 final_d=0.0152 m min_d=0.0152 m
episode=1454 steps=05 success=1 return=  -4.000 final_d=0.0217 m min_d=0.0217 m
episode=1455 steps=50 success=0 return= -51.378 final_d=0.1193 m min_d=0.1188 m
episode=1456 steps=05 success=1 return=  -4.000 final_d=0.0409 m min_d=0.0409 m
episode=1457 steps=05 success=1 return=  -4.841 final_d=0.0346 m min_d=0.0346 m
episode=1458 steps=05 success=1 return=  -4.353 final_d=0.0255 m min_d=0.0255 m
episode=1459 steps=08 success=1 return=  -7.967 final_d=0.0466 m min_d=0.0466 m
episode=1460 steps=50 success=0 return= -50.000 final_d=0.0536 m min_d=0.0532 m
episode=1461 steps=01 success=1 return=   0.000 final_d=0.0442 m min_d=0.0442 m
episode=1462 steps=10 success=1 return= -10.752 final_d=0.0440 m min_d=0.0440 m
episode=1463 steps=05 success=1 return=  -4.464 final_d=0.0016 m min_d=0.0016 m
episode=1464 steps=06 success=1 return=  -5.321 final_d=0.0431 m min_d=0.0431 m
episode=1465 steps=06 success=1 return=  -5.000 final_d=0.0476 m min_d=0.0476 m
episode=1466 steps=05 success=1 return=  -4.000 final_d=0.0441 m min_d=0.0441 m
episode=1467 steps=04 success=1 return=  -3.000 final_d=0.0230 m min_d=0.0230 m
episode=1468 steps=05 success=1 return=  -4.091 final_d=0.0408 m min_d=0.0408 m
episode=1469 steps=10 success=1 return= -10.608 final_d=0.0324 m min_d=0.0324 m
episode=1470 steps=01 success=1 return=   0.000 final_d=0.0245 m min_d=0.0245 m
episode=1471 steps=12 success=1 return= -12.486 final_d=0.0256 m min_d=0.0256 m
episode=1472 steps=05 success=1 return=  -5.067 final_d=0.0352 m min_d=0.0352 m
episode=1473 steps=01 success=1 return=   0.000 final_d=0.0284 m min_d=0.0284 m
episode=1474 steps=05 success=1 return=  -4.819 final_d=0.0238 m min_d=0.0238 m
episode=1475 steps=05 success=1 return=  -4.000 final_d=0.0368 m min_d=0.0368 m
episode=1476 steps=07 success=1 return=  -7.098 final_d=0.0104 m min_d=0.0104 m
episode=1477 steps=05 success=1 return=  -4.128 final_d=0.0145 m min_d=0.0145 m
episode=1478 steps=01 success=1 return=   0.000 final_d=0.0404 m min_d=0.0404 m
episode=1479 steps=04 success=1 return=  -3.000 final_d=0.0473 m min_d=0.0473 m
episode=1480 steps=50 success=0 return= -53.352 final_d=0.0861 m min_d=0.0636 m
episode=1481 steps=05 success=1 return=  -4.012 final_d=0.0241 m min_d=0.0241 m
episode=1482 steps=05 success=1 return=  -4.000 final_d=0.0233 m min_d=0.0233 m
episode=1483 steps=07 success=1 return=  -7.861 final_d=0.0356 m min_d=0.0356 m
episode=1484 steps=09 success=1 return=  -9.350 final_d=0.0410 m min_d=0.0410 m
episode=1485 steps=06 success=1 return=  -5.000 final_d=0.0365 m min_d=0.0365 m
episode=1486 steps=09 success=1 return=  -9.700 final_d=0.0273 m min_d=0.0273 m
episode=1487 steps=09 success=1 return=  -8.547 final_d=0.0274 m min_d=0.0274 m
episode=1488 steps=07 success=1 return=  -6.667 final_d=0.0355 m min_d=0.0355 m
episode=1489 steps=09 success=1 return=  -8.837 final_d=0.0164 m min_d=0.0164 m
episode=1490 steps=04 success=1 return=  -3.000 final_d=0.0162 m min_d=0.0162 m
episode=1491 steps=05 success=1 return=  -4.087 final_d=0.0414 m min_d=0.0414 m
episode=1492 steps=08 success=1 return=  -8.003 final_d=0.0394 m min_d=0.0394 m
episode=1493 steps=05 success=1 return=  -4.000 final_d=0.0279 m min_d=0.0279 m
episode=1494 steps=09 success=1 return=  -9.766 final_d=0.0253 m min_d=0.0253 m
episode=1495 steps=04 success=1 return=  -3.000 final_d=0.0368 m min_d=0.0368 m
episode=1496 steps=01 success=1 return=   0.000 final_d=0.0061 m min_d=0.0061 m
episode=1497 steps=50 success=0 return= -50.325 final_d=0.0971 m min_d=0.0512 m
episode=1498 steps=01 success=1 return=   0.000 final_d=0.0324 m min_d=0.0324 m
episode=1499 steps=50 success=0 return= -56.157 final_d=0.1559 m min_d=0.1553 m
episode=1500 steps=05 success=1 return=  -4.490 final_d=0.0057 m min_d=0.0057 m
episode=1501 steps=08 success=1 return=  -8.392 final_d=0.0229 m min_d=0.0229 m
episode=1502 steps=11 success=1 return= -11.612 final_d=0.0247 m min_d=0.0247 m
episode=1503 steps=17 success=1 return= -18.608 final_d=0.0231 m min_d=0.0231 m
episode=1504 steps=05 success=1 return=  -4.000 final_d=0.0412 m min_d=0.0412 m
episode=1505 steps=05 success=1 return=  -4.918 final_d=0.0405 m min_d=0.0405 m
episode=1506 steps=07 success=1 return=  -6.847 final_d=0.0463 m min_d=0.0463 m
episode=1507 steps=05 success=1 return=  -4.244 final_d=0.0296 m min_d=0.0296 m
episode=1508 steps=06 success=1 return=  -5.301 final_d=0.0408 m min_d=0.0408 m
episode=1509 steps=04 success=1 return=  -3.000 final_d=0.0442 m min_d=0.0442 m
episode=1510 steps=05 success=1 return=  -4.000 final_d=0.0303 m min_d=0.0303 m
episode=1511 steps=04 success=1 return=  -3.000 final_d=0.0375 m min_d=0.0375 m
episode=1512 steps=04 success=1 return=  -3.000 final_d=0.0311 m min_d=0.0311 m
episode=1513 steps=08 success=1 return=  -8.248 final_d=0.0495 m min_d=0.0495 m
episode=1514 steps=09 success=1 return=  -9.415 final_d=0.0322 m min_d=0.0322 m
episode=1515 steps=04 success=1 return=  -3.000 final_d=0.0288 m min_d=0.0288 m
episode=1516 steps=11 success=1 return= -11.889 final_d=0.0175 m min_d=0.0175 m
episode=1517 steps=05 success=1 return=  -4.123 final_d=0.0312 m min_d=0.0312 m
episode=1518 steps=05 success=1 return=  -4.367 final_d=0.0164 m min_d=0.0164 m
episode=1519 steps=17 success=1 return= -20.391 final_d=0.0378 m min_d=0.0378 m
episode=1520 steps=07 success=1 return=  -6.000 final_d=0.0464 m min_d=0.0464 m
episode=1521 steps=06 success=1 return=  -5.446 final_d=0.0304 m min_d=0.0304 m
episode=1522 steps=04 success=1 return=  -3.000 final_d=0.0400 m min_d=0.0400 m
episode=1523 steps=05 success=1 return=  -4.220 final_d=0.0355 m min_d=0.0355 m
episode=1524 steps=07 success=1 return=  -7.652 final_d=0.0288 m min_d=0.0288 m
episode=1525 steps=07 success=1 return=  -6.241 final_d=0.0145 m min_d=0.0145 m
episode=1526 steps=07 success=1 return=  -6.676 final_d=0.0326 m min_d=0.0326 m
episode=1527 steps=06 success=1 return=  -5.967 final_d=0.0478 m min_d=0.0478 m
episode=1528 steps=09 success=1 return=  -8.758 final_d=0.0408 m min_d=0.0408 m
episode=1529 steps=04 success=1 return=  -3.000 final_d=0.0357 m min_d=0.0357 m
episode=1530 steps=50 success=0 return= -50.282 final_d=0.1072 m min_d=0.0563 m
episode=1531 steps=50 success=0 return= -50.669 final_d=0.0808 m min_d=0.0523 m
episode=1532 steps=04 success=1 return=  -3.000 final_d=0.0400 m min_d=0.0400 m
episode=1533 steps=07 success=1 return=  -6.806 final_d=0.0439 m min_d=0.0439 m
episode=1534 steps=09 success=1 return=  -9.478 final_d=0.0427 m min_d=0.0427 m
episode=1535 steps=01 success=1 return=   0.000 final_d=0.0335 m min_d=0.0335 m
episode=1536 steps=12 success=1 return= -11.576 final_d=0.0260 m min_d=0.0260 m
episode=1537 steps=05 success=1 return=  -4.229 final_d=0.0379 m min_d=0.0379 m
episode=1538 steps=05 success=1 return=  -4.146 final_d=0.0224 m min_d=0.0224 m
episode=1539 steps=05 success=1 return=  -4.601 final_d=0.0143 m min_d=0.0143 m
episode=1540 steps=01 success=1 return=   0.000 final_d=0.0419 m min_d=0.0419 m
episode=1541 steps=05 success=1 return=  -4.000 final_d=0.0216 m min_d=0.0216 m
episode=1542 steps=14 success=1 return= -13.563 final_d=0.0302 m min_d=0.0302 m
episode=1543 steps=07 success=1 return=  -6.539 final_d=0.0251 m min_d=0.0251 m
episode=1544 steps=10 success=1 return= -10.596 final_d=0.0382 m min_d=0.0382 m
episode=1545 steps=50 success=0 return= -50.187 final_d=0.0880 m min_d=0.0875 m
episode=1546 steps=07 success=1 return=  -6.748 final_d=0.0460 m min_d=0.0460 m
episode=1547 steps=22 success=1 return= -24.669 final_d=0.0199 m min_d=0.0199 m
episode=1548 steps=05 success=1 return=  -4.000 final_d=0.0056 m min_d=0.0056 m
episode=1549 steps=05 success=1 return=  -4.663 final_d=0.0347 m min_d=0.0347 m
episode=1550 steps=05 success=1 return=  -4.000 final_d=0.0183 m min_d=0.0183 m
episode=1551 steps=50 success=0 return= -50.000 final_d=0.0526 m min_d=0.0526 m
episode=1552 steps=06 success=1 return=  -5.000 final_d=0.0472 m min_d=0.0472 m
episode=1553 steps=04 success=1 return=  -3.000 final_d=0.0427 m min_d=0.0427 m
episode=1554 steps=09 success=1 return=  -9.128 final_d=0.0174 m min_d=0.0174 m
episode=1555 steps=38 success=1 return= -48.637 final_d=0.0499 m min_d=0.0499 m
episode=1556 steps=08 success=1 return=  -8.320 final_d=0.0199 m min_d=0.0199 m
episode=1557 steps=06 success=1 return=  -5.000 final_d=0.0323 m min_d=0.0323 m
episode=1558 steps=08 success=1 return=  -7.963 final_d=0.0310 m min_d=0.0310 m
episode=1559 steps=07 success=1 return=  -6.549 final_d=0.0385 m min_d=0.0385 m
episode=1560 steps=15 success=1 return= -15.464 final_d=0.0457 m min_d=0.0457 m
episode=1561 steps=08 success=1 return=  -7.888 final_d=0.0375 m min_d=0.0375 m
episode=1562 steps=01 success=1 return=   0.000 final_d=0.0142 m min_d=0.0142 m
episode=1563 steps=04 success=1 return=  -3.000 final_d=0.0397 m min_d=0.0397 m
episode=1564 steps=05 success=1 return=  -4.363 final_d=0.0491 m min_d=0.0491 m
episode=1565 steps=05 success=1 return=  -4.750 final_d=0.0310 m min_d=0.0310 m
episode=1566 steps=50 success=0 return= -50.284 final_d=0.0641 m min_d=0.0640 m
episode=1567 steps=04 success=1 return=  -3.000 final_d=0.0097 m min_d=0.0097 m
episode=1568 steps=06 success=1 return=  -5.621 final_d=0.0422 m min_d=0.0422 m
episode=1569 steps=09 success=1 return=  -9.322 final_d=0.0456 m min_d=0.0456 m
episode=1570 steps=05 success=1 return=  -4.000 final_d=0.0255 m min_d=0.0255 m
episode=1571 steps=10 success=1 return=  -9.042 final_d=0.0380 m min_d=0.0380 m
episode=1572 steps=50 success=0 return= -50.716 final_d=0.0638 m min_d=0.0638 m
episode=1573 steps=01 success=1 return=   0.000 final_d=0.0166 m min_d=0.0166 m
episode=1574 steps=10 success=1 return=  -9.156 final_d=0.0394 m min_d=0.0394 m
episode=1575 steps=15 success=1 return= -15.097 final_d=0.0293 m min_d=0.0293 m
episode=1576 steps=06 success=1 return=  -5.523 final_d=0.0221 m min_d=0.0221 m
episode=1577 steps=05 success=1 return=  -4.000 final_d=0.0335 m min_d=0.0335 m
episode=1578 steps=08 success=1 return=  -8.274 final_d=0.0485 m min_d=0.0485 m
episode=1579 steps=31 success=1 return= -30.327 final_d=0.0488 m min_d=0.0488 m
episode=1580 steps=05 success=1 return=  -4.200 final_d=0.0340 m min_d=0.0340 m
episode=1581 steps=11 success=1 return= -11.147 final_d=0.0139 m min_d=0.0139 m
episode=1582 steps=11 success=1 return= -12.666 final_d=0.0327 m min_d=0.0327 m
episode=1583 steps=50 success=0 return= -51.734 final_d=0.0528 m min_d=0.0528 m
episode=1584 steps=50 success=0 return= -52.018 final_d=0.0918 m min_d=0.0917 m
episode=1585 steps=09 success=1 return= -10.415 final_d=0.0232 m min_d=0.0232 m
episode=1586 steps=05 success=1 return=  -4.000 final_d=0.0282 m min_d=0.0282 m
episode=1587 steps=05 success=1 return=  -4.144 final_d=0.0077 m min_d=0.0077 m
episode=1588 steps=06 success=1 return=  -5.000 final_d=0.0287 m min_d=0.0287 m
episode=1589 steps=08 success=1 return=  -8.224 final_d=0.0431 m min_d=0.0431 m
episode=1590 steps=05 success=1 return=  -4.977 final_d=0.0192 m min_d=0.0192 m
episode=1591 steps=06 success=1 return=  -5.157 final_d=0.0484 m min_d=0.0484 m
episode=1592 steps=05 success=1 return=  -4.000 final_d=0.0281 m min_d=0.0281 m
episode=1593 steps=13 success=1 return= -12.788 final_d=0.0244 m min_d=0.0244 m
episode=1594 steps=06 success=1 return=  -5.379 final_d=0.0154 m min_d=0.0154 m
episode=1595 steps=05 success=1 return=  -4.000 final_d=0.0211 m min_d=0.0211 m
episode=1596 steps=14 success=1 return= -16.170 final_d=0.0245 m min_d=0.0245 m
episode=1597 steps=05 success=1 return=  -4.000 final_d=0.0317 m min_d=0.0317 m
episode=1598 steps=10 success=1 return= -10.717 final_d=0.0144 m min_d=0.0144 m
episode=1599 steps=01 success=1 return=   0.000 final_d=0.0241 m min_d=0.0241 m
episode=1600 steps=04 success=1 return=  -3.000 final_d=0.0421 m min_d=0.0421 m
episode=1601 steps=12 success=1 return= -13.533 final_d=0.0417 m min_d=0.0417 m
episode=1602 steps=04 success=1 return=  -3.000 final_d=0.0438 m min_d=0.0438 m
episode=1603 steps=08 success=1 return=  -8.025 final_d=0.0423 m min_d=0.0423 m
episode=1604 steps=50 success=0 return= -53.519 final_d=0.1394 m min_d=0.0945 m
episode=1605 steps=01 success=1 return=   0.000 final_d=0.0288 m min_d=0.0288 m
episode=1606 steps=40 success=1 return= -39.000 final_d=0.0498 m min_d=0.0498 m
episode=1607 steps=05 success=1 return=  -4.000 final_d=0.0232 m min_d=0.0232 m
episode=1608 steps=04 success=1 return=  -3.000 final_d=0.0374 m min_d=0.0374 m
episode=1609 steps=06 success=1 return=  -5.184 final_d=0.0246 m min_d=0.0246 m
episode=1610 steps=05 success=1 return=  -4.601 final_d=0.0257 m min_d=0.0257 m
episode=1611 steps=09 success=1 return= -10.360 final_d=0.0243 m min_d=0.0243 m
episode=1612 steps=07 success=1 return=  -7.051 final_d=0.0497 m min_d=0.0497 m
episode=1613 steps=19 success=1 return= -19.281 final_d=0.0307 m min_d=0.0307 m
episode=1614 steps=09 success=1 return=  -9.138 final_d=0.0493 m min_d=0.0493 m
episode=1615 steps=04 success=1 return=  -3.000 final_d=0.0312 m min_d=0.0312 m
episode=1616 steps=10 success=1 return= -11.104 final_d=0.0379 m min_d=0.0379 m
episode=1617 steps=04 success=1 return=  -3.000 final_d=0.0353 m min_d=0.0353 m
episode=1618 steps=09 success=1 return=  -9.366 final_d=0.0117 m min_d=0.0117 m
episode=1619 steps=06 success=1 return=  -5.039 final_d=0.0265 m min_d=0.0265 m
episode=1620 steps=07 success=1 return=  -6.940 final_d=0.0425 m min_d=0.0425 m
episode=1621 steps=06 success=1 return=  -5.385 final_d=0.0438 m min_d=0.0438 m
episode=1622 steps=04 success=1 return=  -3.000 final_d=0.0399 m min_d=0.0399 m
episode=1623 steps=50 success=0 return= -50.867 final_d=0.0871 m min_d=0.0571 m
episode=1624 steps=08 success=1 return=  -7.816 final_d=0.0486 m min_d=0.0486 m
episode=1625 steps=05 success=1 return=  -4.000 final_d=0.0414 m min_d=0.0414 m
episode=1626 steps=08 success=1 return=  -8.386 final_d=0.0208 m min_d=0.0208 m
episode=1627 steps=05 success=1 return=  -4.412 final_d=0.0299 m min_d=0.0299 m
episode=1628 steps=05 success=1 return=  -4.218 final_d=0.0155 m min_d=0.0155 m
episode=1629 steps=14 success=1 return= -13.528 final_d=0.0322 m min_d=0.0322 m
episode=1630 steps=05 success=1 return=  -4.000 final_d=0.0182 m min_d=0.0182 m
episode=1631 steps=08 success=1 return=  -7.986 final_d=0.0383 m min_d=0.0383 m
episode=1632 steps=05 success=1 return=  -4.733 final_d=0.0399 m min_d=0.0399 m
episode=1633 steps=50 success=0 return= -50.053 final_d=0.0512 m min_d=0.0512 m
episode=1634 steps=05 success=1 return=  -4.000 final_d=0.0138 m min_d=0.0138 m
episode=1635 steps=10 success=1 return= -10.898 final_d=0.0107 m min_d=0.0107 m
episode=1636 steps=50 success=0 return= -64.966 final_d=0.2861 m min_d=0.0526 m
episode=1637 steps=50 success=0 return= -50.556 final_d=0.0692 m min_d=0.0689 m
episode=1638 steps=13 success=1 return= -13.206 final_d=0.0261 m min_d=0.0261 m
episode=1639 steps=05 success=1 return=  -4.352 final_d=0.0263 m min_d=0.0263 m
episode=1640 steps=10 success=1 return=  -9.258 final_d=0.0327 m min_d=0.0327 m
episode=1641 steps=10 success=1 return= -10.879 final_d=0.0021 m min_d=0.0021 m
episode=1642 steps=05 success=1 return=  -4.000 final_d=0.0490 m min_d=0.0490 m
episode=1643 steps=05 success=1 return=  -4.000 final_d=0.0386 m min_d=0.0386 m
episode=1644 steps=05 success=1 return=  -4.830 final_d=0.0357 m min_d=0.0357 m
episode=1645 steps=07 success=1 return=  -6.288 final_d=0.0319 m min_d=0.0319 m
episode=1646 steps=09 success=1 return=  -8.725 final_d=0.0066 m min_d=0.0066 m
episode=1647 steps=12 success=1 return= -13.101 final_d=0.0462 m min_d=0.0462 m
episode=1648 steps=50 success=0 return= -50.995 final_d=0.0923 m min_d=0.0791 m
episode=1649 steps=05 success=1 return=  -4.000 final_d=0.0383 m min_d=0.0383 m
episode=1650 steps=05 success=1 return=  -4.000 final_d=0.0283 m min_d=0.0283 m
episode=1651 steps=50 success=0 return= -50.179 final_d=0.0752 m min_d=0.0748 m
episode=1652 steps=01 success=1 return=   0.000 final_d=0.0429 m min_d=0.0429 m
episode=1653 steps=06 success=1 return=  -6.617 final_d=0.0444 m min_d=0.0444 m
episode=1654 steps=06 success=1 return=  -5.196 final_d=0.0413 m min_d=0.0413 m
episode=1655 steps=05 success=1 return=  -4.859 final_d=0.0406 m min_d=0.0406 m
episode=1656 steps=06 success=1 return=  -5.678 final_d=0.0371 m min_d=0.0371 m
episode=1657 steps=50 success=0 return= -50.748 final_d=0.0905 m min_d=0.0620 m
episode=1658 steps=05 success=1 return=  -4.000 final_d=0.0358 m min_d=0.0358 m
episode=1659 steps=08 success=1 return=  -8.359 final_d=0.0222 m min_d=0.0222 m
episode=1660 steps=05 success=1 return=  -4.000 final_d=0.0457 m min_d=0.0457 m
episode=1661 steps=07 success=1 return=  -6.000 final_d=0.0386 m min_d=0.0386 m
episode=1662 steps=01 success=1 return=   0.000 final_d=0.0475 m min_d=0.0475 m
episode=1663 steps=08 success=1 return=  -7.362 final_d=0.0359 m min_d=0.0359 m
episode=1664 steps=07 success=1 return=  -6.850 final_d=0.0435 m min_d=0.0435 m
episode=1665 steps=05 success=1 return=  -4.000 final_d=0.0323 m min_d=0.0323 m
episode=1666 steps=09 success=1 return=  -8.279 final_d=0.0325 m min_d=0.0325 m
episode=1667 steps=04 success=1 return=  -3.000 final_d=0.0118 m min_d=0.0118 m
episode=1668 steps=05 success=1 return=  -4.000 final_d=0.0321 m min_d=0.0321 m
episode=1669 steps=15 success=1 return= -17.670 final_d=0.0302 m min_d=0.0302 m
episode=1670 steps=13 success=1 return= -13.825 final_d=0.0474 m min_d=0.0474 m
episode=1671 steps=06 success=1 return=  -5.000 final_d=0.0429 m min_d=0.0429 m
episode=1672 steps=05 success=1 return=  -4.181 final_d=0.0423 m min_d=0.0423 m
episode=1673 steps=07 success=1 return=  -6.015 final_d=0.0303 m min_d=0.0303 m
episode=1674 steps=05 success=1 return=  -4.000 final_d=0.0356 m min_d=0.0356 m
episode=1675 steps=08 success=1 return=  -7.731 final_d=0.0406 m min_d=0.0406 m
episode=1676 steps=04 success=1 return=  -3.000 final_d=0.0434 m min_d=0.0434 m
episode=1677 steps=10 success=1 return= -11.732 final_d=0.0219 m min_d=0.0219 m
episode=1678 steps=05 success=1 return=  -4.000 final_d=0.0236 m min_d=0.0236 m
episode=1679 steps=09 success=1 return=  -9.561 final_d=0.0335 m min_d=0.0335 m
episode=1680 steps=50 success=0 return= -50.000 final_d=0.0612 m min_d=0.0611 m
episode=1681 steps=09 success=1 return=  -8.000 final_d=0.0232 m min_d=0.0232 m
episode=1682 steps=06 success=1 return=  -5.814 final_d=0.0100 m min_d=0.0100 m
episode=1683 steps=50 success=0 return= -56.770 final_d=0.1560 m min_d=0.1560 m
episode=1684 steps=05 success=1 return=  -4.107 final_d=0.0237 m min_d=0.0237 m
episode=1685 steps=10 success=1 return=  -9.788 final_d=0.0383 m min_d=0.0383 m
episode=1686 steps=01 success=1 return=   0.000 final_d=0.0452 m min_d=0.0452 m
episode=1687 steps=50 success=0 return= -50.000 final_d=0.0861 m min_d=0.0616 m
episode=1688 steps=14 success=1 return= -15.963 final_d=0.0289 m min_d=0.0289 m
episode=1689 steps=08 success=1 return=  -8.034 final_d=0.0220 m min_d=0.0220 m
episode=1690 steps=07 success=1 return=  -6.943 final_d=0.0448 m min_d=0.0448 m
episode=1691 steps=50 success=0 return= -51.370 final_d=0.0652 m min_d=0.0652 m
episode=1692 steps=05 success=1 return=  -4.802 final_d=0.0394 m min_d=0.0394 m
episode=1693 steps=50 success=0 return= -50.000 final_d=0.0857 m min_d=0.0586 m
episode=1694 steps=07 success=1 return=  -6.490 final_d=0.0213 m min_d=0.0213 m
episode=1695 steps=04 success=1 return=  -3.000 final_d=0.0078 m min_d=0.0078 m
episode=1696 steps=01 success=1 return=   0.000 final_d=0.0455 m min_d=0.0455 m
episode=1697 steps=06 success=1 return=  -5.414 final_d=0.0486 m min_d=0.0486 m
episode=1698 steps=11 success=1 return= -11.764 final_d=0.0140 m min_d=0.0140 m
episode=1699 steps=08 success=1 return=  -7.841 final_d=0.0406 m min_d=0.0406 m
episode=1700 steps=06 success=1 return=  -5.000 final_d=0.0198 m min_d=0.0198 m
episode=1701 steps=50 success=0 return= -51.156 final_d=0.0926 m min_d=0.0635 m
episode=1702 steps=07 success=1 return=  -6.702 final_d=0.0255 m min_d=0.0255 m
episode=1703 steps=06 success=1 return=  -5.370 final_d=0.0428 m min_d=0.0428 m
episode=1704 steps=09 success=1 return=  -8.000 final_d=0.0480 m min_d=0.0480 m
episode=1705 steps=06 success=1 return=  -5.625 final_d=0.0321 m min_d=0.0321 m
episode=1706 steps=01 success=1 return=   0.000 final_d=0.0386 m min_d=0.0386 m
episode=1707 steps=50 success=0 return= -50.258 final_d=0.0925 m min_d=0.0638 m
episode=1708 steps=05 success=1 return=  -4.000 final_d=0.0183 m min_d=0.0183 m
episode=1709 steps=06 success=1 return=  -5.000 final_d=0.0341 m min_d=0.0341 m
episode=1710 steps=08 success=1 return=  -8.390 final_d=0.0338 m min_d=0.0338 m
episode=1711 steps=08 success=1 return=  -7.000 final_d=0.0424 m min_d=0.0424 m
episode=1712 steps=14 success=1 return= -13.667 final_d=0.0417 m min_d=0.0417 m
episode=1713 steps=08 success=1 return=  -7.342 final_d=0.0327 m min_d=0.0327 m
episode=1714 steps=05 success=1 return=  -4.718 final_d=0.0397 m min_d=0.0397 m
episode=1715 steps=05 success=1 return=  -4.000 final_d=0.0367 m min_d=0.0367 m
episode=1716 steps=07 success=1 return=  -6.000 final_d=0.0456 m min_d=0.0456 m
episode=1717 steps=50 success=0 return= -50.000 final_d=0.0918 m min_d=0.0799 m
episode=1718 steps=07 success=1 return=  -6.647 final_d=0.0331 m min_d=0.0331 m
episode=1719 steps=01 success=1 return=   0.000 final_d=0.0368 m min_d=0.0368 m
episode=1720 steps=06 success=1 return=  -5.000 final_d=0.0416 m min_d=0.0416 m
episode=1721 steps=01 success=1 return=   0.000 final_d=0.0283 m min_d=0.0283 m
episode=1722 steps=05 success=1 return=  -4.000 final_d=0.0457 m min_d=0.0457 m
episode=1723 steps=50 success=0 return= -50.809 final_d=0.0935 m min_d=0.0726 m
episode=1724 steps=04 success=1 return=  -3.000 final_d=0.0411 m min_d=0.0411 m
episode=1725 steps=01 success=1 return=   0.000 final_d=0.0385 m min_d=0.0385 m
episode=1726 steps=08 success=1 return=  -9.484 final_d=0.0451 m min_d=0.0451 m
episode=1727 steps=10 success=1 return= -11.669 final_d=0.0301 m min_d=0.0301 m
episode=1728 steps=09 success=1 return= -10.202 final_d=0.0113 m min_d=0.0113 m
episode=1729 steps=01 success=1 return=   0.000 final_d=0.0291 m min_d=0.0291 m
episode=1730 steps=06 success=1 return=  -5.115 final_d=0.0064 m min_d=0.0064 m
episode=1731 steps=09 success=1 return=  -9.631 final_d=0.0482 m min_d=0.0482 m
episode=1732 steps=06 success=1 return=  -5.000 final_d=0.0383 m min_d=0.0383 m
episode=1733 steps=05 success=1 return=  -4.376 final_d=0.0458 m min_d=0.0458 m
episode=1734 steps=05 success=1 return=  -4.871 final_d=0.0475 m min_d=0.0475 m
episode=1735 steps=50 success=0 return= -50.551 final_d=0.1147 m min_d=0.1142 m
episode=1736 steps=09 success=1 return=  -9.909 final_d=0.0382 m min_d=0.0382 m
episode=1737 steps=08 success=1 return=  -7.552 final_d=0.0494 m min_d=0.0494 m
episode=1738 steps=09 success=1 return= -10.371 final_d=0.0432 m min_d=0.0432 m
episode=1739 steps=04 success=1 return=  -3.000 final_d=0.0476 m min_d=0.0476 m
episode=1740 steps=06 success=1 return=  -5.335 final_d=0.0295 m min_d=0.0295 m
episode=1741 steps=10 success=1 return= -11.378 final_d=0.0423 m min_d=0.0423 m
episode=1742 steps=09 success=1 return=  -9.747 final_d=0.0076 m min_d=0.0076 m
episode=1743 steps=08 success=1 return=  -7.811 final_d=0.0382 m min_d=0.0382 m
episode=1744 steps=50 success=0 return= -54.751 final_d=0.1309 m min_d=0.1165 m
episode=1745 steps=16 success=1 return= -18.689 final_d=0.0245 m min_d=0.0245 m
episode=1746 steps=07 success=1 return=  -6.441 final_d=0.0407 m min_d=0.0407 m
episode=1747 steps=07 success=1 return=  -7.083 final_d=0.0465 m min_d=0.0465 m
episode=1748 steps=08 success=1 return=  -7.963 final_d=0.0076 m min_d=0.0076 m
episode=1749 steps=05 success=1 return=  -4.096 final_d=0.0414 m min_d=0.0414 m
episode=1750 steps=01 success=1 return=   0.000 final_d=0.0332 m min_d=0.0332 m
episode=1751 steps=14 success=1 return= -16.042 final_d=0.0486 m min_d=0.0486 m
episode=1752 steps=05 success=1 return=  -4.961 final_d=0.0467 m min_d=0.0467 m
episode=1753 steps=06 success=1 return=  -5.014 final_d=0.0083 m min_d=0.0083 m
episode=1754 steps=09 success=1 return=  -9.566 final_d=0.0260 m min_d=0.0260 m
episode=1755 steps=05 success=1 return=  -4.000 final_d=0.0171 m min_d=0.0171 m
episode=1756 steps=01 success=1 return=   0.000 final_d=0.0402 m min_d=0.0402 m
episode=1757 steps=10 success=1 return=  -9.000 final_d=0.0473 m min_d=0.0473 m
episode=1758 steps=05 success=1 return=  -4.323 final_d=0.0227 m min_d=0.0227 m
episode=1759 steps=01 success=1 return=   0.000 final_d=0.0390 m min_d=0.0390 m
episode=1760 steps=04 success=1 return=  -3.000 final_d=0.0423 m min_d=0.0423 m
episode=1761 steps=05 success=1 return=  -4.000 final_d=0.0194 m min_d=0.0194 m
episode=1762 steps=09 success=1 return=  -9.418 final_d=0.0311 m min_d=0.0311 m
episode=1763 steps=06 success=1 return=  -5.953 final_d=0.0430 m min_d=0.0430 m
episode=1764 steps=11 success=1 return= -12.246 final_d=0.0342 m min_d=0.0342 m
episode=1765 steps=09 success=1 return=  -9.507 final_d=0.0198 m min_d=0.0198 m
episode=1766 steps=50 success=0 return= -50.682 final_d=0.0913 m min_d=0.0557 m
episode=1767 steps=05 success=1 return=  -4.000 final_d=0.0265 m min_d=0.0265 m
episode=1768 steps=05 success=1 return=  -4.000 final_d=0.0228 m min_d=0.0228 m
episode=1769 steps=05 success=1 return=  -4.230 final_d=0.0286 m min_d=0.0286 m
episode=1770 steps=05 success=1 return=  -4.000 final_d=0.0252 m min_d=0.0252 m
episode=1771 steps=01 success=1 return=   0.000 final_d=0.0461 m min_d=0.0461 m
episode=1772 steps=06 success=1 return=  -5.000 final_d=0.0444 m min_d=0.0444 m
episode=1773 steps=50 success=0 return= -50.943 final_d=0.1035 m min_d=0.1030 m
episode=1774 steps=06 success=1 return=  -5.302 final_d=0.0395 m min_d=0.0395 m
episode=1775 steps=07 success=1 return=  -6.349 final_d=0.0356 m min_d=0.0356 m
episode=1776 steps=05 success=1 return=  -4.047 final_d=0.0107 m min_d=0.0107 m
episode=1777 steps=06 success=1 return=  -5.000 final_d=0.0412 m min_d=0.0412 m
episode=1778 steps=05 success=1 return=  -4.000 final_d=0.0433 m min_d=0.0433 m
episode=1779 steps=10 success=1 return= -10.671 final_d=0.0239 m min_d=0.0239 m
episode=1780 steps=07 success=1 return=  -6.867 final_d=0.0432 m min_d=0.0432 m
episode=1781 steps=50 success=0 return= -50.865 final_d=0.0821 m min_d=0.0821 m
episode=1782 steps=08 success=1 return=  -7.994 final_d=0.0327 m min_d=0.0327 m
episode=1783 steps=41 success=1 return= -50.880 final_d=0.0172 m min_d=0.0172 m
episode=1784 steps=05 success=1 return=  -4.052 final_d=0.0018 m min_d=0.0018 m
episode=1785 steps=05 success=1 return=  -4.000 final_d=0.0421 m min_d=0.0421 m
episode=1786 steps=13 success=1 return= -12.000 final_d=0.0462 m min_d=0.0462 m
episode=1787 steps=01 success=1 return=   0.000 final_d=0.0333 m min_d=0.0333 m
episode=1788 steps=06 success=1 return=  -5.450 final_d=0.0407 m min_d=0.0407 m
episode=1789 steps=05 success=1 return=  -4.039 final_d=0.0385 m min_d=0.0385 m
episode=1790 steps=05 success=1 return=  -4.000 final_d=0.0431 m min_d=0.0431 m
episode=1791 steps=05 success=1 return=  -4.347 final_d=0.0396 m min_d=0.0396 m
episode=1792 steps=04 success=1 return=  -3.000 final_d=0.0377 m min_d=0.0377 m
episode=1793 steps=12 success=1 return= -11.423 final_d=0.0307 m min_d=0.0307 m
episode=1794 steps=01 success=1 return=   0.000 final_d=0.0295 m min_d=0.0295 m
episode=1795 steps=05 success=1 return=  -4.131 final_d=0.0424 m min_d=0.0424 m
episode=1796 steps=05 success=1 return=  -4.429 final_d=0.0082 m min_d=0.0082 m
episode=1797 steps=07 success=1 return=  -6.196 final_d=0.0107 m min_d=0.0107 m
episode=1798 steps=05 success=1 return=  -4.325 final_d=0.0233 m min_d=0.0233 m
episode=1799 steps=05 success=1 return=  -4.544 final_d=0.0439 m min_d=0.0439 m
episode=1800 steps=08 success=1 return=  -8.017 final_d=0.0325 m min_d=0.0325 m
episode=1801 steps=04 success=1 return=  -3.000 final_d=0.0423 m min_d=0.0423 m
episode=1802 steps=17 success=1 return= -16.981 final_d=0.0179 m min_d=0.0179 m
episode=1803 steps=50 success=0 return= -50.000 final_d=0.0683 m min_d=0.0683 m
episode=1804 steps=05 success=1 return=  -4.000 final_d=0.0285 m min_d=0.0285 m
episode=1805 steps=05 success=1 return=  -4.000 final_d=0.0308 m min_d=0.0308 m
episode=1806 steps=05 success=1 return=  -4.000 final_d=0.0437 m min_d=0.0437 m
episode=1807 steps=01 success=1 return=   0.000 final_d=0.0070 m min_d=0.0070 m
episode=1808 steps=06 success=1 return=  -5.000 final_d=0.0299 m min_d=0.0299 m
episode=1809 steps=06 success=1 return=  -6.344 final_d=0.0498 m min_d=0.0498 m
episode=1810 steps=01 success=1 return=   0.000 final_d=0.0416 m min_d=0.0416 m
episode=1811 steps=05 success=1 return=  -4.000 final_d=0.0339 m min_d=0.0339 m
episode=1812 steps=08 success=1 return=  -7.849 final_d=0.0162 m min_d=0.0162 m
episode=1813 steps=09 success=1 return=  -9.487 final_d=0.0322 m min_d=0.0322 m
episode=1814 steps=50 success=0 return= -50.578 final_d=0.0666 m min_d=0.0661 m
episode=1815 steps=05 success=1 return=  -4.447 final_d=0.0298 m min_d=0.0298 m
episode=1816 steps=50 success=0 return= -50.000 final_d=0.0620 m min_d=0.0617 m
episode=1817 steps=05 success=1 return=  -4.100 final_d=0.0399 m min_d=0.0399 m
episode=1818 steps=04 success=1 return=  -3.000 final_d=0.0404 m min_d=0.0404 m
episode=1819 steps=07 success=1 return=  -6.931 final_d=0.0306 m min_d=0.0306 m
episode=1820 steps=05 success=1 return=  -4.019 final_d=0.0381 m min_d=0.0381 m
episode=1821 steps=07 success=1 return=  -6.671 final_d=0.0381 m min_d=0.0381 m
episode=1822 steps=09 success=1 return=  -9.443 final_d=0.0107 m min_d=0.0107 m
episode=1823 steps=08 success=1 return=  -7.860 final_d=0.0485 m min_d=0.0485 m
episode=1824 steps=06 success=1 return=  -5.313 final_d=0.0252 m min_d=0.0252 m
episode=1825 steps=05 success=1 return=  -4.000 final_d=0.0490 m min_d=0.0490 m
episode=1826 steps=05 success=1 return=  -4.000 final_d=0.0203 m min_d=0.0203 m
episode=1827 steps=06 success=1 return=  -5.190 final_d=0.0333 m min_d=0.0333 m
episode=1828 steps=10 success=1 return= -11.181 final_d=0.0252 m min_d=0.0252 m
episode=1829 steps=07 success=1 return=  -6.813 final_d=0.0391 m min_d=0.0391 m
episode=1830 steps=07 success=1 return=  -6.657 final_d=0.0329 m min_d=0.0329 m
episode=1831 steps=10 success=1 return=  -9.000 final_d=0.0194 m min_d=0.0194 m
episode=1832 steps=10 success=1 return= -11.152 final_d=0.0326 m min_d=0.0326 m
episode=1833 steps=08 success=1 return=  -8.042 final_d=0.0364 m min_d=0.0364 m
episode=1834 steps=07 success=1 return=  -6.772 final_d=0.0282 m min_d=0.0282 m
episode=1835 steps=07 success=1 return=  -6.630 final_d=0.0363 m min_d=0.0363 m
episode=1836 steps=16 success=1 return= -17.835 final_d=0.0090 m min_d=0.0090 m
episode=1837 steps=05 success=1 return=  -4.000 final_d=0.0184 m min_d=0.0184 m
episode=1838 steps=09 success=1 return=  -9.055 final_d=0.0151 m min_d=0.0151 m
episode=1839 steps=10 success=1 return= -10.619 final_d=0.0476 m min_d=0.0476 m
episode=1840 steps=07 success=1 return=  -7.079 final_d=0.0400 m min_d=0.0400 m
episode=1841 steps=10 success=1 return= -10.761 final_d=0.0362 m min_d=0.0362 m
episode=1842 steps=08 success=1 return=  -8.001 final_d=0.0096 m min_d=0.0096 m
episode=1843 steps=05 success=1 return=  -4.000 final_d=0.0137 m min_d=0.0137 m
episode=1844 steps=06 success=1 return=  -5.078 final_d=0.0485 m min_d=0.0485 m
episode=1845 steps=50 success=0 return= -52.270 final_d=0.0582 m min_d=0.0527 m
episode=1846 steps=05 success=1 return=  -4.000 final_d=0.0106 m min_d=0.0106 m
episode=1847 steps=09 success=1 return=  -8.000 final_d=0.0292 m min_d=0.0292 m
episode=1848 steps=50 success=0 return= -52.671 final_d=0.0786 m min_d=0.0641 m
episode=1849 steps=08 success=1 return=  -8.114 final_d=0.0217 m min_d=0.0217 m
episode=1850 steps=05 success=1 return=  -4.000 final_d=0.0444 m min_d=0.0444 m
episode=1851 steps=01 success=1 return=   0.000 final_d=0.0294 m min_d=0.0294 m
episode=1852 steps=01 success=1 return=   0.000 final_d=0.0472 m min_d=0.0472 m
episode=1853 steps=07 success=1 return=  -7.468 final_d=0.0219 m min_d=0.0219 m
episode=1854 steps=06 success=1 return=  -5.308 final_d=0.0481 m min_d=0.0481 m
episode=1855 steps=01 success=1 return=   0.000 final_d=0.0342 m min_d=0.0342 m
episode=1856 steps=11 success=1 return= -11.549 final_d=0.0481 m min_d=0.0481 m
episode=1857 steps=01 success=1 return=   0.000 final_d=0.0306 m min_d=0.0306 m
episode=1858 steps=50 success=0 return= -62.118 final_d=0.2030 m min_d=0.2029 m
episode=1859 steps=06 success=1 return=  -5.000 final_d=0.0214 m min_d=0.0214 m
episode=1860 steps=05 success=1 return=  -4.000 final_d=0.0466 m min_d=0.0466 m
episode=1861 steps=50 success=0 return= -50.869 final_d=0.0947 m min_d=0.0947 m
episode=1862 steps=07 success=1 return=  -7.885 final_d=0.0102 m min_d=0.0102 m
episode=1863 steps=05 success=1 return=  -4.653 final_d=0.0417 m min_d=0.0417 m
episode=1864 steps=01 success=1 return=   0.000 final_d=0.0235 m min_d=0.0235 m
episode=1865 steps=05 success=1 return=  -4.994 final_d=0.0317 m min_d=0.0317 m
episode=1866 steps=05 success=1 return=  -4.182 final_d=0.0064 m min_d=0.0064 m
episode=1867 steps=01 success=1 return=   0.000 final_d=0.0313 m min_d=0.0313 m
episode=1868 steps=14 success=1 return= -15.158 final_d=0.0365 m min_d=0.0365 m
episode=1869 steps=07 success=1 return=  -6.434 final_d=0.0049 m min_d=0.0049 m
episode=1870 steps=05 success=1 return=  -4.000 final_d=0.0414 m min_d=0.0414 m
episode=1871 steps=08 success=1 return=  -8.246 final_d=0.0369 m min_d=0.0369 m
episode=1872 steps=05 success=1 return=  -4.000 final_d=0.0263 m min_d=0.0263 m
episode=1873 steps=08 success=1 return=  -7.000 final_d=0.0401 m min_d=0.0401 m
episode=1874 steps=04 success=1 return=  -3.000 final_d=0.0358 m min_d=0.0358 m
episode=1875 steps=05 success=1 return=  -4.044 final_d=0.0181 m min_d=0.0181 m
episode=1876 steps=08 success=1 return=  -7.819 final_d=0.0457 m min_d=0.0457 m
episode=1877 steps=04 success=1 return=  -3.000 final_d=0.0186 m min_d=0.0186 m
episode=1878 steps=07 success=1 return=  -6.014 final_d=0.0171 m min_d=0.0171 m
episode=1879 steps=50 success=0 return= -50.284 final_d=0.1188 m min_d=0.1161 m
episode=1880 steps=01 success=1 return=   0.000 final_d=0.0222 m min_d=0.0222 m
episode=1881 steps=05 success=1 return=  -4.908 final_d=0.0410 m min_d=0.0410 m
episode=1882 steps=09 success=1 return=  -8.000 final_d=0.0376 m min_d=0.0376 m
episode=1883 steps=08 success=1 return=  -8.022 final_d=0.0280 m min_d=0.0280 m
episode=1884 steps=12 success=1 return= -12.385 final_d=0.0154 m min_d=0.0154 m
episode=1885 steps=11 success=1 return= -12.196 final_d=0.0393 m min_d=0.0393 m
episode=1886 steps=09 success=1 return=  -9.082 final_d=0.0485 m min_d=0.0485 m
episode=1887 steps=05 success=1 return=  -4.399 final_d=0.0261 m min_d=0.0261 m
episode=1888 steps=06 success=1 return=  -5.000 final_d=0.0191 m min_d=0.0191 m
episode=1889 steps=04 success=1 return=  -3.000 final_d=0.0489 m min_d=0.0489 m
episode=1890 steps=08 success=1 return=  -8.104 final_d=0.0189 m min_d=0.0189 m
episode=1891 steps=01 success=1 return=   0.000 final_d=0.0182 m min_d=0.0182 m
episode=1892 steps=05 success=1 return=  -4.458 final_d=0.0334 m min_d=0.0334 m
episode=1893 steps=08 success=1 return=  -8.396 final_d=0.0489 m min_d=0.0489 m
episode=1894 steps=12 success=1 return= -11.000 final_d=0.0470 m min_d=0.0470 m
episode=1895 steps=50 success=0 return= -51.442 final_d=0.1192 m min_d=0.1072 m
episode=1896 steps=01 success=1 return=   0.000 final_d=0.0258 m min_d=0.0258 m
episode=1897 steps=50 success=0 return= -50.775 final_d=0.0627 m min_d=0.0626 m
episode=1898 steps=50 success=0 return= -50.273 final_d=0.0991 m min_d=0.0613 m
episode=1899 steps=07 success=1 return=  -6.670 final_d=0.0500 m min_d=0.0500 m
episode=1900 steps=05 success=1 return=  -4.065 final_d=0.0392 m min_d=0.0392 m
episode=1901 steps=04 success=1 return=  -3.000 final_d=0.0408 m min_d=0.0408 m
episode=1902 steps=10 success=1 return= -10.664 final_d=0.0257 m min_d=0.0257 m
episode=1903 steps=08 success=1 return=  -8.320 final_d=0.0360 m min_d=0.0360 m
episode=1904 steps=01 success=1 return=   0.000 final_d=0.0184 m min_d=0.0184 m
episode=1905 steps=01 success=1 return=   0.000 final_d=0.0055 m min_d=0.0055 m
episode=1906 steps=04 success=1 return=  -3.000 final_d=0.0492 m min_d=0.0492 m
episode=1907 steps=50 success=0 return= -51.818 final_d=0.1077 m min_d=0.0779 m
episode=1908 steps=07 success=1 return=  -6.776 final_d=0.0369 m min_d=0.0369 m
episode=1909 steps=06 success=1 return=  -5.766 final_d=0.0336 m min_d=0.0336 m
episode=1910 steps=13 success=1 return= -14.457 final_d=0.0050 m min_d=0.0050 m
episode=1911 steps=10 success=1 return= -10.199 final_d=0.0365 m min_d=0.0365 m
episode=1912 steps=13 success=1 return= -13.014 final_d=0.0422 m min_d=0.0422 m
episode=1913 steps=05 success=1 return=  -4.000 final_d=0.0247 m min_d=0.0247 m
episode=1914 steps=05 success=1 return=  -5.029 final_d=0.0458 m min_d=0.0458 m
episode=1915 steps=01 success=1 return=   0.000 final_d=0.0211 m min_d=0.0211 m
episode=1916 steps=05 success=1 return=  -4.000 final_d=0.0406 m min_d=0.0406 m
episode=1917 steps=05 success=1 return=  -4.000 final_d=0.0028 m min_d=0.0028 m
episode=1918 steps=12 success=1 return= -11.923 final_d=0.0068 m min_d=0.0068 m
episode=1919 steps=05 success=1 return=  -4.000 final_d=0.0255 m min_d=0.0255 m
episode=1920 steps=08 success=1 return=  -7.381 final_d=0.0461 m min_d=0.0461 m
episode=1921 steps=01 success=1 return=   0.000 final_d=0.0398 m min_d=0.0398 m
episode=1922 steps=04 success=1 return=  -3.000 final_d=0.0441 m min_d=0.0441 m
episode=1923 steps=50 success=0 return= -54.212 final_d=0.1359 m min_d=0.1359 m
episode=1924 steps=11 success=1 return= -12.530 final_d=0.0342 m min_d=0.0342 m
episode=1925 steps=06 success=1 return=  -5.000 final_d=0.0321 m min_d=0.0321 m
episode=1926 steps=05 success=1 return=  -4.134 final_d=0.0346 m min_d=0.0346 m
episode=1927 steps=04 success=1 return=  -3.000 final_d=0.0089 m min_d=0.0089 m
episode=1928 steps=06 success=1 return=  -5.510 final_d=0.0099 m min_d=0.0099 m
episode=1929 steps=05 success=1 return=  -4.000 final_d=0.0335 m min_d=0.0335 m
episode=1930 steps=50 success=0 return= -52.224 final_d=0.0952 m min_d=0.0588 m
episode=1931 steps=05 success=1 return=  -4.000 final_d=0.0390 m min_d=0.0390 m
episode=1932 steps=05 success=1 return=  -4.000 final_d=0.0123 m min_d=0.0123 m
episode=1933 steps=50 success=0 return= -50.000 final_d=0.0802 m min_d=0.0511 m
episode=1934 steps=05 success=1 return=  -4.000 final_d=0.0293 m min_d=0.0293 m
episode=1935 steps=08 success=1 return=  -8.302 final_d=0.0136 m min_d=0.0136 m
episode=1936 steps=06 success=1 return=  -5.163 final_d=0.0175 m min_d=0.0175 m
episode=1937 steps=04 success=1 return=  -3.000 final_d=0.0192 m min_d=0.0192 m
episode=1938 steps=07 success=1 return=  -6.299 final_d=0.0442 m min_d=0.0442 m
episode=1939 steps=06 success=1 return=  -5.072 final_d=0.0385 m min_d=0.0385 m
episode=1940 steps=12 success=1 return= -11.000 final_d=0.0401 m min_d=0.0401 m
episode=1941 steps=05 success=1 return=  -4.385 final_d=0.0330 m min_d=0.0330 m
episode=1942 steps=05 success=1 return=  -4.882 final_d=0.0150 m min_d=0.0150 m
episode=1943 steps=04 success=1 return=  -3.000 final_d=0.0221 m min_d=0.0221 m
episode=1944 steps=06 success=1 return=  -5.067 final_d=0.0420 m min_d=0.0420 m
episode=1945 steps=05 success=1 return=  -4.000 final_d=0.0273 m min_d=0.0273 m
episode=1946 steps=05 success=1 return=  -4.371 final_d=0.0268 m min_d=0.0268 m
episode=1947 steps=06 success=1 return=  -5.400 final_d=0.0437 m min_d=0.0437 m
episode=1948 steps=05 success=1 return=  -4.538 final_d=0.0298 m min_d=0.0298 m
episode=1949 steps=07 success=1 return=  -6.815 final_d=0.0421 m min_d=0.0421 m
episode=1950 steps=50 success=0 return= -51.105 final_d=0.0865 m min_d=0.0699 m
episode=1951 steps=05 success=1 return=  -5.364 final_d=0.0413 m min_d=0.0413 m
episode=1952 steps=06 success=1 return=  -5.000 final_d=0.0400 m min_d=0.0400 m
episode=1953 steps=05 success=1 return=  -4.000 final_d=0.0055 m min_d=0.0055 m
episode=1954 steps=06 success=1 return=  -5.435 final_d=0.0352 m min_d=0.0352 m
episode=1955 steps=07 success=1 return=  -7.543 final_d=0.0238 m min_d=0.0238 m
episode=1956 steps=08 success=1 return=  -8.663 final_d=0.0386 m min_d=0.0386 m
episode=1957 steps=07 success=1 return=  -6.000 final_d=0.0343 m min_d=0.0343 m
episode=1958 steps=05 success=1 return=  -4.000 final_d=0.0413 m min_d=0.0413 m
episode=1959 steps=50 success=0 return= -50.610 final_d=0.0653 m min_d=0.0652 m
episode=1960 steps=07 success=1 return=  -6.903 final_d=0.0492 m min_d=0.0492 m
episode=1961 steps=09 success=1 return=  -9.821 final_d=0.0283 m min_d=0.0283 m
episode=1962 steps=06 success=1 return=  -5.306 final_d=0.0361 m min_d=0.0361 m
episode=1963 steps=09 success=1 return=  -9.308 final_d=0.0137 m min_d=0.0137 m
episode=1964 steps=08 success=1 return=  -8.095 final_d=0.0497 m min_d=0.0497 m
episode=1965 steps=09 success=1 return=  -9.689 final_d=0.0448 m min_d=0.0448 m
episode=1966 steps=17 success=1 return= -16.423 final_d=0.0188 m min_d=0.0188 m
episode=1967 steps=01 success=1 return=   0.000 final_d=0.0359 m min_d=0.0359 m
episode=1968 steps=09 success=1 return=  -8.937 final_d=0.0421 m min_d=0.0421 m
episode=1969 steps=05 success=1 return=  -4.874 final_d=0.0340 m min_d=0.0340 m
episode=1970 steps=50 success=0 return= -50.575 final_d=0.0864 m min_d=0.0864 m
episode=1971 steps=50 success=0 return= -50.857 final_d=0.0901 m min_d=0.0900 m
episode=1972 steps=05 success=1 return=  -4.540 final_d=0.0371 m min_d=0.0371 m
episode=1973 steps=04 success=1 return=  -3.000 final_d=0.0275 m min_d=0.0275 m
episode=1974 steps=05 success=1 return=  -4.090 final_d=0.0493 m min_d=0.0493 m
episode=1975 steps=05 success=1 return=  -4.938 final_d=0.0284 m min_d=0.0284 m
episode=1976 steps=05 success=1 return=  -4.000 final_d=0.0133 m min_d=0.0133 m
episode=1977 steps=07 success=1 return=  -6.825 final_d=0.0347 m min_d=0.0347 m
episode=1978 steps=08 success=1 return=  -7.965 final_d=0.0197 m min_d=0.0197 m
episode=1979 steps=08 success=1 return=  -8.112 final_d=0.0358 m min_d=0.0358 m
episode=1980 steps=50 success=0 return= -52.468 final_d=0.1119 m min_d=0.0864 m
episode=1981 steps=06 success=1 return=  -5.000 final_d=0.0207 m min_d=0.0207 m
episode=1982 steps=04 success=1 return=  -3.000 final_d=0.0242 m min_d=0.0242 m
episode=1983 steps=01 success=1 return=   0.000 final_d=0.0101 m min_d=0.0101 m
episode=1984 steps=09 success=1 return=  -9.918 final_d=0.0291 m min_d=0.0291 m
episode=1985 steps=05 success=1 return=  -4.000 final_d=0.0163 m min_d=0.0163 m
episode=1986 steps=50 success=0 return= -50.104 final_d=0.0773 m min_d=0.0590 m
episode=1987 steps=04 success=1 return=  -3.000 final_d=0.0153 m min_d=0.0153 m
episode=1988 steps=05 success=1 return=  -4.000 final_d=0.0160 m min_d=0.0160 m
episode=1989 steps=04 success=1 return=  -3.000 final_d=0.0485 m min_d=0.0485 m
episode=1990 steps=08 success=1 return=  -7.000 final_d=0.0478 m min_d=0.0478 m
episode=1991 steps=11 success=1 return= -10.000 final_d=0.0457 m min_d=0.0457 m
episode=1992 steps=50 success=0 return= -50.519 final_d=0.0873 m min_d=0.0840 m
episode=1993 steps=07 success=1 return=  -6.780 final_d=0.0400 m min_d=0.0400 m
episode=1994 steps=08 success=1 return=  -7.603 final_d=0.0190 m min_d=0.0190 m
episode=1995 steps=09 success=1 return=  -9.839 final_d=0.0208 m min_d=0.0208 m
episode=1996 steps=05 success=1 return=  -4.338 final_d=0.0349 m min_d=0.0349 m
episode=1997 steps=01 success=1 return=   0.000 final_d=0.0344 m min_d=0.0344 m
episode=1998 steps=04 success=1 return=  -3.000 final_d=0.0429 m min_d=0.0429 m
episode=1999 steps=05 success=1 return=  -4.000 final_d=0.0269 m min_d=0.0269 m
summary episodes=2000 success_rate=0.893 mean_final_d=0.0386 m mean_min_d=0.0369 m
results=C:\Users\HSN5WX\Desktop\Projects\franka_control\inference_results_2000.csv
